-- MySQL dump 10.13  Distrib 8.4.7, for Linux (x86_64)
--
-- Host: localhost    Database: bharat_db
-- ------------------------------------------------------
-- Server version	8.4.7-0ubuntu0.25.10.3

/*!40101 SET @OLD_CHARACTER_SET_CLIENT=@@CHARACTER_SET_CLIENT */;
/*!40101 SET @OLD_CHARACTER_SET_RESULTS=@@CHARACTER_SET_RESULTS */;
/*!40101 SET @OLD_COLLATION_CONNECTION=@@COLLATION_CONNECTION */;
/*!50503 SET NAMES utf8mb4 */;
/*!40103 SET @OLD_TIME_ZONE=@@TIME_ZONE */;
/*!40103 SET TIME_ZONE='+00:00' */;
/*!40014 SET @OLD_UNIQUE_CHECKS=@@UNIQUE_CHECKS, UNIQUE_CHECKS=0 */;
/*!40014 SET @OLD_FOREIGN_KEY_CHECKS=@@FOREIGN_KEY_CHECKS, FOREIGN_KEY_CHECKS=0 */;
/*!40101 SET @OLD_SQL_MODE=@@SQL_MODE, SQL_MODE='NO_AUTO_VALUE_ON_ZERO' */;
/*!40111 SET @OLD_SQL_NOTES=@@SQL_NOTES, SQL_NOTES=0 */;

--
-- Table structure for table `about_core_value_sections`
--

DROP TABLE IF EXISTS `about_core_value_sections`;
/*!40101 SET @saved_cs_client     = @@character_set_client */;
/*!50503 SET character_set_client = utf8mb4 */;
CREATE TABLE `about_core_value_sections` (
  `id` bigint unsigned NOT NULL AUTO_INCREMENT,
  `badge` varchar(100) COLLATE utf8mb4_unicode_ci DEFAULT NULL,
  `title` varchar(200) COLLATE utf8mb4_unicode_ci NOT NULL,
  `subtitle` varchar(200) COLLATE utf8mb4_unicode_ci DEFAULT NULL,
  `description` text COLLATE utf8mb4_unicode_ci,
  `sort_order` int NOT NULL DEFAULT '1',
  `is_active` tinyint(1) NOT NULL DEFAULT '1',
  `created_at` timestamp NULL DEFAULT NULL,
  `updated_at` timestamp NULL DEFAULT NULL,
  PRIMARY KEY (`id`)
) ENGINE=InnoDB AUTO_INCREMENT=2 DEFAULT CHARSET=utf8mb4 COLLATE=utf8mb4_unicode_ci;
/*!40101 SET character_set_client = @saved_cs_client */;

--
-- Dumping data for table `about_core_value_sections`
--

LOCK TABLES `about_core_value_sections` WRITE;
/*!40000 ALTER TABLE `about_core_value_sections` DISABLE KEYS */;
INSERT INTO `about_core_value_sections` VALUES (1,'about','Core values',NULL,'The foundation of our approach\r\nto research and responsibility.',1,1,'2025-12-13 04:20:43','2025-12-13 04:22:30');
/*!40000 ALTER TABLE `about_core_value_sections` ENABLE KEYS */;
UNLOCK TABLES;

--
-- Table structure for table `about_core_values`
--

DROP TABLE IF EXISTS `about_core_values`;
/*!40101 SET @saved_cs_client     = @@character_set_client */;
/*!50503 SET character_set_client = utf8mb4 */;
CREATE TABLE `about_core_values` (
  `id` bigint unsigned NOT NULL AUTO_INCREMENT,
  `section_id` bigint unsigned NOT NULL,
  `icon` varchar(100) COLLATE utf8mb4_unicode_ci DEFAULT NULL,
  `title` varchar(150) COLLATE utf8mb4_unicode_ci NOT NULL,
  `description` text COLLATE utf8mb4_unicode_ci NOT NULL,
  `sort_order` int NOT NULL DEFAULT '0',
  `is_active` tinyint(1) NOT NULL DEFAULT '1',
  `created_at` timestamp NULL DEFAULT NULL,
  `updated_at` timestamp NULL DEFAULT NULL,
  PRIMARY KEY (`id`),
  KEY `about_core_values_section_id_foreign` (`section_id`),
  CONSTRAINT `about_core_values_section_id_foreign` FOREIGN KEY (`section_id`) REFERENCES `about_core_value_sections` (`id`) ON DELETE CASCADE
) ENGINE=InnoDB AUTO_INCREMENT=9 DEFAULT CHARSET=utf8mb4 COLLATE=utf8mb4_unicode_ci;
/*!40101 SET character_set_client = @saved_cs_client */;

--
-- Dumping data for table `about_core_values`
--

LOCK TABLES `about_core_values` WRITE;
/*!40000 ALTER TABLE `about_core_values` DISABLE KEYS */;
INSERT INTO `about_core_values` VALUES (4,1,'<i class=\"fa-solid fa-shield\"></i>','Responsibility','Every recommendation is shared with user protection and regulatory compliance in mind.',0,1,'2026-01-09 06:26:44','2026-01-09 06:50:29'),(5,1,'<i class=\"fa-solid fa-bullseye\"></i>','Accuracy','Insights are backed by market research — never by speculation.',0,1,'2026-01-09 06:27:01','2026-01-09 06:50:57'),(6,1,'<i class=\"fa-solid fa-layer-group\"></i>','Transparency','Users always know what they’re getting — no hidden agendas, no unrealistic claims.',0,1,'2026-01-09 06:27:15','2026-01-09 06:51:53'),(7,1,'<i class=\"fa-solid fa-globe\"></i>','Continuous Learning','The market evolves — and so do we, improving our research and communication every day.',0,1,'2026-01-09 06:27:31','2026-01-09 06:51:27');
/*!40000 ALTER TABLE `about_core_values` ENABLE KEYS */;
UNLOCK TABLES;

--
-- Table structure for table `about_mission_values`
--

DROP TABLE IF EXISTS `about_mission_values`;
/*!40101 SET @saved_cs_client     = @@character_set_client */;
/*!50503 SET character_set_client = utf8mb4 */;
CREATE TABLE `about_mission_values` (
  `id` bigint unsigned NOT NULL AUTO_INCREMENT,
  `badge` varchar(100) COLLATE utf8mb4_unicode_ci DEFAULT NULL,
  `title` varchar(200) COLLATE utf8mb4_unicode_ci DEFAULT NULL,
  `mission_text` text COLLATE utf8mb4_unicode_ci NOT NULL,
  `short_description` text COLLATE utf8mb4_unicode_ci,
  `sort_order` int NOT NULL DEFAULT '1',
  `is_active` tinyint(1) NOT NULL DEFAULT '1',
  `created_at` timestamp NULL DEFAULT NULL,
  `updated_at` timestamp NULL DEFAULT NULL,
  PRIMARY KEY (`id`)
) ENGINE=InnoDB AUTO_INCREMENT=3 DEFAULT CHARSET=utf8mb4 COLLATE=utf8mb4_unicode_ci;
/*!40101 SET character_set_client = @saved_cs_client */;

--
-- Dumping data for table `about_mission_values`
--

LOCK TABLES `about_mission_values` WRITE;
/*!40000 ALTER TABLE `about_mission_values` DISABLE KEYS */;
INSERT INTO `about_mission_values` VALUES (1,'Mission','Our Mission','To empower retail investors with reliable market insights that help them make informed and responsible trading decisions.','Simple and trusted stock research',1,1,'2025-12-13 04:08:41','2026-01-09 06:24:40');
/*!40000 ALTER TABLE `about_mission_values` ENABLE KEYS */;
UNLOCK TABLES;

--
-- Table structure for table `about_why_platform_contents`
--

DROP TABLE IF EXISTS `about_why_platform_contents`;
/*!40101 SET @saved_cs_client     = @@character_set_client */;
/*!50503 SET character_set_client = utf8mb4 */;
CREATE TABLE `about_why_platform_contents` (
  `id` bigint unsigned NOT NULL AUTO_INCREMENT,
  `section_id` bigint unsigned NOT NULL,
  `content` text COLLATE utf8mb4_unicode_ci NOT NULL,
  `sort_order` int NOT NULL DEFAULT '0',
  `is_active` tinyint(1) NOT NULL DEFAULT '1',
  `created_at` timestamp NULL DEFAULT NULL,
  `updated_at` timestamp NULL DEFAULT NULL,
  PRIMARY KEY (`id`),
  KEY `about_why_platform_contents_section_id_foreign` (`section_id`),
  CONSTRAINT `about_why_platform_contents_section_id_foreign` FOREIGN KEY (`section_id`) REFERENCES `about_why_platform_sections` (`id`) ON DELETE CASCADE
) ENGINE=InnoDB AUTO_INCREMENT=27 DEFAULT CHARSET=utf8mb4 COLLATE=utf8mb4_unicode_ci;
/*!40101 SET character_set_client = @saved_cs_client */;

--
-- Dumping data for table `about_why_platform_contents`
--

LOCK TABLES `about_why_platform_contents` WRITE;
/*!40000 ALTER TABLE `about_why_platform_contents` DISABLE KEYS */;
INSERT INTO `about_why_platform_contents` VALUES (26,1,'<p>We saw this struggle every day.</p><p>So, we built a platform that focuses on what truly matters:</p><p><br></p><ul><li>Solid research</li><li>Clear communication</li><li>Timely updates</li><li>Responsible guidance</li></ul><p><br></p><p>Not hype.</p><p> Not promises.</p><p> Just insights backed by work that happens quietly behind the scenes so you can make decisions with confidence.</p><h3><strong>Our Goal is Simple</strong></h3><p>Help you understand the market better than yesterday.</p>',0,1,'2026-01-09 06:30:48','2026-01-09 06:30:48');
/*!40000 ALTER TABLE `about_why_platform_contents` ENABLE KEYS */;
UNLOCK TABLES;

--
-- Table structure for table `about_why_platform_sections`
--

DROP TABLE IF EXISTS `about_why_platform_sections`;
/*!40101 SET @saved_cs_client     = @@character_set_client */;
/*!50503 SET character_set_client = utf8mb4 */;
CREATE TABLE `about_why_platform_sections` (
  `id` bigint unsigned NOT NULL AUTO_INCREMENT,
  `badge` varchar(150) COLLATE utf8mb4_unicode_ci DEFAULT NULL,
  `heading` text COLLATE utf8mb4_unicode_ci NOT NULL,
  `image` varchar(255) COLLATE utf8mb4_unicode_ci DEFAULT NULL,
  `subheading` varchar(200) COLLATE utf8mb4_unicode_ci DEFAULT NULL,
  `closing_text` text COLLATE utf8mb4_unicode_ci,
  `sort_order` int NOT NULL DEFAULT '1',
  `is_active` tinyint(1) NOT NULL DEFAULT '1',
  `created_at` timestamp NULL DEFAULT NULL,
  `updated_at` timestamp NULL DEFAULT NULL,
  PRIMARY KEY (`id`)
) ENGINE=InnoDB AUTO_INCREMENT=5 DEFAULT CHARSET=utf8mb4 COLLATE=utf8mb4_unicode_ci;
/*!40101 SET character_set_client = @saved_cs_client */;

--
-- Dumping data for table `about_why_platform_sections`
--

LOCK TABLES `about_why_platform_sections` WRITE;
/*!40000 ALTER TABLE `about_why_platform_sections` DISABLE KEYS */;
INSERT INTO `about_why_platform_sections` VALUES (1,'about','The stock market is full of information — but not all of it is useful. Most retail investors feel lost trying to separate noise from knowledge.',NULL,'WHY WE BUILT THIS PLATFORM',NULL,0,1,'2025-12-13 04:35:53','2025-12-13 06:12:26');
/*!40000 ALTER TABLE `about_why_platform_sections` ENABLE KEYS */;
UNLOCK TABLES;

--
-- Table structure for table `announcements`
--

DROP TABLE IF EXISTS `announcements`;
/*!40101 SET @saved_cs_client     = @@character_set_client */;
/*!50503 SET character_set_client = utf8mb4 */;
CREATE TABLE `announcements` (
  `id` bigint unsigned NOT NULL AUTO_INCREMENT,
  `title` varchar(255) COLLATE utf8mb4_unicode_ci NOT NULL,
  `type` varchar(255) COLLATE utf8mb4_unicode_ci NOT NULL,
  `content` text COLLATE utf8mb4_unicode_ci NOT NULL,
  `detail` longtext COLLATE utf8mb4_unicode_ci NOT NULL,
  `published_at` timestamp NOT NULL DEFAULT CURRENT_TIMESTAMP,
  `is_active` tinyint(1) NOT NULL DEFAULT '1',
  `created_at` timestamp NULL DEFAULT NULL,
  `updated_at` timestamp NULL DEFAULT NULL,
  PRIMARY KEY (`id`),
  KEY `announcements_type_index` (`type`)
) ENGINE=InnoDB AUTO_INCREMENT=5 DEFAULT CHARSET=utf8mb4 COLLATE=utf8mb4_unicode_ci;
/*!40101 SET character_set_client = @saved_cs_client */;

--
-- Dumping data for table `announcements`
--

LOCK TABLES `announcements` WRITE;
/*!40000 ALTER TABLE `announcements` DISABLE KEYS */;
INSERT INTO `announcements` VALUES (1,'New Notification Center & Learning modules','Features','Now Track all Alerts in one place and learn logic behind each tip via structured modules.','Scheduled between 11.30 PM and 12.30 PM on Sunday night. During the time: \n\n • Exist logged-in users may experience brief disconnects \n • New logins and KYC documents uploads may be temporarily unavailable.','2026-01-30 09:54:25',1,'2026-01-30 09:54:25','2026-01-30 09:54:25'),(2,'Change in Package bill Cycle','Service Update','Monthly plans now renew exactly 30 days from activation time for more transparent bills.','Your billing cycle has been updated to provide better transparency. No action is required from your side.','2026-01-28 09:54:25',1,'2026-01-30 09:54:25','2026-01-30 09:54:25'),(3,'Plan maintenance window','Others','Short maintenance window this weekend; reading access stays on, but new logins will be restricted.','We are performing routine server maintenance to improve performance.','2026-01-27 09:54:25',1,'2026-01-30 09:54:25','2026-01-30 09:54:25'),(4,'Test Announcement Title edit','Others','Short Summary (Visible in the list view)Short Summary (Visible in the list view)Short Summary (Visible in the list view)Short Summary (Visible in the list view)Short Summary (Visible in the list view)Short Summary (Visible in the list view)Short Summary (','Short Summary (Visible in the list view)Short Summary (Visible in the list view)Short Summary (Visible in the list view)Short Summary (Visible in the list view)Short Summary (Visible in the list view)Short Summary (Visible in the list view)Short Summary (Visible in the list view)Short Summary (Visible in the list view)Short Summary (Visible in the list view)Short Summary (Visible in the list view)Short Summary (Visible in the list view)Short Summary (Visible in the list view)Short Summary (Visible in the list view)Short Summary (Visible in the list view)Short Summary (Visible in the list view)Short Summary (Visible in the list view)Short Summary (Visible in the list view)Short Summary (Visible in the list view)Short Summary (Visible in the list view)Short Summary (Visible in the list view)Short Summary (Visible in the list view)Short Summary (Visible in the list view)Short Summary (Visible in the list view)Short Summary (Visible in the list view)Short Summary (Visible in the list view)Short Summary (Visible in the list view)Short Summary (Visible in the list view)','2026-01-30 10:27:00',1,'2026-01-30 10:27:00','2026-01-30 10:27:25');
/*!40000 ALTER TABLE `announcements` ENABLE KEYS */;
UNLOCK TABLES;

--
-- Table structure for table `blog_categories`
--

DROP TABLE IF EXISTS `blog_categories`;
/*!40101 SET @saved_cs_client     = @@character_set_client */;
/*!50503 SET character_set_client = utf8mb4 */;
CREATE TABLE `blog_categories` (
  `id` bigint unsigned NOT NULL AUTO_INCREMENT,
  `name` varchar(255) COLLATE utf8mb4_unicode_ci NOT NULL,
  `slug` varchar(255) COLLATE utf8mb4_unicode_ci NOT NULL,
  `created_at` timestamp NULL DEFAULT NULL,
  `updated_at` timestamp NULL DEFAULT NULL,
  PRIMARY KEY (`id`),
  UNIQUE KEY `blog_categories_slug_unique` (`slug`)
) ENGINE=InnoDB AUTO_INCREMENT=5 DEFAULT CHARSET=utf8mb4 COLLATE=utf8mb4_unicode_ci;
/*!40101 SET character_set_client = @saved_cs_client */;

--
-- Dumping data for table `blog_categories`
--

LOCK TABLES `blog_categories` WRITE;
/*!40000 ALTER TABLE `blog_categories` DISABLE KEYS */;
INSERT INTO `blog_categories` VALUES (1,'Stock Market Insights','stock-market-insights','2025-12-05 05:45:36','2025-12-05 05:45:36'),(4,'Knowledgebase','knowledgebase','2026-01-15 18:28:07','2026-01-15 18:28:07');
/*!40000 ALTER TABLE `blog_categories` ENABLE KEYS */;
UNLOCK TABLES;

--
-- Table structure for table `blogs`
--

DROP TABLE IF EXISTS `blogs`;
/*!40101 SET @saved_cs_client     = @@character_set_client */;
/*!50503 SET character_set_client = utf8mb4 */;
CREATE TABLE `blogs` (
  `id` bigint unsigned NOT NULL AUTO_INCREMENT,
  `category_id` bigint unsigned NOT NULL,
  `title` varchar(255) COLLATE utf8mb4_unicode_ci NOT NULL,
  `slug` varchar(255) COLLATE utf8mb4_unicode_ci NOT NULL,
  `short_description` text COLLATE utf8mb4_unicode_ci,
  `content` longtext COLLATE utf8mb4_unicode_ci,
  `content_json` longtext COLLATE utf8mb4_unicode_ci,
  `meta_title` varchar(255) COLLATE utf8mb4_unicode_ci DEFAULT NULL,
  `meta_description` text COLLATE utf8mb4_unicode_ci,
  `meta_keywords` text COLLATE utf8mb4_unicode_ci,
  `reading_time` int DEFAULT NULL,
  `is_featured` tinyint(1) NOT NULL DEFAULT '0',
  `status` enum('draft','published') COLLATE utf8mb4_unicode_ci NOT NULL DEFAULT 'draft',
  `published_at` timestamp NULL DEFAULT NULL,
  `scheduled_for` timestamp NULL DEFAULT NULL,
  `view_count` bigint unsigned NOT NULL DEFAULT '0',
  `like_count` bigint unsigned NOT NULL DEFAULT '0',
  `share_count` bigint unsigned NOT NULL DEFAULT '0',
  `canonical_url` varchar(255) COLLATE utf8mb4_unicode_ci DEFAULT NULL,
  `table_of_contents` longtext CHARACTER SET utf8mb4 COLLATE utf8mb4_bin,
  `deleted_at` timestamp NULL DEFAULT NULL,
  `created_at` timestamp NULL DEFAULT NULL,
  `updated_at` timestamp NULL DEFAULT NULL,
  PRIMARY KEY (`id`),
  UNIQUE KEY `blogs_slug_unique` (`slug`),
  KEY `blogs_category_id_foreign` (`category_id`),
  CONSTRAINT `blogs_category_id_foreign` FOREIGN KEY (`category_id`) REFERENCES `blog_categories` (`id`) ON DELETE CASCADE,
  CONSTRAINT `blogs_chk_1` CHECK (json_valid(`table_of_contents`))
) ENGINE=InnoDB AUTO_INCREMENT=8 DEFAULT CHARSET=utf8mb4 COLLATE=utf8mb4_unicode_ci;
/*!40101 SET character_set_client = @saved_cs_client */;

--
-- Dumping data for table `blogs`
--

LOCK TABLES `blogs` WRITE;
/*!40000 ALTER TABLE `blogs` DISABLE KEYS */;
INSERT INTO `blogs` VALUES (2,1,'5 Key Metrics Every Investor Should Know Before Picking a Stock','Stock Market','Stock market insights are actionable intelligence derived from analyzing market data, trends, and company fundamentals to make informed investment decisions.','<p><s>newly content</s> <em>edited </em>by the <em><strong>content text editor</strong></em></p>',NULL,'\"Meta (META) Stock: AI Success Driving Record Rally.','Perspiciatis aliquam qui animi in fugit','\"Soluta id aut est ac\"',92,1,'published','2025-09-22 11:45:00',NULL,19,0,0,'https://www.wiqyzyqel.com',NULL,NULL,'2025-12-07 22:28:27','2026-01-25 13:41:08'),(3,1,'Rupee holds steady against US Dollar amid mixed market signals','rupee-holds-steady-against-us-dollar-amid-mixed-market-signals','Currency traders monitor crude oil prices and FII activity closely','<h1><strong>Understanding the Numbers</strong></h1>\r\n\r\n<p>Knowing what to measure is essential when you&#39;re growing a product. Metrics like churn, lifetime value, and customer acquisition cost offer powerful insights into the health of your business. Without these numbers, decisions are just guesses.</p>\r\n\r\n<h1><strong>The Metrics That Matter</strong></h1>\r\n\r\n<p>While there are many metrics to choose from, not all carry equal weight. Prioritize user engagement, conversion rates, and feature usage to truly understand how your product delivers value. These indicators guide you toward meaningful action.</p>\r\n\r\n<h1><strong>Applying the Insights</strong></h1>\r\n\r\n<p>Tracking metrics is only half the equation&mdash;what you do with them matters more. Use your data to validate ideas, improve user experiences, and spot areas of opportunity. Regular reviews lead to smarter decisions and more focused growth.</p>\r\n\r\n<h2>Bharat Stock Market Research</h2>\r\n\r\n<p>&nbsp;</p>\r\n\r\n<h3>&nbsp;</h3>',NULL,'Rupee holds steady against US Dollar amid mixed market signa','Rupee holds steady  against US Dollar amid mixed market signa','\"Rupee holds steady\"',5,1,'published','2025-12-08 06:30:00',NULL,43,0,0,'https://example.com/my-first-blog',NULL,NULL,'2025-12-08 01:00:52','2026-01-28 06:04:02'),(4,1,'Market opens higher as global cues remain positive','market-opens-higher-as-global-cues-remain-positive','Buying interest seen in banking and IT stocks during early trade','<h1><strong>Understanding the Numbers</strong></h1>\r\n\r\n<h3 style=\"color:#aaaaaa;font-style:italic;\">Knowing what to measure is essential when you&#39;re growing a product. Metrics like churn, lifetime value, and customer acquisition cost offer powerful insights into the health of your business. Without these numbers, decisions are just guesses.</h3>\r\n\r\n<h1><strong>The Metrics That Matter</strong></h1>\r\n\r\n<h3 style=\"color:#aaaaaa;font-style:italic;\">While there are many metrics to choose from, not all carry equal weight. Prioritize user engagement, conversion rates, and feature usage to truly understand how your product delivers value. These indicators guide you toward meaningful action.</h3>\r\n\r\n<h1><strong>Applying the Insights</strong></h1>\r\n\r\n<h3 style=\"color:#aaaaaa;font-style:italic;\">Tracking metrics is only half the equation&mdash;what you do with them matters more. Use your data to validate ideas, improve user experiences, and spot areas of opportunity. Regular reviews lead to smarter decisions and more focused growth.</h3>\r\n\r\n<h2>Bharat Stock Market Research</h2>\r\n\r\n<p>&nbsp;</p>',NULL,'Market Opens higher as global cues remain positive','Buying interest seen in banking and IT stocks during early trade','\"Market Opens\"',1,1,'published','2026-01-09 13:43:00',NULL,17,0,0,NULL,NULL,NULL,'2025-12-31 14:41:53','2026-01-28 06:03:58'),(6,4,'Share Market','share-market','शेयर बाज़ार','<p>💡 शेयर बाज़ार&nbsp;<br />\r\nभारत में, स्टॉक मार्केट संस्थागत और खुदरा निवेशकों के बीच निवेश का एक लोकप्रिय माध्यम है। इसके अलावा, भारतीय शेयर बाज़ार विदेशों के निवेशकों के बीच भी लोकप्रिय है क्योंकि यह उच्च रिटर्न के अवसर प्रदान करता है।<br />\r\nबाज़ार का सार और उद्देश्य<br />\r\n&bull; बाज़ार में कई तरह की परिसंपत्तियाँ (assets) शामिल हैं जिन्हें खरीदा और बेचा जा सकता है। इनमें स्टॉक्स (शेयर), बॉन्ड्स, डेरिवेटिव्स और ईटीएफ (ETFs) शामिल हैं।<br />\r\n&bull; इनका व्यापार एक स्टॉक एक्सचेंज पर किया जाता है जहाँ कीमतें मांग और आपूर्ति की बाज़ार शक्तियों द्वारा नियंत्रित होती हैं।<br />\r\n&bull; बाज़ार का एक प्राथमिक उद्देश्य कंपनियों और निवेशकों को एक साथ लाना है।<br />\r\no कंपनियाँ बाज़ार में शेयर बेचकर विस्तार और अन्य व्यावसायिक गतिविधियों के लिए धन जुटाना चाहती हैं।<br />\r\no वहीं, निवेशक इन शेयरों पर लाभ कमाने के लिए बाज़ार में आते हैं।<br />\r\n&bull; इस वित्तीय बाज़ार का नियामक (Regulator) भारतीय प्रतिभूति और विनिमय बोर्ड (Securities and Exchange Board of India - SEBI) है।<br />\r\nस्टॉक एक्सचेंज और ट्रेडिंग<br />\r\n&bull; भारत में मुख्य रूप से दो प्रमुख स्टॉक एक्सचेंज हैं: बॉम्बे स्टॉक एक्सचेंज (Bombay Stock Exchange - BSE) और नेशनल स्टॉक एक्सचेंज (National Stock Exchange - NSE)।<br />\r\n&bull; निवेशक इन एक्सचेंजों पर या तो लघु अवधि (ऋण निवेश - debt investment) या दीर्घकालिक (इक्विटी निवेश - equity investments) के लिए व्यापार कर सकते हैं।<br />\r\n&bull; कंपनी के शेयरों में शुरू में निवेश करने के दो तरीके हैं:<br />\r\n1. IPO (प्रारंभिक सार्वजनिक पेशकश): कंपनी के IPO की सदस्यता लेना, जिसके लिए ₹2 लाख से अधिक का निवेश आवश्यक है।<br />\r\n2. FPO (फॉलो-ऑन पब्लिक ऑफर): वैकल्पिक रूप से, आप FPO में भाग ले सकते हैं, जिसके लिए ₹1 लाख से अधिक का निवेश आवश्यक है।<br />\r\n&bull; शेयर बाज़ार के कारोबार से कमाने का सबसे अच्छा तरीका, उनके खरीद और बिक्री मूल्य के अंतर को जेब में डालने के अलावा, लाभांश (dividends) है जो कंपनी के मुनाफे पर आधारित होते हैं।<br />\r\n&bull; दिलचस्प बात यह है कि शेयर अपने धारकों को बोर्ड सदस्य के चयन और कंपनी के फैसलों में मतदान का अधिकार (voting rights) भी प्रदान करते हैं।<br />\r\nमुख्य कार्य और बाज़ार संरचना<br />\r\n&bull; भारत में स्टॉक मार्केट एक वित्तीय मंच है जहाँ विभिन्न सार्वजनिक रूप से सूचीबद्ध कंपनियों के शेयर खरीदे और बेचे जाते हैं।<br />\r\n&bull; SEBI द्वारा विनियमित, भारतीय स्टॉक मार्केट बचत को उत्पादक निवेशों में लगाने और राष्ट्र के आर्थिक विकास में योगदान देने में महत्वपूर्ण भूमिका निभाता है।<br />\r\n&bull; सरल शब्दों में, एक स्टॉक मार्केट, या जिसे शेयर बाज़ार भी कहा जाता है, एक ऐसा बाज़ार स्थान है जहाँ खरीदार और विक्रेता व्यापार करने के लिए मिलते हैं, यानी शेयर खरीदते और बेचते हैं।<br />\r\n&bull; स्टॉक मार्केट का मुख्य उद्देश्य स्टॉक एक्सचेंज प्लेटफॉर्म के माध्यम से बचतकर्ताओं (निवेशकों) से उधार लेने वालों (कंपनियों) तक धन (पूंजी) की आवाजाही को सुविधाजनक बनाना है।<br />\r\n&bull; भारत में लगभग नौ स्टॉक एक्सचेंज हैं, जिनमें से प्राथमिक स्टॉक एक्सचेंज नेशनल स्टॉक एक्सचेंज (NSE) और बॉम्बे स्टॉक एक्सचेंज (BSE) हैं, जहाँ ट्रेडिंग इलेक्ट्रॉनिक रूप से होती है।<br />\r\n&bull; व्यक्तिगत से लेकर संस्थागत संस्थाओं तक के निवेशक, रिटर्न उत्पन्न करने के लिए बाज़ार के उतार-चढ़ाव का लाभ उठाने के उद्देश्य से स्टॉक मार्केट में भाग ले सकते हैं।<br />\r\n&bull; अन्य एक्सचेंज हैं: मल्टी-कमोडिटी एक्सचेंज (MCX); नेशनल कमोडिटी एंड डेरिवेटिव्स एक्सचेंज (NCDEX); इंडिया इंटरनेशनल एक्सचेंज (INX); NSE IFSC; इंडियन कमोडिटी एक्सचेंज (ICEX); कलकत्ता स्टॉक एक्सचेंज (CSE) और मेट्रोपॉलिटन स्टॉक एक्सचेंज (MSE)।<br />\r\n**Every effort has been made to ensure the accuracy and completeness of the information contained herein, the author(s) and publisher assume no responsibility for errors, inaccuracies, omissions, or any other inconsistencies.<br />\r\n&quot;Investment in securities market are subject to market risks. Read all the related documents carefully before investing.&quot;</p>',NULL,'शेयर बाज़ार',NULL,'[]',1,1,'published','2026-01-15 18:33:29',NULL,1,0,0,NULL,NULL,'2026-01-16 06:45:27','2026-01-15 18:33:29','2026-01-16 06:45:27'),(7,4,'bharart india','bharart-india',NULL,'<p><a href=\"http://hy.lipsum.com/\">Հայերեն</a>&nbsp;<a href=\"http://sq.lipsum.com/\">Shqip</a>&nbsp;<a href=\"http://ar.lipsum.com/\">‫العربية</a>&nbsp;<a href=\"http://bg.lipsum.com/\">Български</a>&nbsp;<a href=\"http://ca.lipsum.com/\">Catal&agrave;</a>&nbsp;<a href=\"http://cn.lipsum.com/\">中文简体</a>&nbsp;<a href=\"http://hr.lipsum.com/\">Hrvatski</a>&nbsp;<a href=\"http://cs.lipsum.com/\">Česky</a>&nbsp;<a href=\"http://da.lipsum.com/\">Dansk</a>&nbsp;<a href=\"http://nl.lipsum.com/\">Nederlands</a>&nbsp;<a href=\"http://www.lipsum.com/\">English</a>&nbsp;<a href=\"http://et.lipsum.com/\">Eesti</a>&nbsp;<a href=\"http://ph.lipsum.com/\">Filipino</a>&nbsp;<a href=\"http://fi.lipsum.com/\">Suomi</a>&nbsp;<a href=\"http://fr.lipsum.com/\">Fran&ccedil;ais</a>&nbsp;<a href=\"http://ka.lipsum.com/\">ქართული</a>&nbsp;<a href=\"http://de.lipsum.com/\">Deutsch</a>&nbsp;<a href=\"http://el.lipsum.com/\">&Epsilon;&lambda;&lambda;&eta;&nu;&iota;&kappa;ά</a>&nbsp;<a href=\"http://he.lipsum.com/\">‫עברית</a>&nbsp;<a href=\"http://hi.lipsum.com/\">हिन्दी</a>&nbsp;<a href=\"http://hu.lipsum.com/\">Magyar</a>&nbsp;<a href=\"http://id.lipsum.com/\">Indonesia</a>&nbsp;<a href=\"http://it.lipsum.com/\">Italiano</a>&nbsp;<a href=\"http://lv.lipsum.com/\">Latviski</a>&nbsp;<a href=\"http://lt.lipsum.com/\">Lietuvi&scaron;kai</a>&nbsp;<a href=\"http://mk.lipsum.com/\">македонски</a>&nbsp;<a href=\"http://ms.lipsum.com/\">Melayu</a>&nbsp;<a href=\"http://no.lipsum.com/\">Norsk</a>&nbsp;<a href=\"http://pl.lipsum.com/\">Polski</a>&nbsp;<a href=\"http://pt.lipsum.com/\">Portugu&ecirc;s</a>&nbsp;<a href=\"http://ro.lipsum.com/\">Rom&acirc;na</a>&nbsp;<a href=\"http://ru.lipsum.com/\">Pyccкий</a>&nbsp;<a href=\"http://sr.lipsum.com/\">Српски</a>&nbsp;<a href=\"http://sk.lipsum.com/\">Slovenčina</a>&nbsp;<a href=\"http://sl.lipsum.com/\">Sloven&scaron;čina</a>&nbsp;<a href=\"http://es.lipsum.com/\">Espa&ntilde;ol</a>&nbsp;<a href=\"http://sv.lipsum.com/\">Svenska</a>&nbsp;<a href=\"http://th.lipsum.com/\">ไทย</a>&nbsp;<a href=\"http://tr.lipsum.com/\">T&uuml;rk&ccedil;e</a>&nbsp;<a href=\"http://uk.lipsum.com/\">Українська</a>&nbsp;<a href=\"http://vi.lipsum.com/\">Tiếng Việt</a></p>\r\n\r\n<h1>Lorem Ipsum</h1>\r\n\r\n<p>&quot;Neque porro quisquam est qui dolorem ipsum quia dolor sit amet, consectetur, adipisci velit...&quot;</p>\r\n\r\n<p>&quot;There is no one who loves pain itself, who seeks after it and wants to have it, simply because it is pain...&quot;</p>\r\n\r\n<hr />\r\n<h2>What is Lorem Ipsum?</h2>\r\n\r\n<p><strong>Lorem Ipsum</strong>&nbsp;is simply dummy text of the printing and typesetting industry. Lorem Ipsum has been the industry&#39;s standard dummy text ever since the 1500s, when an unknown printer took a galley of type and scrambled it to make a type specimen book. It has survived not only five centuries, but also the leap into electronic typesetting, remaining essentially unchanged. It was popularised in the 1960s with the release of Letraset sheets containing Lorem Ipsum passages, and more recently with desktop publishing software like Aldus PageMaker including versions of Lorem Ipsum.</p>\r\n\r\n<h2>Why do we use it?</h2>\r\n\r\n<p>It is a long established fact that a reader will be distracted by the readable content of a page when looking at its layout. The point of using Lorem Ipsum is that it has a more-or-less normal distribution of letters, as opposed to using &#39;Content here, content here&#39;, making it look like readable English. Many desktop publishing packages and web page editors now use Lorem Ipsum as their default model text, and a search for &#39;lorem ipsum&#39; will uncover many web sites still in their infancy. Various versions have evolved over the years, sometimes by accident, sometimes on purpose (injected humour and the like).</p>\r\n\r\n<p>&nbsp;</p>\r\n\r\n<h2>Where does it come from?</h2>\r\n\r\n<p>Contrary to popular belief, Lorem Ipsum is not simply random text. It has roots in a piece of classical Latin literature from 45 BC, making it over 2000 years old. Richard McClintock, a Latin professor at Hampden-Sydney College in Virginia, looked up one of the more obscure Latin words, consectetur, from a Lorem Ipsum passage, and going through the cites of the word in classical literature, discovered the undoubtable source. Lorem Ipsum comes from sections 1.10.32 and 1.10.33 of &quot;de Finibus Bonorum et Malorum&quot; (The Extremes of Good and Evil) by Cicero, written in 45 BC. This book is a treatise on the theory of ethics, very popular during the Renaissance. The first line of Lorem Ipsum, &quot;Lorem ipsum dolor sit amet..&quot;, comes from a line in section 1.10.32.</p>\r\n\r\n<p>The standard chunk of Lorem Ipsum used since the 1500s is reproduced below for those interested. Sections 1.10.32 and 1.10.33 from &quot;de Finibus Bonorum et Malorum&quot; by Cicero are also reproduced in their exact original form, accompanied by English versions from the 1914 translation by H. Rackham.</p>\r\n\r\n<h2>Where can I get some?</h2>\r\n\r\n<p>There are many variations of passages of Lorem Ipsum available, but the majority have suffered alteration in some form, by injected humour, or randomised words which don&#39;t look even slightly believable. If you are going to use a passage of Lorem Ipsum, you need to be sure there isn&#39;t anything embarrassing hidden in the middle of text. All the Lorem Ipsum generators on the Internet tend to repeat predefined chunks as necessary, making this the first true generator on the Internet. It uses a dictionary of over 200 Latin words, combined with a handful of model sentence structures, to generate Lorem Ipsum which looks reasonable. The generated Lorem Ipsum is therefore always free from repetition, injected humour, or non-characteristic words etc.</p>\r\n\r\n<table>\r\n	<tbody>\r\n		<tr>\r\n			<td rowspan=\"2\">&nbsp;</td>\r\n			<td rowspan=\"2\">\r\n			<table>\r\n				<tbody>\r\n					<tr>\r\n						<td>&nbsp;</td>\r\n						<td>paragraphs</td>\r\n					</tr>\r\n					<tr>\r\n						<td>&nbsp;</td>\r\n						<td>words</td>\r\n					</tr>\r\n					<tr>\r\n						<td>&nbsp;</td>\r\n						<td>bytes</td>\r\n					</tr>\r\n					<tr>\r\n						<td>&nbsp;</td>\r\n						<td>lists</td>\r\n					</tr>\r\n				</tbody>\r\n			</table>\r\n			</td>\r\n			<td>&nbsp;</td>\r\n			<td>Start with &#39;Lorem<br />\r\n			ipsum dolor sit amet...&#39;</td>\r\n		</tr>\r\n		<tr>\r\n			<td>&nbsp;</td>\r\n			<td>&nbsp;</td>\r\n		</tr>\r\n	</tbody>\r\n</table>\r\n\r\n<p>&nbsp;</p>\r\n\r\n<hr />\r\n<p><strong>Donate:</strong>&nbsp;If you use this site regularly and would like to help keep the site on the Internet, please consider donating a small sum to help pay for the hosting and bandwidth bill. There is no minimum donation, any sum is appreciated - click&nbsp;<a href=\"https://www.lipsum.com/donate\" target=\"_blank\">here</a>&nbsp;to donate using PayPal. Thank you for your support. Donate bitcoin: 16UQLq1HZ3CNwhvgrarV6pMoA2CDjb4tyF</p>\r\n\r\n<hr />\r\n<p><strong>Translations:</strong>&nbsp;Can you help translate this site into a foreign language ? Please email us with details if you can help.</p>\r\n\r\n<hr />\r\n<p>There is a set of mock banners available&nbsp;<a href=\"https://www.lipsum.com/banners\">here</a>&nbsp;in three colours and in a range of standard banner sizes:<br />\r\n<a href=\"https://www.lipsum.com/banners\"><img alt=\"Banners\" src=\"https://www.lipsum.com/images/banners/black_234x60.gif\" style=\"height:60px; width:234px\" /></a><a href=\"https://www.lipsum.com/banners\"><img alt=\"Banners\" src=\"https://www.lipsum.com/images/banners/grey_234x60.gif\" style=\"height:60px; width:234px\" /></a><a href=\"https://www.lipsum.com/banners\"><img alt=\"Banners\" src=\"https://www.lipsum.com/images/banners/white_234x60.gif\" style=\"height:60px; width:234px\" /></a></p>\r\n\r\n<hr />\r\n<p><a href=\"https://github.com/traviskaufman/node-lipsum\" target=\"_blank\">NodeJS</a>&nbsp;<a href=\"https://code.google.com/p/pypsum/\" target=\"_blank\">Python Interface</a>&nbsp;<a href=\"https://gtklipsum.sourceforge.net/\" target=\"_blank\">GTK Lipsum</a>&nbsp;<a href=\"https://github.com/gsavage/lorem_ipsum/tree/master\" target=\"_blank\">Rails</a>&nbsp;<a href=\"https://github.com/cerkit/LoremIpsum/\" target=\"_blank\">.NET</a></p>\r\n\r\n<hr />\r\n<hr />\r\n<h3>The standard Lorem Ipsum passage, used since the 1500s</h3>\r\n\r\n<p>&quot;Lorem ipsum dolor sit amet, consectetur adipiscing elit, sed do eiusmod tempor incididunt ut labore et dolore magna aliqua. Ut enim ad minim veniam, quis nostrud exercitation ullamco laboris nisi ut aliquip ex ea commodo consequat. Duis aute irure dolor in reprehenderit in voluptate velit esse cillum dolore eu fugiat nulla pariatur. Excepteur sint occaecat cupidatat non proident, sunt in culpa qui officia deserunt mollit anim id est laborum.&quot;</p>\r\n\r\n<h3>Section 1.10.32 of &quot;de Finibus Bonorum et Malorum&quot;, written by Cicero in 45 BC</h3>\r\n\r\n<p>&quot;Sed ut perspiciatis unde omnis iste natus error sit voluptatem accusantium doloremque laudantium, totam rem aperiam, eaque ipsa quae ab illo inventore veritatis et quasi architecto beatae vitae dicta sunt explicabo. Nemo enim ipsam voluptatem quia voluptas sit aspernatur aut odit aut fugit, sed quia consequuntur magni dolores eos qui ratione voluptatem sequi nesciunt. Neque porro quisquam est, qui dolorem ipsum quia dolor sit amet, consectetur, adipisci velit, sed quia non numquam eius modi tempora incidunt ut labore et dolore magnam aliquam quaerat voluptatem. Ut enim ad minima veniam, quis nostrum exercitationem ullam corporis suscipit laboriosam, nisi ut aliquid ex ea commodi consequatur? Quis autem vel eum iure reprehenderit qui in ea voluptate velit esse quam nihil molestiae consequatur, vel illum qui dolorem eum fugiat quo voluptas nulla pariatur?&quot;</p>\r\n\r\n<h3>1914 translation by H. Rackham</h3>\r\n\r\n<p>&quot;But I must explain to you how all this mistaken idea of denouncing pleasure and praising pain was born and I will give you a complete account of the system, and expound the actual teachings of the great explorer of the truth, the master-builder of human happiness. No one rejects, dislikes, or avoids pleasure itself, because it is pleasure, but because those who do not know how to pursue pleasure rationally encounter consequences that are extremely painful. Nor again is there anyone who loves or pursues or desires to obtain pain of itself, because it is pain, but because occasionally circumstances occur in which toil and pain can procure him some great pleasure. To take a trivial example, which of us ever undertakes laborious physical exercise, except to obtain some advantage from it? But who has any right to find fault with a man who chooses to enjoy a pleasure that has no annoying consequences, or one who avoids a pain that produces no resultant pleasure?&quot;</p>\r\n\r\n<h3>Section 1.10.33 of &quot;de Finibus Bonorum et Malorum&quot;, written by Cicero in 45 BC</h3>\r\n\r\n<p>&quot;At vero eos et accusamus et iusto odio dignissimos ducimus qui blanditiis praesentium voluptatum deleniti atque corrupti quos dolores et quas molestias excepturi sint occaecati cupiditate non provident, similique sunt in culpa qui officia deserunt mollitia animi, id est laborum et dolorum fuga. Et harum quidem rerum facilis est et expedita distinctio. Nam libero tempore, cum soluta nobis est eligendi optio cumque nihil impedit quo minus id quod maxime placeat facere possimus, omnis voluptas assumenda est, omnis dolor repellendus. Temporibus autem quibusdam et aut officiis debitis aut rerum necessitatibus saepe eveniet ut et voluptates repudiandae sint et molestiae non recusandae. Itaque earum rerum hic tenetur a sapiente delectus, ut aut reiciendis voluptatibus maiores alias consequatur aut perferendis doloribus asperiores repellat.&quot;</p>\r\n\r\n<h3>1914 translation by H. Rackham</h3>\r\n\r\n<p>&quot;On the other hand, we denounce with righteous indignation and dislike men who are so beguiled and demoralized by the charms of pleasure of the moment, so blinded by desire, that they cannot foresee the pain and trouble that are bound to ensue; and equal blame belongs to those who fail in their duty through weakness of will, which is the same as saying through shrinking from toil and pain. These cases are perfectly simple and easy to distinguish. In a free hour, when our power of choice is untrammelled and when nothing prevents our being able to do what we like best, every pleasure is to be welcomed and every pain avoided. But in certain circumstances and owing to the claims of duty or the obligations of business it will frequently occur that pleasures have to be repudiated and annoyances accepted. The wise man therefore always holds in these matters to this principle of selection: he rejects pleasures to secure other greater pleasures, or else he endures pains to avoid worse pains.&quot;</p>\r\n\r\n<hr />\r\n<p><a href=\"mailto:help@lipsum.com\">help@lipsum.com</a><br />\r\n<a href=\"https://www.lipsum.com/privacy\">Privacy Policy</a>&nbsp;&middot;&nbsp;</p>\r\n\r\n<p>&nbsp;</p>\r\n\r\n<p>&nbsp;</p>',NULL,'hfkdsfkjdshfkjds',NULL,'[]',8,0,'published','2026-01-17 17:18:06',NULL,20,0,0,NULL,NULL,NULL,'2026-01-17 17:18:06','2026-01-30 07:42:41');
/*!40000 ALTER TABLE `blogs` ENABLE KEYS */;
UNLOCK TABLES;

--
-- Table structure for table `cache`
--

DROP TABLE IF EXISTS `cache`;
/*!40101 SET @saved_cs_client     = @@character_set_client */;
/*!50503 SET character_set_client = utf8mb4 */;
CREATE TABLE `cache` (
  `key` varchar(255) COLLATE utf8mb4_unicode_ci NOT NULL,
  `value` mediumtext COLLATE utf8mb4_unicode_ci NOT NULL,
  `expiration` int NOT NULL,
  PRIMARY KEY (`key`)
) ENGINE=InnoDB DEFAULT CHARSET=utf8mb4 COLLATE=utf8mb4_unicode_ci;
/*!40101 SET character_set_client = @saved_cs_client */;

--
-- Dumping data for table `cache`
--

LOCK TABLES `cache` WRITE;
/*!40000 ALTER TABLE `cache` DISABLE KEYS */;
INSERT INTO `cache` VALUES ('bharatstockmarketresearch-cache-angel_feed','s:182:\"eyJhbGciOiJIUzUxMiJ9.eyJ1c2VybmFtZSI6Ik43NTUxNiIsImlhdCI6MTc2OTc2NzkyMywiZXhwIjoxNzY5ODU0MzIzfQ.sSlWGujiMAWGok0NHemiXqCdnUROaKLG_eOqtORmaa2dm-82sv2Q8dwXbwOoOr22w27himmC43bYnJPLqyol3Q\";',1769771223),('bharatstockmarketresearch-cache-angel_jwt','s:1254:\"eyJhbGciOiJIUzUxMiJ9.eyJ1c2VybmFtZSI6Ik43NTUxNiIsInJvbGVzIjowLCJ1c2VydHlwZSI6IlVTRVIiLCJ0b2tlbiI6ImV5SmhiR2NpT2lKU1V6STFOaUlzSW5SNWNDSTZJa3BYVkNKOS5leUoxYzJWeVgzUjVjR1VpT2lKamJHbGxiblFpTENKMGIydGxibDkwZVhCbElqb2lkSEpoWkdWZllXTmpaWE56WDNSdmEyVnVJaXdpWjIxZmFXUWlPallzSW5OdmRYSmpaU0k2SWpNaUxDSmtaWFpwWTJWZmFXUWlPaUpsTTJSbU1XRmxOeTAxWVRSaExUTm1OVEl0T0dJMU55MDRZelUxWkdJME5XRmhZV0VpTENKcmFXUWlPaUowY21Ga1pWOXJaWGxmZGpJaUxDSnZiVzVsYldGdVlXZGxjbWxrSWpvMkxDSndjbTlrZFdOMGN5STZleUprWlcxaGRDSTZleUp6ZEdGMGRYTWlPaUpoWTNScGRtVWlmU3dpYldZaU9uc2ljM1JoZEhWeklqb2lZV04wYVhabEluMTlMQ0pwYzNNaU9pSjBjbUZrWlY5c2IyZHBibDl6WlhKMmFXTmxJaXdpYzNWaUlqb2lUamMxTlRFMklpd2laWGh3SWpveE56WTVPRFUwTXpJekxDSnVZbVlpT2pFM05qazNOamMzTkRNc0ltbGhkQ0k2TVRjMk9UYzJOemMwTXl3aWFuUnBJam9pWWpWa01XVmhZelF0TjJGak1pMDBNakpsTFRoalpURXRaR0ZsWVRobU5Ea3pOR0k0SWl3aVZHOXJaVzRpT2lJaWZRLlVvdmlfemlBTFkzTGVvRjQwU0lTMzMwWDBkSVdpTFUxVlhVWWJ4UEgwVlZTM2hJazBzRW9uSFlqOFdVWDNEa21TMHd1cjE3SXdnb0RaRndfMFFlVWVIUmR3V2h0Y2xSbVJmTUJTXzFIUmw1b0lVSUNFZTY5TnhVcmZhUkdHU0xzTUFkUWZFSDdvRTBRTDZmYUltaXlKR2ZtUkVyMXUtdEY0dTNqTi1oZFo4OCIsIkFQSS1LRVkiOiJVb3FxMmhvWSIsIlgtT0xELUFQSS1LRVkiOnRydWUsImlhdCI6MTc2OTc2NzkyMywiZXhwIjoxNzY5Nzk3ODAwfQ.521kCLCPTXYsAeCADLE6o4qQfwvCyN7h9DO8ujgTXEXJDawCmoGRumw0CwYQaOV5TNMxRGCpu94m99HAfYn5aw\";',1769771223);
/*!40000 ALTER TABLE `cache` ENABLE KEYS */;
UNLOCK TABLES;

--
-- Table structure for table `cache_locks`
--

DROP TABLE IF EXISTS `cache_locks`;
/*!40101 SET @saved_cs_client     = @@character_set_client */;
/*!50503 SET character_set_client = utf8mb4 */;
CREATE TABLE `cache_locks` (
  `key` varchar(255) COLLATE utf8mb4_unicode_ci NOT NULL,
  `owner` varchar(255) COLLATE utf8mb4_unicode_ci NOT NULL,
  `expiration` int NOT NULL,
  PRIMARY KEY (`key`)
) ENGINE=InnoDB DEFAULT CHARSET=utf8mb4 COLLATE=utf8mb4_unicode_ci;
/*!40101 SET character_set_client = @saved_cs_client */;

--
-- Dumping data for table `cache_locks`
--

LOCK TABLES `cache_locks` WRITE;
/*!40000 ALTER TABLE `cache_locks` DISABLE KEYS */;
/*!40000 ALTER TABLE `cache_locks` ENABLE KEYS */;
UNLOCK TABLES;

--
-- Table structure for table `certificates`
--

DROP TABLE IF EXISTS `certificates`;
/*!40101 SET @saved_cs_client     = @@character_set_client */;
/*!50503 SET character_set_client = utf8mb4 */;
CREATE TABLE `certificates` (
  `id` bigint unsigned NOT NULL AUTO_INCREMENT,
  `user_id` bigint unsigned NOT NULL,
  `certificate_name` varchar(255) COLLATE utf8mb4_unicode_ci DEFAULT NULL,
  `certificate_number` varchar(255) COLLATE utf8mb4_unicode_ci DEFAULT NULL,
  `issued_by` varchar(255) COLLATE utf8mb4_unicode_ci DEFAULT NULL,
  `issue_date` date DEFAULT NULL,
  `expiry_date` date DEFAULT NULL,
  `file_path` varchar(255) COLLATE utf8mb4_unicode_ci DEFAULT NULL,
  `file_extension` varchar(255) COLLATE utf8mb4_unicode_ci DEFAULT NULL,
  `description` text COLLATE utf8mb4_unicode_ci,
  `status` enum('active','expired','revoked','pending') COLLATE utf8mb4_unicode_ci DEFAULT 'active',
  `created_at` timestamp NULL DEFAULT NULL,
  `updated_at` timestamp NULL DEFAULT NULL,
  PRIMARY KEY (`id`),
  KEY `certificates_user_id_foreign` (`user_id`),
  CONSTRAINT `certificates_user_id_foreign` FOREIGN KEY (`user_id`) REFERENCES `users` (`id`) ON DELETE CASCADE
) ENGINE=InnoDB AUTO_INCREMENT=3 DEFAULT CHARSET=utf8mb4 COLLATE=utf8mb4_unicode_ci;
/*!40101 SET character_set_client = @saved_cs_client */;

--
-- Dumping data for table `certificates`
--

LOCK TABLES `certificates` WRITE;
/*!40000 ALTER TABLE `certificates` DISABLE KEYS */;
INSERT INTO `certificates` VALUES (1,1,'SEBI Certificates',NULL,NULL,'2026-01-23','2050-07-07','certificates/1_1769157394.pdf','pdf',NULL,'active','2026-01-23 08:36:34','2026-01-23 08:38:27'),(2,1,'Master Gold Cert.',NULL,NULL,'2026-01-23',NULL,'certificates/1_1769161856.jpg','jpg',NULL,'active','2026-01-23 09:50:56','2026-01-23 09:50:56');
/*!40000 ALTER TABLE `certificates` ENABLE KEYS */;
UNLOCK TABLES;

--
-- Table structure for table `chat_messages`
--

DROP TABLE IF EXISTS `chat_messages`;
/*!40101 SET @saved_cs_client     = @@character_set_client */;
/*!50503 SET character_set_client = utf8mb4 */;
CREATE TABLE `chat_messages` (
  `id` bigint unsigned NOT NULL AUTO_INCREMENT,
  `from_user_id` bigint unsigned NOT NULL,
  `to_user_id` bigint unsigned NOT NULL,
  `message` text COLLATE utf8mb4_unicode_ci NOT NULL,
  `is_read` tinyint(1) NOT NULL DEFAULT '0',
  `from_role` enum('admin','user') COLLATE utf8mb4_unicode_ci NOT NULL,
  `created_at` timestamp NULL DEFAULT NULL,
  `updated_at` timestamp NULL DEFAULT NULL,
  PRIMARY KEY (`id`)
) ENGINE=InnoDB AUTO_INCREMENT=26 DEFAULT CHARSET=utf8mb4 COLLATE=utf8mb4_unicode_ci;
/*!40101 SET character_set_client = @saved_cs_client */;

--
-- Dumping data for table `chat_messages`
--

LOCK TABLES `chat_messages` WRITE;
/*!40000 ALTER TABLE `chat_messages` DISABLE KEYS */;
INSERT INTO `chat_messages` VALUES (1,1,1,'hello',1,'user','2025-12-26 04:37:26','2025-12-26 04:37:38'),(2,1,1,'new live test',1,'user','2025-12-29 13:11:12','2025-12-29 13:11:15'),(3,27,1,'hi',1,'user','2025-12-30 14:13:06','2026-01-02 07:35:29'),(4,1,1,'test new',1,'user','2026-01-02 07:33:33','2026-01-02 07:35:31'),(5,1,1,'test',1,'user','2026-01-03 13:05:26','2026-01-03 13:05:29'),(6,1,1,'hello user..',1,'admin','2026-01-03 13:05:41','2026-01-03 13:05:49'),(7,1,1,'HELLO',1,'user','2026-01-12 02:42:06','2026-01-12 02:42:38'),(8,1,27,'JFLDSFLSJFSKLJFLKS',0,'admin','2026-01-12 02:42:55','2026-01-12 02:42:55'),(9,17,1,'hello i need help',1,'user','2026-01-15 15:24:23','2026-01-15 15:26:31'),(10,17,1,'hi,i am here',1,'user','2026-01-15 15:26:39','2026-01-15 15:26:43'),(11,1,1,'fldjfldsfklsdfjls',1,'admin','2026-01-15 15:26:50','2026-01-15 15:27:35'),(12,1,17,'hello',0,'admin','2026-01-15 15:26:58','2026-01-15 15:26:58'),(13,1,17,'fldsjfldsjlfks',0,'admin','2026-01-15 15:27:04','2026-01-15 15:27:04'),(14,1,17,'fdsljflds',0,'admin','2026-01-15 15:27:05','2026-01-15 15:27:05'),(15,1,17,'jlkfjdslf',0,'admin','2026-01-15 15:27:06','2026-01-15 15:27:06'),(16,1,17,'jlksjfldsf',0,'admin','2026-01-15 15:27:07','2026-01-15 15:27:07'),(17,1,17,'sfkldsjfldsf',0,'admin','2026-01-15 15:27:07','2026-01-15 15:27:07'),(18,1,17,'sjfkladsjflds',0,'admin','2026-01-15 15:27:08','2026-01-15 15:27:08'),(19,1,17,'\'fjdslkfjadsk;lfads',0,'admin','2026-01-15 15:27:09','2026-01-15 15:27:09'),(20,1,17,'fklfjslfds',0,'admin','2026-01-15 15:27:09','2026-01-15 15:27:09'),(21,1,17,'fjsklfjdslf',0,'admin','2026-01-15 15:27:10','2026-01-15 15:27:10'),(22,17,1,'fcgjhkjh.jh',1,'user','2026-01-15 15:27:22','2026-01-15 15:27:37'),(23,17,1,'test',1,'user','2026-01-21 11:09:07','2026-01-21 11:09:12'),(24,1,17,'okk',0,'admin','2026-01-28 06:08:26','2026-01-28 06:08:26'),(25,1,17,'new not test',0,'admin','2026-01-28 06:09:29','2026-01-28 06:09:29');
/*!40000 ALTER TABLE `chat_messages` ENABLE KEYS */;
UNLOCK TABLES;

--
-- Table structure for table `contact_details`
--

DROP TABLE IF EXISTS `contact_details`;
/*!40101 SET @saved_cs_client     = @@character_set_client */;
/*!50503 SET character_set_client = utf8mb4 */;
CREATE TABLE `contact_details` (
  `id` bigint unsigned NOT NULL AUTO_INCREMENT,
  `email` varchar(255) COLLATE utf8mb4_unicode_ci DEFAULT NULL,
  `phone` varchar(255) COLLATE utf8mb4_unicode_ci DEFAULT NULL,
  `address` text COLLATE utf8mb4_unicode_ci,
  `is_active` tinyint(1) NOT NULL DEFAULT '1',
  `created_at` timestamp NULL DEFAULT NULL,
  `updated_at` timestamp NULL DEFAULT NULL,
  PRIMARY KEY (`id`)
) ENGINE=InnoDB AUTO_INCREMENT=2 DEFAULT CHARSET=utf8mb4 COLLATE=utf8mb4_unicode_ci;
/*!40101 SET character_set_client = @saved_cs_client */;

--
-- Dumping data for table `contact_details`
--

LOCK TABLES `contact_details` WRITE;
/*!40000 ALTER TABLE `contact_details` DISABLE KEYS */;
INSERT INTO `contact_details` VALUES (1,'infometawish.ai@gmail.com','9876543210','sagun arcade 7th floor office 1st near apna sweets,\r\nvijay nagar, \r\nindore',1,'2025-12-15 23:13:51','2026-01-08 04:49:29');
/*!40000 ALTER TABLE `contact_details` ENABLE KEYS */;
UNLOCK TABLES;

--
-- Table structure for table `download_app_section`
--

DROP TABLE IF EXISTS `download_app_section`;
/*!40101 SET @saved_cs_client     = @@character_set_client */;
/*!50503 SET character_set_client = utf8mb4 */;
CREATE TABLE `download_app_section` (
  `id` bigint unsigned NOT NULL AUTO_INCREMENT,
  `page_key` varchar(255) COLLATE utf8mb4_unicode_ci NOT NULL,
  `title` varchar(255) COLLATE utf8mb4_unicode_ci DEFAULT NULL,
  `heading` varchar(255) COLLATE utf8mb4_unicode_ci DEFAULT NULL,
  `description` text COLLATE utf8mb4_unicode_ci,
  `is_active` tinyint(1) NOT NULL DEFAULT '1',
  `created_at` timestamp NULL DEFAULT NULL,
  `updated_at` timestamp NULL DEFAULT NULL,
  PRIMARY KEY (`id`),
  UNIQUE KEY `download_app_section_page_key_unique` (`page_key`),
  KEY `download_app_section_page_key_index` (`page_key`)
) ENGINE=InnoDB AUTO_INCREMENT=5 DEFAULT CHARSET=utf8mb4 COLLATE=utf8mb4_unicode_ci;
/*!40101 SET character_set_client = @saved_cs_client */;

--
-- Dumping data for table `download_app_section`
--

LOCK TABLES `download_app_section` WRITE;
/*!40000 ALTER TABLE `download_app_section` DISABLE KEYS */;
INSERT INTO `download_app_section` VALUES (1,'home','Download Our App','Trade Smarter','Get insights on the go',1,'2025-12-15 06:57:48','2026-01-09 07:18:17'),(2,'about','Get the app','Still waiting to feel confident in the market?','Download the app and start getting insights that help you take action.',1,'2025-12-15 06:59:59','2025-12-15 07:01:38'),(3,'pricing',NULL,NULL,NULL,1,'2026-01-23 13:12:29','2026-01-23 13:32:29'),(4,'contact',NULL,NULL,NULL,1,'2026-01-23 13:32:37','2026-01-23 13:32:37');
/*!40000 ALTER TABLE `download_app_section` ENABLE KEYS */;
UNLOCK TABLES;

--
-- Table structure for table `failed_jobs`
--

DROP TABLE IF EXISTS `failed_jobs`;
/*!40101 SET @saved_cs_client     = @@character_set_client */;
/*!50503 SET character_set_client = utf8mb4 */;
CREATE TABLE `failed_jobs` (
  `id` bigint unsigned NOT NULL AUTO_INCREMENT,
  `uuid` varchar(255) COLLATE utf8mb4_unicode_ci NOT NULL,
  `connection` text COLLATE utf8mb4_unicode_ci NOT NULL,
  `queue` text COLLATE utf8mb4_unicode_ci NOT NULL,
  `payload` longtext COLLATE utf8mb4_unicode_ci NOT NULL,
  `exception` longtext COLLATE utf8mb4_unicode_ci NOT NULL,
  `failed_at` timestamp NOT NULL DEFAULT CURRENT_TIMESTAMP,
  PRIMARY KEY (`id`),
  UNIQUE KEY `failed_jobs_uuid_unique` (`uuid`)
) ENGINE=InnoDB DEFAULT CHARSET=utf8mb4 COLLATE=utf8mb4_unicode_ci;
/*!40101 SET character_set_client = @saved_cs_client */;

--
-- Dumping data for table `failed_jobs`
--

LOCK TABLES `failed_jobs` WRITE;
/*!40000 ALTER TABLE `failed_jobs` DISABLE KEYS */;
/*!40000 ALTER TABLE `failed_jobs` ENABLE KEYS */;
UNLOCK TABLES;

--
-- Table structure for table `faqs`
--

DROP TABLE IF EXISTS `faqs`;
/*!40101 SET @saved_cs_client     = @@character_set_client */;
/*!50503 SET character_set_client = utf8mb4 */;
CREATE TABLE `faqs` (
  `id` bigint unsigned NOT NULL AUTO_INCREMENT,
  `page_type` varchar(255) COLLATE utf8mb4_unicode_ci NOT NULL,
  `page_slug` varchar(255) COLLATE utf8mb4_unicode_ci DEFAULT NULL,
  `question` varchar(255) COLLATE utf8mb4_unicode_ci NOT NULL,
  `answer` text COLLATE utf8mb4_unicode_ci,
  `status` tinyint(1) NOT NULL DEFAULT '1',
  `sort_order` int NOT NULL DEFAULT '0',
  `created_at` timestamp NULL DEFAULT NULL,
  `updated_at` timestamp NULL DEFAULT NULL,
  PRIMARY KEY (`id`),
  KEY `faqs_page_type_page_slug_index` (`page_type`,`page_slug`)
) ENGINE=InnoDB AUTO_INCREMENT=23 DEFAULT CHARSET=utf8mb4 COLLATE=utf8mb4_unicode_ci;
/*!40101 SET character_set_client = @saved_cs_client */;

--
-- Dumping data for table `faqs`
--

LOCK TABLES `faqs` WRITE;
/*!40000 ALTER TABLE `faqs` DISABLE KEYS */;
INSERT INTO `faqs` VALUES (1,'blog',NULL,'How to analysis the trade.','The basic use to trade in the Bharat Stock Market Research helps to you.',0,1,'2025-12-12 23:04:56','2026-01-23 13:11:42'),(2,'Service',NULL,'What does this platform provide?','The platform provides stock recommendations, alerts, dashboards, and real-time market insights.',1,0,'2025-12-12 23:19:40','2025-12-12 23:40:19'),(5,'Service',NULL,'Do I need to complete KYC before accessing recommendations?','Yes, regulatory guidelines require every user to complete KYC for subscription activation.',1,0,'2025-12-12 23:41:49','2025-12-12 23:41:49'),(6,'Service',NULL,'What types of recommendations do you offer?','We provide intraday, short-term, medium-term, futures, and options-based research.',1,0,'2025-12-12 23:41:49','2025-12-12 23:41:49'),(7,'Service',NULL,'How do I receive updates when targets change?','Alerts are immediately delivered through the dashboard and notification system.',1,0,'2025-12-12 23:41:49','2025-12-12 23:41:49'),(8,'Service',NULL,'Does this platform guarantee returns? (Mandatory risk clarification)','No platform can guarantee returns. All recommendations come with inherent market risks.',1,0,'2025-12-12 23:41:49','2025-12-12 23:41:49'),(12,'home',NULL,'What does this platform provide?','This platform provides research-based stock market recommendations along with structured analysis, defined entry levels, targets, and risk parameters. It is designed to help investors make informed decisions using well-researched market insights.',1,0,'2025-12-15 01:36:26','2026-01-09 07:05:12'),(13,'home',NULL,'Do I need to complete KYC before accessing recommendations?','Yes. Completing KYC is mandatory before accessing any paid research recommendations. This ensures regulatory compliance and helps maintain transparency and investor protection as per SEBI guidelines.',1,0,'2025-12-15 01:36:53','2026-01-09 07:05:20'),(15,'blog','blog','What is your platform?','We provide stock market research.',1,1,'2025-12-16 00:30:01','2025-12-16 00:30:01'),(17,'home',NULL,'What types of recommendations do you offer?','We offer equity research recommendations including short-term, positional, and medium-term investment ideas. Each recommendation is supported by research rationale, entry price, target levels, and risk management guidelines.',1,0,'2026-01-08 16:39:22','2026-01-09 07:05:27'),(18,'home',NULL,'How do I receive updates when targets or stop-loss levels change?','All updates, including target revisions, stop-loss changes, and exits, are communicated through platform notifications and dashboard updates. This ensures timely information without relying on external channels.',1,0,'2026-01-09 07:04:21','2026-01-09 07:05:33'),(19,'home',NULL,'Does this platform guarantee returns?','No. This platform does not guarantee any returns or profits. Stock market investments are subject to market risks, and past performance is not indicative of future results. Users are advised to invest based on their own risk assessment and financial suitability.',1,0,'2026-01-09 07:04:42','2026-01-09 07:05:40');
/*!40000 ALTER TABLE `faqs` ENABLE KEYS */;
UNLOCK TABLES;

--
-- Table structure for table `footer_brand_settings`
--

DROP TABLE IF EXISTS `footer_brand_settings`;
/*!40101 SET @saved_cs_client     = @@character_set_client */;
/*!50503 SET character_set_client = utf8mb4 */;
CREATE TABLE `footer_brand_settings` (
  `id` bigint unsigned NOT NULL AUTO_INCREMENT,
  `title` varchar(255) COLLATE utf8mb4_unicode_ci DEFAULT NULL,
  `icon_svg` longtext COLLATE utf8mb4_unicode_ci,
  `description` text COLLATE utf8mb4_unicode_ci,
  `subtitle` varchar(255) COLLATE utf8mb4_unicode_ci DEFAULT NULL,
  `content` longtext COLLATE utf8mb4_unicode_ci,
  `note` varchar(255) COLLATE utf8mb4_unicode_ci DEFAULT NULL,
  `button_text` varchar(255) COLLATE utf8mb4_unicode_ci DEFAULT NULL,
  `button_link` varchar(255) COLLATE utf8mb4_unicode_ci DEFAULT NULL,
  `image` varchar(255) COLLATE utf8mb4_unicode_ci DEFAULT NULL,
  `status` tinyint(1) NOT NULL DEFAULT '1',
  `sort_order` int NOT NULL DEFAULT '1',
  `created_at` timestamp NULL DEFAULT NULL,
  `updated_at` timestamp NULL DEFAULT NULL,
  PRIMARY KEY (`id`)
) ENGINE=InnoDB AUTO_INCREMENT=2 DEFAULT CHARSET=utf8mb4 COLLATE=utf8mb4_unicode_ci;
/*!40101 SET character_set_client = @saved_cs_client */;

--
-- Dumping data for table `footer_brand_settings`
--

LOCK TABLES `footer_brand_settings` WRITE;
/*!40000 ALTER TABLE `footer_brand_settings` DISABLE KEYS */;
INSERT INTO `footer_brand_settings` VALUES (1,'Bharat Stock Market Research','<svg width=\"28\" height=\"21\" viewBox=\"0 0 28 21\" fill=\"none\" xmlns=\"http://www.w3.org/2000/svg\">\r\n<path d=\"M26.1244 21.0003C27.3531 18.8721 28 16.4578 28 14.0003C28 11.5428 27.3531 9.1286 26.1244 7.00033C24.8956 4.87206 23.1283 3.10473 21 1.87598C18.8717 0.64722 16.4575 0.000332078 14 0.000332343C11.5425 0.000332317 9.12827 0.64722 7 1.87598C4.87173 3.10473 3.1044 4.87206 1.87565 7.00033C0.646892 9.1286 3.69251e-06 11.5428 3.7701e-06 14.0003C4.90459e-06 16.4578 0.646893 18.8721 1.87565 21.0003L14 14.0003L26.1244 21.0003Z\" fill=\"#004AFF\"/>\r\n</svg>',NULL,'Save Money, Time and Efforts',NULL,NULL,NULL,NULL,NULL,1,1,'2025-12-12 03:39:21','2025-12-12 04:21:05');
/*!40000 ALTER TABLE `footer_brand_settings` ENABLE KEYS */;
UNLOCK TABLES;

--
-- Table structure for table `footer_columns`
--

DROP TABLE IF EXISTS `footer_columns`;
/*!40101 SET @saved_cs_client     = @@character_set_client */;
/*!50503 SET character_set_client = utf8mb4 */;
CREATE TABLE `footer_columns` (
  `id` bigint unsigned NOT NULL AUTO_INCREMENT,
  `title` varchar(255) COLLATE utf8mb4_unicode_ci NOT NULL,
  `sort_order` int NOT NULL DEFAULT '0',
  `status` tinyint(1) NOT NULL DEFAULT '1',
  `created_at` timestamp NULL DEFAULT NULL,
  `updated_at` timestamp NULL DEFAULT NULL,
  PRIMARY KEY (`id`)
) ENGINE=InnoDB AUTO_INCREMENT=16 DEFAULT CHARSET=utf8mb4 COLLATE=utf8mb4_unicode_ci;
/*!40101 SET character_set_client = @saved_cs_client */;

--
-- Dumping data for table `footer_columns`
--

LOCK TABLES `footer_columns` WRITE;
/*!40000 ALTER TABLE `footer_columns` DISABLE KEYS */;
INSERT INTO `footer_columns` VALUES (9,'USEFUL LINKS',0,1,'2025-12-11 03:00:31','2026-01-29 13:51:24'),(10,'LEGAL & COMPLIANCE',2,1,'2025-12-11 03:06:22','2026-01-29 13:51:24'),(11,'CUSTOMER SUPPORT',1,1,'2025-12-11 03:07:22','2026-01-29 13:51:24');
/*!40000 ALTER TABLE `footer_columns` ENABLE KEYS */;
UNLOCK TABLES;

--
-- Table structure for table `footer_links`
--

DROP TABLE IF EXISTS `footer_links`;
/*!40101 SET @saved_cs_client     = @@character_set_client */;
/*!50503 SET character_set_client = utf8mb4 */;
CREATE TABLE `footer_links` (
  `id` bigint unsigned NOT NULL AUTO_INCREMENT,
  `footer_column_id` bigint unsigned NOT NULL,
  `label` varchar(255) COLLATE utf8mb4_unicode_ci NOT NULL,
  `url` varchar(255) COLLATE utf8mb4_unicode_ci DEFAULT NULL,
  `sort_order` int NOT NULL DEFAULT '0',
  `status` tinyint(1) NOT NULL DEFAULT '1',
  `created_at` timestamp NULL DEFAULT NULL,
  `updated_at` timestamp NULL DEFAULT NULL,
  PRIMARY KEY (`id`),
  KEY `footer_links_footer_column_id_foreign` (`footer_column_id`),
  CONSTRAINT `footer_links_footer_column_id_foreign` FOREIGN KEY (`footer_column_id`) REFERENCES `footer_columns` (`id`) ON DELETE CASCADE
) ENGINE=InnoDB AUTO_INCREMENT=36 DEFAULT CHARSET=utf8mb4 COLLATE=utf8mb4_unicode_ci;
/*!40101 SET character_set_client = @saved_cs_client */;

--
-- Dumping data for table `footer_links`
--

LOCK TABLES `footer_links` WRITE;
/*!40000 ALTER TABLE `footer_links` DISABLE KEYS */;
INSERT INTO `footer_links` VALUES (11,9,'Home','/',0,1,'2025-12-11 03:06:34','2026-01-26 18:54:49'),(12,9,'About Us','/about',4,1,'2025-12-11 03:06:45','2026-01-26 18:54:49'),(13,10,'Terms & Services','/legal#terms-conditions',8,1,'2025-12-11 03:07:12','2026-01-26 18:55:27'),(14,9,'Contact Us','/contact',5,1,'2025-12-11 04:11:04','2026-01-26 18:54:49'),(15,10,'Privacy Policy','/legal#privacy-policy',2,1,'2025-12-11 04:17:42','2026-01-26 18:55:27'),(16,10,'Refund Policy','/legal#refund-policy',4,1,'2025-12-11 11:03:47','2026-01-26 18:55:27'),(17,9,'Blogs','/newsblogs',2,1,'2025-12-12 04:26:11','2026-01-26 18:54:49'),(18,11,'FAQ','/faq',0,1,'2025-12-12 04:43:38','2026-01-26 18:55:00'),(19,11,'Help Center','/helpcenter',2,1,'2025-12-12 04:43:58','2026-01-26 18:55:00'),(21,11,'Report an issue','/reportissue',3,1,'2025-12-12 04:46:08','2026-01-26 18:55:00'),(24,10,'SEBI Disclouser','/',0,1,'2026-01-12 05:22:01','2026-01-26 18:55:27'),(25,10,'Disclamer','/',1,1,'2026-01-12 05:22:16','2026-01-26 18:55:27'),(26,10,'Risk Warnings','/',3,1,'2026-01-12 05:22:46','2026-01-26 18:55:27'),(27,10,'Complaint Board','/',5,1,'2026-01-12 05:23:10','2026-01-26 18:55:27'),(28,10,'Grevience Redressal / Escalation Matrix','/',10,1,'2026-01-12 05:23:43','2026-01-26 18:55:27'),(29,10,'Investor Charter','/',6,1,'2026-01-12 05:24:04','2026-01-26 18:55:27'),(30,10,'Complaint Redressal','/',9,1,'2026-01-12 05:24:33','2026-01-26 18:55:27'),(31,9,'Plans','/',1,1,'2026-01-12 05:26:00','2026-01-26 18:54:49'),(32,9,'Calculator','/',3,1,'2026-01-12 05:26:17','2026-01-26 18:54:49'),(33,9,'Our Services','/',6,1,'2026-01-12 05:27:00','2026-01-26 18:54:49'),(34,11,'Test1','https://bharatstockmarketresearch.com/Test1',1,1,'2026-01-15 17:03:51','2026-01-26 18:55:00'),(35,10,'All Certificates','/my-certificates',7,1,'2026-01-23 10:13:03','2026-01-26 18:55:27');
/*!40000 ALTER TABLE `footer_links` ENABLE KEYS */;
UNLOCK TABLES;

--
-- Table structure for table `footer_settings`
--

DROP TABLE IF EXISTS `footer_settings`;
/*!40101 SET @saved_cs_client     = @@character_set_client */;
/*!50503 SET character_set_client = utf8mb4 */;
CREATE TABLE `footer_settings` (
  `id` bigint unsigned NOT NULL AUTO_INCREMENT,
  `email` varchar(255) COLLATE utf8mb4_unicode_ci DEFAULT NULL,
  `address` text COLLATE utf8mb4_unicode_ci,
  `phone` varchar(255) COLLATE utf8mb4_unicode_ci DEFAULT NULL,
  `copyright_text` varchar(255) COLLATE utf8mb4_unicode_ci DEFAULT NULL,
  `created_at` timestamp NULL DEFAULT NULL,
  `updated_at` timestamp NULL DEFAULT NULL,
  PRIMARY KEY (`id`)
) ENGINE=InnoDB AUTO_INCREMENT=2 DEFAULT CHARSET=utf8mb4 COLLATE=utf8mb4_unicode_ci;
/*!40101 SET character_set_client = @saved_cs_client */;

--
-- Dumping data for table `footer_settings`
--

LOCK TABLES `footer_settings` WRITE;
/*!40000 ALTER TABLE `footer_settings` DISABLE KEYS */;
INSERT INTO `footer_settings` VALUES (1,'namitarathore05071992@gmail.com','Address: 223, Qila Chawni,Near Holi Chowk Ward No. 47, Rampur Road, Bareilly Uttar Pradesh India 243001','+919457296893','© 2025 BSMR  All rights reserved','2025-12-11 01:47:04','2026-01-29 13:50:59');
/*!40000 ALTER TABLE `footer_settings` ENABLE KEYS */;
UNLOCK TABLES;

--
-- Table structure for table `footer_social_links`
--

DROP TABLE IF EXISTS `footer_social_links`;
/*!40101 SET @saved_cs_client     = @@character_set_client */;
/*!50503 SET character_set_client = utf8mb4 */;
CREATE TABLE `footer_social_links` (
  `id` bigint unsigned NOT NULL AUTO_INCREMENT,
  `label` varchar(255) COLLATE utf8mb4_unicode_ci NOT NULL,
  `icon` varchar(255) COLLATE utf8mb4_unicode_ci DEFAULT NULL,
  `url` varchar(255) COLLATE utf8mb4_unicode_ci NOT NULL,
  `sort_order` int NOT NULL DEFAULT '0',
  `status` tinyint(1) NOT NULL DEFAULT '1',
  `created_at` timestamp NULL DEFAULT NULL,
  `updated_at` timestamp NULL DEFAULT NULL,
  PRIMARY KEY (`id`)
) ENGINE=InnoDB AUTO_INCREMENT=6 DEFAULT CHARSET=utf8mb4 COLLATE=utf8mb4_unicode_ci;
/*!40101 SET character_set_client = @saved_cs_client */;

--
-- Dumping data for table `footer_social_links`
--

LOCK TABLES `footer_social_links` WRITE;
/*!40000 ALTER TABLE `footer_social_links` DISABLE KEYS */;
INSERT INTO `footer_social_links` VALUES (1,'facebook','fa-brands fa-facebook','https://www.facebook.com/people/Bharat-Stock-Market-Research/61582965945419/?mibextid=wwXIfr&rdid=Is38cMe5mOiIHGxT&share_url=https%3A%2F%2Fwww.facebook.com%2Fshare%2F15fVp2RSDb%2F%3Fmibextid%3DwwXIfr',0,1,'2025-12-11 01:49:20','2026-01-06 17:02:01'),(2,'Twitter','fa-brands fa-twitter','/twiter',1,1,'2025-12-11 01:54:24','2025-12-11 04:17:04'),(3,'Instagram','fa-brands fa-instagram','/instagram',2,1,'2025-12-11 02:48:22','2025-12-11 04:17:04');
/*!40000 ALTER TABLE `footer_social_links` ENABLE KEYS */;
UNLOCK TABLES;

--
-- Table structure for table `header_menus`
--

DROP TABLE IF EXISTS `header_menus`;
/*!40101 SET @saved_cs_client     = @@character_set_client */;
/*!50503 SET character_set_client = utf8mb4 */;
CREATE TABLE `header_menus` (
  `id` bigint unsigned NOT NULL AUTO_INCREMENT,
  `icon_svg` text COLLATE utf8mb4_unicode_ci,
  `title` varchar(255) COLLATE utf8mb4_unicode_ci NOT NULL,
  `slug` varchar(255) COLLATE utf8mb4_unicode_ci NOT NULL,
  `link` varchar(255) COLLATE utf8mb4_unicode_ci DEFAULT NULL,
  `order_no` int NOT NULL,
  `show_in_header` tinyint(1) NOT NULL DEFAULT '1',
  `status` tinyint(1) NOT NULL DEFAULT '1',
  `created_at` timestamp NULL DEFAULT NULL,
  `updated_at` timestamp NULL DEFAULT NULL,
  PRIMARY KEY (`id`),
  UNIQUE KEY `header_menus_slug_unique` (`slug`),
  UNIQUE KEY `header_menus_order_no_unique` (`order_no`)
) ENGINE=InnoDB AUTO_INCREMENT=15 DEFAULT CHARSET=utf8mb4 COLLATE=utf8mb4_unicode_ci;
/*!40101 SET character_set_client = @saved_cs_client */;

--
-- Dumping data for table `header_menus`
--

LOCK TABLES `header_menus` WRITE;
/*!40000 ALTER TABLE `header_menus` DISABLE KEYS */;
INSERT INTO `header_menus` VALUES (1,'<svg xmlns=\"http://www.w3.org/2000/svg\" width=\"800px\" height=\"800px\" viewBox=\"0 0 1024 1024\" class=\"icon\" version=\"1.1\"><path d=\"M473.4 918.6l-11.3-11.3 11.3-11.3 11.3 11.3-11.3 11.3z m19.3-7.9l-11.3-11.3 11.3-11.3 11.3 11.3-11.3 11.3zM450.8 896l-11.3-11.3 11.3-11.3 11.3 11.3-11.3 11.3z m64.5-7.9L504 876.7l11.3-11.3 11.3 11.3-11.3 11.4z m-87.2-14.7l-11.3-11.3 11.3-11.3 11.3 11.3-11.3 11.3z m109.8-8l-11.3-11.3 11.3-11.3 11.3 11.3-11.3 11.3z m-132.4-14.6l-11.3-11.3 11.3-11.3 11.3 11.3-11.3 11.3z m155.1-8l-11.3-11.3 11.3-11.3 11.3 11.3-11.3 11.3z m-177.7-14.7l-11.3-11.3 11.3-11.3 11.3 11.3-11.3 11.3z m200.3-7.9l-11.3-11.3 11.3-11.3 11.3 11.3-11.3 11.3z m-222.9-14.7L349 794.2l11.3-11.3 11.3 11.3-11.3 11.3z m245.5-8l-11.3-11.3 11.3-11.3 11.3 11.3-11.3 11.3z m-268.2-14.6l-11.3-11.3 11.3-11.3 11.3 11.3-11.3 11.3z m290.8-8l-11.3-11.3 11.3-11.3 11.3 11.3-11.3 11.3zM315 760.3L303.7 749l11.3-11.3 11.3 11.3-11.3 11.3z m336.1-8L639.8 741l11.3-11.3 11.3 11.3-11.3 11.3z m-358.7-14.7l-11.3-11.3 11.3-11.3 11.3 11.3-11.3 11.3z m381.3-7.9l-11.3-11.3 11.3-11.3 11.3 11.3-11.3 11.3z m-404-14.7l-11.3-11.3 11.3-11.3 11.3 11.3-11.3 11.3z m426.6-8L685 695.7l11.3-11.3 11.3 11.3-11.3 11.3z m-449.2-14.6l-11.3-11.3 11.3-11.3 11.3 11.3-11.3 11.3z m471.8-8l-11.3-11.3 11.3-11.3 11.3 11.3-11.3 11.3z m-494.4-14.7l-11.3-11.3 11.3-11.3 11.3 11.3-11.3 11.3z m517.1-7.9l-11.3-11.3 11.3-11.3 11.3 11.3-11.3 11.3z m-539.7-14.7l-11.3-11.3 11.3-11.3 11.3 11.3-11.3 11.3z m562.3-7.9l-11.3-11.3 11.3-11.3 11.3 11.3-11.3 11.3z m-585-14.7l-11.3-11.3 11.3-11.3 11.3 11.3-11.3 11.3z m607.6-8l-11.3-11.3 11.3-11.3 11.3 11.3-11.3 11.3z m-630.2-14.6l-11.3-11.3 11.3-11.3 11.3 11.3-11.3 11.3z m652.9-8l-11.3-11.3 11.3-11.3 11.3 11.3-11.3 11.3zM134 579.2l-11.3-11.3 11.3-11.3 11.3 11.3-11.3 11.3z m698.1-7.9L820.8 560l11.3-11.3 11.3 11.3-11.3 11.3z m-720.7-14.7L98.7 544l10-10 5.7 5.7 1.3-1.3 7 7-11.3 11.2z m743.3-8l-11.3-11.3 11.3-11.3 11.3 11.3-11.3 11.3zM131.3 534L120 522.7l11.3-11.3 11.3 11.3-11.3 11.3z m746-8L866 514.7l11.3-11.3 11.3 11.3-11.3 11.3z m-723.4-14.6L142.6 500l11.3-11.3 11.3 11.3-11.3 11.4z m746.1-8l-11.3-11.3 11.3-11.3 11.3 11.3-11.3 11.3z m-723.5-14.7l-11.3-11.3 11.3-11.3 11.3 11.3-11.3 11.3z m724.1-7.9l-11.3-11.3 11.3-11.3 11.3 11.3-11.3 11.3z m-701.4-14.7l-11.3-11.3 11.3-11.3 11.3 11.3-11.3 11.3z m678.8-8l-11.3-11.3 11.3-11.3 11.3 11.3-11.3 11.3z m-656.2-14.6l-11.3-11.3 11.3-11.3 11.3 11.3-11.3 11.3z m633.6-8l-11.3-11.3 11.3-11.3 11.3 11.3-11.3 11.3z m-611-14.7l-11.3-11.3 11.3-11.3 11.3 11.3-11.3 11.3z m588.3-7.9l-11.3-11.3 11.3-11.3 11.3 11.3-11.3 11.3z m-565.6-14.7l-11.3-11.3 11.3-11.3 11.3 11.3-11.3 11.3z m543-8l-11.3-11.3 11.3-11.3 11.3 11.3-11.3 11.3z m-520.4-14.6l-11.3-11.3 11.3-11.3 11.3 11.3-11.3 11.3z m497.8-8l-11.3-11.3 11.3-11.3 11.3 11.3-11.3 11.3zM312.3 353L301 341.6l11.3-11.3 11.3 11.3-11.3 11.4z m452.6-8l-11.3-11.3 11.3-11.3 11.3 11.3-11.3 11.3z m-430-14.7L323.6 319l11.3-11.3 11.3 11.3-11.3 11.3z m407.3-7.9l-11.3-11.3 11.3-11.3 11.3 11.3-11.3 11.3z m-384.6-14.7l-11.3-11.3 11.3-11.3 11.3 11.3-11.3 11.3z m362-8l-11.3-11.3 11.3-11.3 11.3 11.3-11.3 11.3z m-339.4-14.6l-11.3-11.3 11.3-11.3 11.3 11.3-11.3 11.3z m316.8-8l-11.3-11.3 11.3-11.3 11.3 11.3-11.3 11.3z m-294.2-14.6l-11.3-11.3 11.3-11.3 11.3 11.3-11.3 11.3z m271.5-8L663 243.2l11.3-11.3 11.3 11.3-11.3 11.3z m-248.9-14.7l-11.3-11.3 11.3-11.3 11.3 11.3-11.3 11.3z m226.3-7.9l-11.3-11.3 11.3-11.3 11.3 11.3-11.3 11.3z m-203.6-14.7l-11.3-11.3 11.3-11.3 11.3 11.3-11.3 11.3z m181-8l-11.3-11.3 11.3-11.3 11.3 11.3-11.3 11.3z m-158.4-14.6l-11.3-11.3 11.3-11.3 11.3 11.3-11.3 11.3z m135.8-8l-11.3-11.3 11.3-11.3 11.3 11.3-11.3 11.3z m-113.2-14.7L482 160.6l11.3-11.3 11.3 11.3-11.3 11.3z m90.5-7.9l-11.3-11.3 11.3-11.3 11.3 11.3-11.3 11.3zM516 149.3L504.6 138l11.3-11.3 11.3 11.3-11.2 11.3z m45.2-8L549.9 130l11.3-11.3 11.3 11.3-11.3 11.3z m-22.6-14.6l-11.3-11.3 15.3-15.3 7.3 7.3-5.7 5.7 4 4-9.6 9.6z\" fill=\"#0A0408\"/><path d=\"M387.6 206.3h384.2v611.8H249.9v-474\" fill=\"#FFFFFF\"/><path d=\"M779.8 826.1H241.9v-482h16v466h505.9V214.3H387.6v-16h392.2z\" fill=\"#0A0408\"/><path d=\"M417.8 259.4h308.6v491.5H307.1V370.1\" fill=\"#55B7A8\"/><path d=\"M391.8 206.3v137.8H254z\" fill=\"#FFFFFF\"/><path d=\"M391.8 352.1H254c-3.2 0-6.2-1.9-7.4-4.9s-0.6-6.4 1.7-8.7l137.8-137.8c2.3-2.3 5.7-3 8.7-1.7 3 1.2 4.9 4.2 4.9 7.4v137.8c0.1 4.3-3.5 7.9-7.9 7.9z m-118.4-16h110.5V225.6L273.4 336.1zM446.4 361h175v16h-175zM396 451.2h229.6v16H396zM396 552h229.6v16H396zM396 652.7h229.6v16H396z\" fill=\"#0A0408\"/><path d=\"M542.581 76.06l35.355 35.355-35.355 35.355-35.355-35.355z\" fill=\"#DC444A\"/><path d=\"M542.6 158L496 111.4l46.6-46.6 46.6 46.6-46.6 46.6z m-24-46.6l24 24 24-24-24-24-24 24z\" fill=\"#0A0408\"/><path d=\"M911.621 445.039l35.355 35.355-35.355 35.355-35.355-35.355z\" fill=\"#DC444A\"/><path d=\"M911.6 527.1L865 480.4l46.6-46.6 46.6 46.6-46.6 46.7z m-24-46.7l24 24 24-24-24-24-24 24z\" fill=\"#0A0408\"/><path d=\"M109.97 508.62l35.356 35.356-35.355 35.355-35.355-35.355z\" fill=\"#DC444A\"/><path d=\"M110 590.6L63.4 544l46.6-46.6 46.6 46.6-46.6 46.6zM86 544l24 24 24-24-24-24-24 24z\" fill=\"#0A0408\"/><path d=\"M479.081 877.67l35.355 35.355-35.355 35.355-35.355-35.355z\" fill=\"#DC444A\"/><path d=\"M479 959.6L432.4 913l46.6-46.6 46.6 46.6-46.6 46.6zM455 913l24 24 24-24-24-24-24 24z\" fill=\"#0A0408\"/></svg>','Home','home','/',1,1,1,'2025-12-10 05:08:20','2026-01-17 05:40:12'),(2,'<svg xmlns=\"http://www.w3.org/2000/svg\" width=\"800px\" height=\"800px\" viewBox=\"0 0 1024 1024\" class=\"icon\" version=\"1.1\"><path d=\"M473.4 918.6l-11.3-11.3 11.3-11.3 11.3 11.3-11.3 11.3z m19.3-7.9l-11.3-11.3 11.3-11.3 11.3 11.3-11.3 11.3zM450.8 896l-11.3-11.3 11.3-11.3 11.3 11.3-11.3 11.3z m64.5-7.9L504 876.7l11.3-11.3 11.3 11.3-11.3 11.4z m-87.2-14.7l-11.3-11.3 11.3-11.3 11.3 11.3-11.3 11.3z m109.8-8l-11.3-11.3 11.3-11.3 11.3 11.3-11.3 11.3z m-132.4-14.6l-11.3-11.3 11.3-11.3 11.3 11.3-11.3 11.3z m155.1-8l-11.3-11.3 11.3-11.3 11.3 11.3-11.3 11.3z m-177.7-14.7l-11.3-11.3 11.3-11.3 11.3 11.3-11.3 11.3z m200.3-7.9l-11.3-11.3 11.3-11.3 11.3 11.3-11.3 11.3z m-222.9-14.7L349 794.2l11.3-11.3 11.3 11.3-11.3 11.3z m245.5-8l-11.3-11.3 11.3-11.3 11.3 11.3-11.3 11.3z m-268.2-14.6l-11.3-11.3 11.3-11.3 11.3 11.3-11.3 11.3z m290.8-8l-11.3-11.3 11.3-11.3 11.3 11.3-11.3 11.3zM315 760.3L303.7 749l11.3-11.3 11.3 11.3-11.3 11.3z m336.1-8L639.8 741l11.3-11.3 11.3 11.3-11.3 11.3z m-358.7-14.7l-11.3-11.3 11.3-11.3 11.3 11.3-11.3 11.3z m381.3-7.9l-11.3-11.3 11.3-11.3 11.3 11.3-11.3 11.3z m-404-14.7l-11.3-11.3 11.3-11.3 11.3 11.3-11.3 11.3z m426.6-8L685 695.7l11.3-11.3 11.3 11.3-11.3 11.3z m-449.2-14.6l-11.3-11.3 11.3-11.3 11.3 11.3-11.3 11.3z m471.8-8l-11.3-11.3 11.3-11.3 11.3 11.3-11.3 11.3z m-494.4-14.7l-11.3-11.3 11.3-11.3 11.3 11.3-11.3 11.3z m517.1-7.9l-11.3-11.3 11.3-11.3 11.3 11.3-11.3 11.3z m-539.7-14.7l-11.3-11.3 11.3-11.3 11.3 11.3-11.3 11.3z m562.3-7.9l-11.3-11.3 11.3-11.3 11.3 11.3-11.3 11.3z m-585-14.7l-11.3-11.3 11.3-11.3 11.3 11.3-11.3 11.3z m607.6-8l-11.3-11.3 11.3-11.3 11.3 11.3-11.3 11.3z m-630.2-14.6l-11.3-11.3 11.3-11.3 11.3 11.3-11.3 11.3z m652.9-8l-11.3-11.3 11.3-11.3 11.3 11.3-11.3 11.3zM134 579.2l-11.3-11.3 11.3-11.3 11.3 11.3-11.3 11.3z m698.1-7.9L820.8 560l11.3-11.3 11.3 11.3-11.3 11.3z m-720.7-14.7L98.7 544l10-10 5.7 5.7 1.3-1.3 7 7-11.3 11.2z m743.3-8l-11.3-11.3 11.3-11.3 11.3 11.3-11.3 11.3zM131.3 534L120 522.7l11.3-11.3 11.3 11.3-11.3 11.3z m746-8L866 514.7l11.3-11.3 11.3 11.3-11.3 11.3z m-723.4-14.6L142.6 500l11.3-11.3 11.3 11.3-11.3 11.4z m746.1-8l-11.3-11.3 11.3-11.3 11.3 11.3-11.3 11.3z m-723.5-14.7l-11.3-11.3 11.3-11.3 11.3 11.3-11.3 11.3z m724.1-7.9l-11.3-11.3 11.3-11.3 11.3 11.3-11.3 11.3z m-701.4-14.7l-11.3-11.3 11.3-11.3 11.3 11.3-11.3 11.3z m678.8-8l-11.3-11.3 11.3-11.3 11.3 11.3-11.3 11.3z m-656.2-14.6l-11.3-11.3 11.3-11.3 11.3 11.3-11.3 11.3z m633.6-8l-11.3-11.3 11.3-11.3 11.3 11.3-11.3 11.3z m-611-14.7l-11.3-11.3 11.3-11.3 11.3 11.3-11.3 11.3z m588.3-7.9l-11.3-11.3 11.3-11.3 11.3 11.3-11.3 11.3z m-565.6-14.7l-11.3-11.3 11.3-11.3 11.3 11.3-11.3 11.3z m543-8l-11.3-11.3 11.3-11.3 11.3 11.3-11.3 11.3z m-520.4-14.6l-11.3-11.3 11.3-11.3 11.3 11.3-11.3 11.3z m497.8-8l-11.3-11.3 11.3-11.3 11.3 11.3-11.3 11.3zM312.3 353L301 341.6l11.3-11.3 11.3 11.3-11.3 11.4z m452.6-8l-11.3-11.3 11.3-11.3 11.3 11.3-11.3 11.3z m-430-14.7L323.6 319l11.3-11.3 11.3 11.3-11.3 11.3z m407.3-7.9l-11.3-11.3 11.3-11.3 11.3 11.3-11.3 11.3z m-384.6-14.7l-11.3-11.3 11.3-11.3 11.3 11.3-11.3 11.3z m362-8l-11.3-11.3 11.3-11.3 11.3 11.3-11.3 11.3z m-339.4-14.6l-11.3-11.3 11.3-11.3 11.3 11.3-11.3 11.3z m316.8-8l-11.3-11.3 11.3-11.3 11.3 11.3-11.3 11.3z m-294.2-14.6l-11.3-11.3 11.3-11.3 11.3 11.3-11.3 11.3z m271.5-8L663 243.2l11.3-11.3 11.3 11.3-11.3 11.3z m-248.9-14.7l-11.3-11.3 11.3-11.3 11.3 11.3-11.3 11.3z m226.3-7.9l-11.3-11.3 11.3-11.3 11.3 11.3-11.3 11.3z m-203.6-14.7l-11.3-11.3 11.3-11.3 11.3 11.3-11.3 11.3z m181-8l-11.3-11.3 11.3-11.3 11.3 11.3-11.3 11.3z m-158.4-14.6l-11.3-11.3 11.3-11.3 11.3 11.3-11.3 11.3z m135.8-8l-11.3-11.3 11.3-11.3 11.3 11.3-11.3 11.3z m-113.2-14.7L482 160.6l11.3-11.3 11.3 11.3-11.3 11.3z m90.5-7.9l-11.3-11.3 11.3-11.3 11.3 11.3-11.3 11.3zM516 149.3L504.6 138l11.3-11.3 11.3 11.3-11.2 11.3z m45.2-8L549.9 130l11.3-11.3 11.3 11.3-11.3 11.3z m-22.6-14.6l-11.3-11.3 15.3-15.3 7.3 7.3-5.7 5.7 4 4-9.6 9.6z\" fill=\"#0A0408\"/><path d=\"M387.6 206.3h384.2v611.8H249.9v-474\" fill=\"#FFFFFF\"/><path d=\"M779.8 826.1H241.9v-482h16v466h505.9V214.3H387.6v-16h392.2z\" fill=\"#0A0408\"/><path d=\"M417.8 259.4h308.6v491.5H307.1V370.1\" fill=\"#55B7A8\"/><path d=\"M391.8 206.3v137.8H254z\" fill=\"#FFFFFF\"/><path d=\"M391.8 352.1H254c-3.2 0-6.2-1.9-7.4-4.9s-0.6-6.4 1.7-8.7l137.8-137.8c2.3-2.3 5.7-3 8.7-1.7 3 1.2 4.9 4.2 4.9 7.4v137.8c0.1 4.3-3.5 7.9-7.9 7.9z m-118.4-16h110.5V225.6L273.4 336.1zM446.4 361h175v16h-175zM396 451.2h229.6v16H396zM396 552h229.6v16H396zM396 652.7h229.6v16H396z\" fill=\"#0A0408\"/><path d=\"M542.581 76.06l35.355 35.355-35.355 35.355-35.355-35.355z\" fill=\"#DC444A\"/><path d=\"M542.6 158L496 111.4l46.6-46.6 46.6 46.6-46.6 46.6z m-24-46.6l24 24 24-24-24-24-24 24z\" fill=\"#0A0408\"/><path d=\"M911.621 445.039l35.355 35.355-35.355 35.355-35.355-35.355z\" fill=\"#DC444A\"/><path d=\"M911.6 527.1L865 480.4l46.6-46.6 46.6 46.6-46.6 46.7z m-24-46.7l24 24 24-24-24-24-24 24z\" fill=\"#0A0408\"/><path d=\"M109.97 508.62l35.356 35.356-35.355 35.355-35.355-35.355z\" fill=\"#DC444A\"/><path d=\"M110 590.6L63.4 544l46.6-46.6 46.6 46.6-46.6 46.6zM86 544l24 24 24-24-24-24-24 24z\" fill=\"#0A0408\"/><path d=\"M479.081 877.67l35.355 35.355-35.355 35.355-35.355-35.355z\" fill=\"#DC444A\"/><path d=\"M479 959.6L432.4 913l46.6-46.6 46.6 46.6-46.6 46.6zM455 913l24 24 24-24-24-24-24 24z\" fill=\"#0A0408\"/></svg>','About','about','/about',2,1,1,'2025-12-10 05:13:11','2026-01-17 05:40:12'),(3,NULL,'Services','services','/services',3,1,1,'2025-12-10 05:48:16','2026-01-17 05:40:12'),(5,'<svg xmlns=\"http://www.w3.org/2000/svg\" width=\"800px\" height=\"800px\" viewBox=\"0 0 1024 1024\" class=\"icon\" version=\"1.1\"><path d=\"M906.3 583.4c-1.1 11-11.2 16.5-19.8 21.5-8 4.6-16 9.3-23.9 13.9-12.8 7.4-25.5 14.8-38.3 22.2-16 9.3-31.9 18.6-47.9 27.8-17.6 10.2-35.2 20.5-52.9 30.7-17.7 10.3-35.4 20.6-53.2 30.9-16.3 9.5-32.5 18.9-48.8 28.4-13.3 7.7-26.5 15.4-39.8 23.1-8.7 5-17.4 10.1-26.1 15.1-6.6 3.8-12.8 7.6-20.3 9.8-19.5 5.6-41.1 3.7-58.7-6.5-6.3-3.7-12.7-7.3-19-11-11.6-6.7-23.1-13.3-34.7-20-15.2-8.8-30.4-17.6-45.6-26.3-17.3-10-34.7-20-52-30-17.9-10.3-35.8-20.7-53.7-31-16.9-9.8-33.8-19.5-50.8-29.3l-43.2-24.9c-10.3-6-20.7-11.9-31-17.9-4.7-2.7-9.4-5.4-14.1-8.2-7.4-4.3-14.7-11.1-14.7-20.3 0 8.4 0 16.8-0.1 25.3 0 3-0.2 6.1 0 9.2 0.6 8.1 7 14.4 13.7 18.4 4.1 2.5 8.3 4.8 12.5 7.2 10.8 6.2 21.6 12.5 32.4 18.7 15.6 9 31.1 18 46.7 27 18.5 10.7 37.1 21.4 55.6 32.1 19.3 11.2 38.6 22.3 58 33.5 18.4 10.6 36.7 21.2 55.1 31.8 15.3 8.8 30.5 17.6 45.8 26.4 10.3 6 20.7 11.9 31 17.9 6 3.4 11.9 7.3 18.4 9.7 20.3 7.4 44.1 5.8 62.8-5.1 7.1-4.1 14.2-8.3 21.3-12.4 13.1-7.6 26.2-15.2 39.2-22.8 17.1-9.9 34.1-19.8 51.2-29.8 19.1-11.1 38.2-22.2 57.2-33.3l57.3-33.3c17.1-10 34.2-19.9 51.4-29.9 13.3-7.7 26.6-15.4 39.9-23.2 7.3-4.3 14.7-8.5 22-12.8 2.2-1.3 4.5-2.6 6.6-4.1 5.6-4.2 10-10 10.1-17.3 0.1-3.7 0-7.3 0-11 0-7.3 0-14.7 0.1-22 0.4 0.8 0.3 1.3 0.3 1.8-0.1 0.3 0-0.2 0 0z\" fill=\"#7A9EFD\"/><path d=\"M892 561.9c19 11 19.1 28.9 0.2 39.9L547.9 801.9c-18.9 11-49.8 11-68.8 0L132.3 601.8c-19-11-19.1-28.9-0.2-39.9l344.4-200.2c18.9-11 49.8-11 68.8 0L892 561.9z\" fill=\"#E4ECF9\"/><path d=\"M297.6 491.2c0-0.3 0.1-0.6 0.1-0.9 0-0.2 0.1-0.4 0.1-0.6 0-0.2 0.1-0.4 0.1-0.5 0.1-0.3 0.1-0.5 0.2-0.8 0-0.1 0.1-0.3 0.1-0.4l0.3-0.9c0-0.1 0.1-0.2 0.1-0.4 0.1-0.4 0.3-0.8 0.5-1.2 0 0 0-0.1 0.1-0.1 0.2-0.4 0.3-0.7 0.5-1 0.1-0.1 0.1-0.2 0.2-0.3 0.2-0.3 0.3-0.6 0.5-1 0-0.1 0.1-0.1 0.1-0.2 0.2-0.4 0.4-0.7 0.7-1.1 0.1-0.1 0.1-0.2 0.2-0.3 0.2-0.3 0.3-0.5 0.5-0.8 0.1-0.1 0.2-0.3 0.3-0.4 0.2-0.2 0.3-0.4 0.5-0.6 0.1-0.2 0.3-0.3 0.4-0.5 0.1-0.2 0.3-0.3 0.4-0.5 0.2-0.3 0.5-0.5 0.7-0.8l0.4-0.4c0.5-0.5 1-0.9 1.5-1.3 0.1-0.1 0.2-0.1 0.3-0.2 0.5-0.4 1.1-0.8 1.7-1.1 0.4-0.3 0.9-0.5 1.3-0.6 0.1-0.1 0.3-0.1 0.4-0.2 0.3-0.1 0.5-0.2 0.8-0.3 0.2 0 0.3-0.1 0.5-0.1 0.1 0 0.3-0.1 0.4-0.1 0.2 0 0.4-0.1 0.6-0.1h1.2c0.3 0 0.5 0.1 0.8 0.1h0.2c0.2 0 0.4 0.1 0.6 0.2 0.1 0 0.1 0 0.2 0.1 0.2 0.1 0.5 0.2 0.7 0.3l-14.8-8.6h-0.1c-0.2-0.1-0.4-0.2-0.5-0.3h-0.1c-0.1 0-0.1 0-0.2-0.1-0.1 0-0.2-0.1-0.3-0.1-0.1 0-0.2 0-0.3-0.1H299.2c-0.2 0-0.4-0.1-0.6-0.1h-1.5c-0.1 0-0.2 0-0.3 0.1-0.1 0-0.3 0.1-0.4 0.1-0.1 0-0.2 0-0.2 0.1-0.1 0-0.2 0.1-0.2 0.1-0.2 0.1-0.5 0.2-0.8 0.3-0.1 0-0.2 0.1-0.3 0.1 0 0-0.1 0.1-0.2 0.1-0.4 0.2-0.9 0.4-1.3 0.7-0.6 0.3-1.1 0.7-1.6 1.1-0.1 0.1-0.2 0.1-0.3 0.2-0.5 0.4-1 0.9-1.5 1.3l-0.1 0.1-0.2 0.2c-0.2 0.2-0.5 0.5-0.7 0.8l-0.2 0.2-0.2 0.2c-0.1 0.2-0.3 0.3-0.4 0.5l-0.3 0.3c-0.1 0.1-0.1 0.2-0.2 0.3-0.1 0.1-0.2 0.3-0.3 0.4-0.1 0.1-0.1 0.2-0.2 0.3-0.1 0.2-0.2 0.3-0.3 0.5-0.1 0.1-0.1 0.2-0.2 0.3l-0.1 0.1-0.6 0.9v0.1c0 0.1-0.1 0.1-0.1 0.2-0.1 0.2-0.2 0.4-0.4 0.7-0.1 0.1-0.1 0.2-0.2 0.3-0.1 0.1-0.1 0.2-0.2 0.3 0 0.1-0.1 0.2-0.1 0.3-0.1 0.3-0.2 0.5-0.3 0.8 0 0 0 0.1-0.1 0.1-0.1 0.3-0.3 0.6-0.4 1 0 0.1 0 0.1-0.1 0.2 0 0.1-0.1 0.2-0.1 0.4-0.1 0.2-0.1 0.3-0.2 0.5 0 0.1-0.1 0.3-0.1 0.4 0 0.1-0.1 0.3-0.1 0.4 0 0.1-0.1 0.2-0.1 0.3 0 0.2-0.1 0.3-0.1 0.5s-0.1 0.4-0.1 0.5v0.2c0 0.1 0 0.3-0.1 0.4-0.1 0.3-0.1 0.6-0.1 0.9v0.4c-0.1 0.6-0.1 1.3-0.1 1.9 0 3.4 1.2 5.8 3.1 6.9l14.8 8.6c-1.9-1.1-3.1-3.5-3.1-6.9 0-0.6 0-1.2 0.1-1.9-0.4-0.2-0.4-0.4-0.3-0.5z\" fill=\"#ACC5EA\"/><path d=\"M330.1 473.6c0.1 0 0.3-0.1 0.4-0.1 0.1 0 0.2-0.1 0.3-0.1 0.2 0 0.3-0.1 0.4-0.1h1c0.2 0 0.4 0 0.6 0.1h0.2c0.2 0 0.3 0.1 0.5 0.1 0 0 0.1 0 0.1 0.1l0.6 0.3-14.8-8.6c-0.1-0.1-0.3-0.1-0.4-0.2h-0.1s-0.1 0-0.1-0.1c-0.1 0-0.1-0.1-0.2-0.1s-0.2 0-0.2-0.1H318.1c-0.2 0-0.3 0-0.5-0.1h-1.3c-0.1 0-0.2 0-0.3 0.1h-0.2c-0.1 0-0.1 0-0.2 0.1-0.2 0.1-0.4 0.1-0.6 0.2-0.1 0-0.1 0-0.2 0.1 0 0-0.1 0-0.1 0.1-0.3 0.1-0.7 0.3-1 0.5l-9.4 5.4 14.8 8.6 9.4-5.4c0.4-0.2 0.7-0.4 1-0.5 0.1 0 0.2-0.1 0.3-0.1-0.1-0.1 0.1-0.1 0.3-0.2z\" fill=\"#2A2ABC\"/><path d=\"M300.5 500.5l-14.8-8.6h0.1l14.7 8.6\" fill=\"#28289E\"/><path d=\"M300.6 500.6l-14.8-8.6c0.2 0.1 0.4 0.2 0.5 0.3l14.8 8.6c-0.2-0.2-0.4-0.2-0.5-0.3\" fill=\"#2929A3\"/><path d=\"M301.1 500.8l-14.8-8.6c0.2 0.1 0.4 0.1 0.6 0.2l14.8 8.6c-0.2 0-0.4-0.1-0.6-0.2\" fill=\"#2A2AA8\"/><path d=\"M301.7 501l-14.8-8.6c0.2 0.1 0.4 0.1 0.6 0.1l14.8 8.6c-0.2 0-0.4 0-0.6-0.1\" fill=\"#2C2CAD\"/><path d=\"M302.3 501.2l-14.8-8.6c0.2 0 0.4 0.1 0.6 0.1l14.8 8.6c-0.2-0.1-0.4-0.1-0.6-0.1\" fill=\"#2D2DB3\"/><path d=\"M302.9 501.2l-14.8-8.6h0.7l14.8 8.6h-0.7\" fill=\"#2E2EB8\"/><path d=\"M303.6 501.2l-14.8-8.6c0.3 0 0.5 0 0.8-0.1l14.8 8.6c-0.3 0.1-0.5 0.1-0.8 0.1\" fill=\"#2F2FBD\"/><path d=\"M304.4 501.2l-14.8-8.6c0.3 0 0.6-0.1 0.9-0.2l14.8 8.6c-0.3 0-0.6 0.1-0.9 0.2\" fill=\"#3131C2\"/><path d=\"M305.3 501l-14.8-8.6c0.4-0.1 0.8-0.3 1.3-0.4l14.8 8.6c-0.4 0.1-0.8 0.2-1.3 0.4\" fill=\"#3232C7\"/><path d=\"M306.6 500.5l-14.8-8.6c0.5-0.2 1-0.5 1.5-0.7 1.3-0.7 2.5-1.7 3.6-2.8l14.8 8.6c-1.1 1.1-2.3 2-3.6 2.8-0.5 0.3-1 0.5-1.5 0.7\" fill=\"#3333CC\"/><path d=\"M311.7 497l-14.8-8.6 1.2-1.2 14.8 8.6-1.2 1.2\" fill=\"#3232C7\"/><path d=\"M312.9 495.8l-14.8-8.6c0.3-0.3 0.6-0.7 0.9-1.1l14.8 8.6c-0.4 0.4-0.7 0.7-0.9 1.1\" fill=\"#3131C2\"/><path d=\"M313.7 494.7l-14.8-8.6c0.2-0.3 0.5-0.6 0.7-1l14.8 8.6c-0.2 0.4-0.4 0.7-0.7 1\" fill=\"#2F2FBD\"/><path d=\"M314.4 493.7l-14.8-8.6 0.6-0.9 14.8 8.6c-0.1 0.3-0.4 0.6-0.6 0.9\" fill=\"#2E2EB8\"/><path d=\"M315.1 492.8l-14.8-8.6 0.6-0.9 14.8 8.6c-0.3 0.3-0.5 0.6-0.6 0.9\" fill=\"#2D2DB3\"/><path d=\"M315.6 491.9l-14.8-8.6c0.2-0.3 0.3-0.6 0.5-0.9l14.8 8.6c-0.2 0.3-0.3 0.6-0.5 0.9\" fill=\"#2C2CAD\"/><path d=\"M316.1 491l-14.8-8.6c0.2-0.3 0.3-0.6 0.5-0.9l14.8 8.6c-0.2 0.3-0.3 0.6-0.5 0.9\" fill=\"#2A2AA8\"/><path d=\"M316.6 490.1l-14.8-8.6c0.1-0.3 0.3-0.6 0.4-0.9l14.8 8.6c-0.1 0.3-0.3 0.6-0.4 0.9\" fill=\"#2929A3\"/><path d=\"M317 489.2l-14.8-8.6c0.1-0.3 0.3-0.6 0.4-1l14.8 8.6c-0.1 0.3-0.3 0.6-0.4 1\" fill=\"#28289E\"/><path d=\"M317.4 488.2l-14.8-8.6c0.1-0.3 0.3-0.7 0.4-1l14.8 8.6c-0.2 0.3-0.3 0.7-0.4 1\" fill=\"#262699\"/><path d=\"M317.7 487.2l-14.8-8.6c0.1-0.4 0.2-0.7 0.3-1.1l14.8 8.6c0 0.4-0.1 0.7-0.3 1.1\" fill=\"#252594\"/><path d=\"M318.1 486.1l-14.8-8.6 0.3-1.2 14.8 8.6-0.3 1.2\" fill=\"#24248F\"/><path d=\"M318.4 484.9l-14.8-8.6 0.3-1.5 14.8 8.6-0.3 1.5\" fill=\"#23238A\"/><path d=\"M318.6 483.4l-14.8-8.6c0.1-0.7 0.1-1.4 0.1-2.1 0-0.5 0-0.9-0.1-1.4l14.8 8.6c0 0.5 0.1 0.9 0.1 1.4 0.1 0.7 0 1.4-0.1 2.1\" fill=\"#212185\"/><path d=\"M282.6 483.6l-9.4 5.4c-0.5 0.3-1.1 0.7-1.6 1.1-0.2 0.1-0.3 0.3-0.5 0.4-0.2 0.2-0.5 0.4-0.7 0.6l-0.3 0.3-0.3 0.3-0.3 0.3c-0.2 0.3-0.5 0.5-0.7 0.8-0.1 0.1-0.2 0.2-0.2 0.3 0 0.1-0.1 0.1-0.1 0.2-0.1 0.1-0.1 0.2-0.2 0.3-0.2 0.2-0.3 0.5-0.5 0.7-0.2 0.2-0.3 0.5-0.4 0.7v0.2l-0.3 0.6c-0.1 0.2-0.2 0.5-0.4 0.7l-0.3 0.6c-0.1 0.3-0.2 0.5-0.3 0.8-0.1 0.3-0.2 0.5-0.3 0.8 0 0.1-0.1 0.3-0.1 0.4 0 0.1 0 0.1-0.1 0.2 0 0.1-0.1 0.2-0.1 0.3-0.1 0.3-0.2 0.6-0.2 1 0 0.2-0.1 0.4-0.1 0.6 0 0.1 0 0.2-0.1 0.3v0.3c-0.1 0.6-0.1 1.1-0.1 1.6l0.4 124.5c0 2.6 1 4.5 2.5 5.4l14.8 8.6c-1.5-0.9-2.5-2.7-2.5-5.4l-0.4-124.5c0-0.6 0.1-1.3 0.2-1.9 0-0.1 0-0.2 0.1-0.3 0.1-0.6 0.2-1.2 0.4-1.8 0-0.1 0-0.1 0.1-0.2 0.2-0.7 0.4-1.3 0.7-2 0.3-0.7 0.6-1.3 1-2v-0.1l1.2-1.8c0-0.1 0.1-0.1 0.1-0.2l1.2-1.5 0.3-0.3c0.3-0.4 0.7-0.7 1.1-1 0.2-0.1 0.3-0.3 0.5-0.4 0.5-0.4 1-0.8 1.6-1.1l9.4-5.4-15.1-8.4z\" fill=\"#2A2ABC\"/><path d=\"M328.1 474.5c4.6-2.7 8.4-0.5 8.5 4.8l0.4 124.5c0 5.3-3.8 11.9-8.4 14.5l-40.1 23.1c-4.6 2.7-8.4 0.5-8.5-4.8l-0.4-124.5c0-5.3 3.8-11.9 8.4-14.5l9.4-5.4c0 0.5-0.1 1-0.1 1.5 0 6.8 4.8 9.5 10.7 6.1 5.9-3.4 10.7-11.7 10.7-18.5 0-0.5 0-0.9-0.1-1.4l9.5-5.4z\" fill=\"#4040FF\"/><path d=\"M306.6 469.1l9.3 5.3-18.3 17.9-4-2.3 9.1-20.9z\" fill=\"#ACC5EA\"/><path d=\"M308.1 475c5.9-3.4 10.7-0.7 10.7 6.1s-4.8 15.1-10.7 18.5c-5.9 3.4-10.7 0.7-10.7-6.1s4.7-15 10.7-18.5z\" fill=\"#FFFFFF\"/><path d=\"M424.6 361.7c0.2-0.1 0.4-0.1 0.6-0.2 0.1 0 0.3-0.1 0.4-0.1 0.1 0 0.2-0.1 0.3-0.1 0.2 0 0.3-0.1 0.4-0.1h1c0.2 0 0.4 0 0.6 0.1h0.2c0.2 0 0.3 0.1 0.5 0.1 0 0 0.1 0 0.1 0.1l0.6 0.3-14.8-8.6c-0.1-0.1-0.3-0.1-0.4-0.2h-0.1s-0.1 0-0.1-0.1c-0.1 0-0.1-0.1-0.2-0.1s-0.2 0-0.2-0.1H413.2c-0.2 0-0.3 0-0.5-0.1h-1.3c-0.1 0-0.2 0-0.3 0.1h-0.2c-0.1 0-0.1 0-0.2 0.1-0.2 0.1-0.4 0.1-0.6 0.2-0.1 0-0.1 0-0.2 0.1 0 0-0.1 0-0.1 0.1-0.3 0.1-0.7 0.3-1 0.5l-9.3 5.4 14.8 8.6 9.3-5.4c0.4-0.2 0.7-0.4 1-0.5-0.2 0-0.1-0.1 0-0.1z\" fill=\"#2A2ABC\"/><path d=\"M395.6 387l-14.8-8.6h0.1l14.7 8.6c0.1 0 0.1 0 0 0\" fill=\"#28289E\"/><path d=\"M395.7 387l-14.8-8.6c0.2 0.1 0.4 0.2 0.5 0.3l14.8 8.6c-0.1-0.1-0.3-0.2-0.5-0.3\" fill=\"#2929A3\"/><path d=\"M396.2 387.3l-14.8-8.6c0.2 0.1 0.4 0.1 0.6 0.2l14.8 8.6c-0.2-0.1-0.4-0.2-0.6-0.2\" fill=\"#2A2AA8\"/><path d=\"M396.8 387.5l-14.8-8.6c0.2 0.1 0.4 0.1 0.6 0.1l14.8 8.6c-0.2 0-0.4-0.1-0.6-0.1\" fill=\"#2C2CAD\"/><path d=\"M397.4 387.6l-14.8-8.6c0.2 0 0.4 0.1 0.6 0.1l14.8 8.6c-0.2 0-0.4-0.1-0.6-0.1\" fill=\"#2D2DB3\"/><path d=\"M398.1 387.7l-14.8-8.6h0.7l14.8 8.6h-0.7\" fill=\"#2E2EB8\"/><path d=\"M398.8 387.7l-14.8-8.6c0.3 0 0.5 0 0.8-0.1l14.8 8.6c-0.3 0-0.6 0.1-0.8 0.1\" fill=\"#2F2FBD\"/><path d=\"M399.6 387.6l-14.8-8.6c0.3 0 0.6-0.1 0.9-0.2l14.8 8.6c-0.3 0.1-0.6 0.1-0.9 0.2\" fill=\"#3131C2\"/><path d=\"M400.5 387.4l-14.8-8.6c0.4-0.1 0.8-0.3 1.3-0.4l14.8 8.6c-0.5 0.1-0.9 0.3-1.3 0.4\" fill=\"#3232C7\"/><path d=\"M401.8 387l-14.8-8.6c0.5-0.2 1-0.5 1.5-0.7 1.3-0.7 2.5-1.7 3.6-2.8l14.8 8.6c-1.1 1.1-2.3 2-3.6 2.8-0.5 0.2-1 0.5-1.5 0.7\" fill=\"#3333CC\"/><path d=\"M406.8 383.4l-14.8-8.6 1.2-1.2 14.8 8.6c-0.4 0.4-0.8 0.9-1.2 1.2\" fill=\"#3232C7\"/><path d=\"M408 382.2l-14.8-8.6c0.3-0.3 0.6-0.7 0.9-1.1l14.8 8.6c-0.3 0.4-0.6 0.8-0.9 1.1\" fill=\"#3131C2\"/><path d=\"M408.9 381.1l-14.8-8.6c0.2-0.3 0.5-0.6 0.7-1l14.8 8.6c-0.2 0.4-0.5 0.7-0.7 1\" fill=\"#2F2FBD\"/><path d=\"M409.6 380.2l-14.8-8.6 0.6-0.9 14.8 8.6-0.6 0.9\" fill=\"#2E2EB8\"/><path d=\"M410.2 379.3l-14.8-8.6 0.6-0.9 14.8 8.6-0.6 0.9\" fill=\"#2D2DB3\"/><path d=\"M410.8 378.4l-14.8-8.6c0.2-0.3 0.3-0.6 0.5-0.9l14.8 8.6c-0.2 0.3-0.4 0.6-0.5 0.9\" fill=\"#2C2CAD\"/><path d=\"M411.3 377.5l-14.8-8.6c0.2-0.3 0.3-0.6 0.5-0.9l14.8 8.6c-0.2 0.2-0.4 0.6-0.5 0.9\" fill=\"#2A2AA8\"/><path d=\"M411.7 376.5l-14.8-8.6c0.1-0.3 0.3-0.6 0.4-0.9l14.8 8.6c-0.1 0.3-0.2 0.6-0.4 0.9\" fill=\"#2929A3\"/><path d=\"M412.1 375.6l-14.8-8.6c0.1-0.3 0.3-0.6 0.4-1l14.8 8.6c-0.1 0.4-0.2 0.7-0.4 1\" fill=\"#28289E\"/><path d=\"M412.5 374.6l-14.8-8.6c0.1-0.3 0.3-0.7 0.4-1l14.8 8.6c-0.1 0.4-0.2 0.7-0.4 1\" fill=\"#262699\"/><path d=\"M412.9 373.6l-14.8-8.6c0.1-0.4 0.2-0.7 0.3-1.1l14.8 8.6c-0.1 0.4-0.2 0.8-0.3 1.1\" fill=\"#252594\"/><path d=\"M413.2 372.5l-14.8-8.6 0.3-1.2 14.8 8.6-0.3 1.2\" fill=\"#24248F\"/><path d=\"M413.5 371.3l-14.8-8.6 0.3-1.5 14.8 8.6-0.3 1.5\" fill=\"#23238A\"/><path d=\"M413.8 369.8l-14.8-8.6c0.1-0.7 0.1-1.4 0.1-2.1l14.8 8.6c0 0.7 0 1.4-0.1 2.1\" fill=\"#212185\"/><path d=\"M377.7 371.5l-9.3 5.4c-0.5 0.3-1.1 0.7-1.6 1.1-0.2 0.1-0.3 0.3-0.5 0.4-0.2 0.2-0.5 0.4-0.7 0.6-0.1 0.1-0.2 0.2-0.3 0.4l-0.3 0.3-0.3 0.3c-0.2 0.3-0.5 0.5-0.7 0.8-0.1 0.1-0.2 0.2-0.2 0.3 0 0.1-0.1 0.1-0.1 0.2-0.1 0.1-0.1 0.2-0.2 0.3-0.2 0.2-0.3 0.5-0.5 0.7-0.2 0.2-0.3 0.5-0.4 0.7v0.2l-0.3 0.6c-0.1 0.2-0.2 0.5-0.4 0.7l-0.3 0.6c-0.1 0.3-0.2 0.5-0.3 0.8-0.1 0.3-0.2 0.5-0.3 0.8 0 0.1-0.1 0.3-0.1 0.4 0 0.1 0 0.1-0.1 0.2 0 0.1-0.1 0.2-0.1 0.3-0.1 0.3-0.2 0.6-0.2 1 0 0.2-0.1 0.4-0.1 0.6 0 0.1 0 0.2-0.1 0.3v0.3c-0.1 0.6-0.1 1.1-0.1 1.6l0.6 198.2c0 2.6 0.9 4.5 2.5 5.4l14.8 8.6c-1.5-0.9-2.5-2.7-2.5-5.4l-9.9-5.7 9.9 5.7-0.8-198.2c0-0.6 0.1-1.3 0.2-1.9 0-0.1 0-0.2 0.1-0.3 0.1-0.6 0.2-1.2 0.4-1.8 0-0.1 0-0.1 0.1-0.2 0.2-0.7 0.4-1.3 0.7-2 0.3-0.7 0.6-1.3 1-2v-0.1l1.2-1.8c0-0.1 0.1-0.1 0.1-0.2l1.2-1.5 0.3-0.3c0.3-0.4 0.7-0.7 1.1-1 0.2-0.1 0.3-0.3 0.5-0.4 0.5-0.4 1-0.8 1.6-1.1l9.3-5.4-14.9-8.5z\" fill=\"#2A2ABC\"/><path d=\"M423.3 362.3c4.6-2.7 8.4-0.5 8.5 4.8l0.6 198.2c0 5.3-3.8 11.9-8.4 14.5L383.8 603c-4.6 2.7-8.4 0.5-8.5-4.8l-0.5-198.2c0-5.3 3.8-11.9 8.4-14.5l9.3-5.4c0 6.8 4.8 9.5 10.7 6.1 5.9-3.4 10.7-11.7 10.7-18.5l9.4-5.4z\" fill=\"#4040FF\"/><path d=\"M398.6 358.7l9.6 5.4-13.9 17.1-7.9-4.7z\" fill=\"#ACC5EA\"/><path d=\"M403.1 361.3c5.9-3.4 10.7-0.7 10.7 6.1s-4.8 15.1-10.7 18.5c-5.9 3.4-10.7 0.7-10.7-6.1 0.1-6.8 4.8-15.1 10.7-18.5z\" fill=\"#FFFFFF\"/><path d=\"M395.9 352l-0.6-0.3h-0.1c-0.1 0-0.1 0-0.2-0.1-0.1 0-0.2-0.1-0.3-0.1-0.1 0-0.2 0-0.3-0.1H394.1c-0.2 0-0.4-0.1-0.6-0.1H392c-0.1 0-0.2 0-0.3 0.1-0.1 0-0.3 0.1-0.4 0.1-0.1 0-0.2 0-0.2 0.1-0.1 0-0.2 0.1-0.2 0.1-0.2 0.1-0.5 0.2-0.8 0.3-0.1 0-0.2 0.1-0.3 0.1 0 0-0.1 0.1-0.2 0.1-0.4 0.2-0.9 0.4-1.3 0.7-0.6 0.3-1.1 0.7-1.7 1.1-0.1 0.1-0.2 0.1-0.3 0.2-0.5 0.4-1 0.9-1.5 1.3l-0.1 0.1-0.2 0.2c-0.2 0.2-0.5 0.5-0.7 0.8l-0.2 0.2-0.2 0.2c-0.1 0.2-0.3 0.3-0.4 0.5l-0.3 0.3c-0.1 0.1-0.1 0.2-0.2 0.3-0.1 0.1-0.2 0.3-0.3 0.4-0.1 0.1-0.1 0.2-0.2 0.3-0.1 0.2-0.2 0.3-0.3 0.5-0.1 0.1-0.1 0.2-0.2 0.3l-0.1 0.1-0.6 0.9v0.1c0 0.1-0.1 0.1-0.1 0.2-0.1 0.2-0.2 0.4-0.4 0.6-0.1 0.1-0.1 0.2-0.2 0.3-0.1 0.1-0.1 0.2-0.2 0.3 0 0.1-0.1 0.2-0.1 0.3-0.1 0.3-0.2 0.5-0.3 0.8 0 0 0 0.1-0.1 0.1-0.1 0.3-0.3 0.6-0.4 1 0 0.1 0 0.1-0.1 0.2 0 0.1-0.1 0.2-0.1 0.4-0.1 0.2-0.1 0.3-0.2 0.5 0 0.1-0.1 0.3-0.1 0.4 0 0.1-0.1 0.3-0.1 0.4 0 0.1-0.1 0.2-0.1 0.3 0 0.2-0.1 0.3-0.1 0.5s-0.1 0.4-0.1 0.5v0.2c0 0.1 0 0.3-0.1 0.4-0.1 0.3-0.1 0.6-0.1 0.9v0.4c-0.1 0.6-0.1 1.3-0.1 1.9v0.3l14.8 8.6v-0.3c0-0.6 0-1.2 0.1-1.9 0-0.2 0-0.3 0.1-0.5 0-0.3 0.1-0.6 0.1-0.9 0-0.2 0.1-0.4 0.1-0.6 0-0.2 0.1-0.4 0.1-0.5 0.1-0.3 0.1-0.5 0.2-0.8 0-0.1 0.1-0.3 0.1-0.4l0.3-0.9c0-0.1 0.1-0.2 0.1-0.4 0.1-0.4 0.3-0.8 0.5-1.2 0 0 0-0.1 0.1-0.1 0.2-0.3 0.3-0.7 0.5-1 0.1-0.1 0.1-0.2 0.2-0.3 0.2-0.3 0.3-0.6 0.5-1 0-0.1 0.1-0.1 0.1-0.2 0.2-0.4 0.4-0.7 0.7-1.1 0.1-0.1 0.1-0.2 0.2-0.3 0.2-0.3 0.4-0.5 0.5-0.8 0.1-0.1 0.2-0.3 0.3-0.4 0.2-0.2 0.3-0.4 0.5-0.6 0.1-0.2 0.3-0.3 0.4-0.5 0.1-0.2 0.3-0.3 0.4-0.5 0.2-0.3 0.5-0.5 0.7-0.8l0.4-0.4c0.5-0.5 1-0.9 1.5-1.3 0.1-0.1 0.2-0.1 0.3-0.2 0.5-0.4 1.1-0.8 1.7-1.1 0.5-0.3 0.9-0.5 1.3-0.7 0.1-0.1 0.3-0.1 0.4-0.2 0.3-0.1 0.5-0.2 0.8-0.3 0.2 0 0.3-0.1 0.5-0.1 0.1 0 0.3-0.1 0.4-0.1 0.2 0 0.4-0.1 0.6-0.1h1.2c0.3 0 0.5 0.1 0.8 0.1h0.2c0.2 0 0.4 0.1 0.6 0.2 0.1 0 0.1 0 0.2 0.1 0.2 0.1 0.5 0.2 0.7 0.3l-15.1-8.4z\" fill=\"#ACC5EA\"/><path d=\"M520 368.5c0.2-0.1 0.4-0.1 0.6-0.2 0.1 0 0.3-0.1 0.4-0.1 0.1 0 0.2-0.1 0.3-0.1 0.2 0 0.3-0.1 0.4-0.1h0.9c0.2 0 0.4 0 0.6 0.1h0.2c0.2 0 0.3 0.1 0.5 0.1 0 0 0.1 0 0.1 0.1l0.6 0.3-14.8-8.6c-0.1-0.1-0.3-0.1-0.4-0.2h-0.1s-0.1 0-0.1-0.1c-0.1 0-0.1-0.1-0.2-0.1s-0.2 0-0.2-0.1H508.5c-0.2 0-0.3 0-0.5-0.1h-1.3c-0.1 0-0.2 0-0.3 0.1h-0.2c-0.1 0-0.1 0-0.2 0.1-0.2 0.1-0.4 0.1-0.6 0.2-0.1 0-0.1 0-0.2 0.1 0 0-0.1 0-0.1 0.1-0.3 0.1-0.7 0.3-1 0.5l-9.3 5.4 14.8 8.6 9.3-5.4c0.4-0.2 0.7-0.4 1-0.5-0.1 0 0 0 0.1-0.1z\" fill=\"#2A2ABC\"/><path d=\"M491 393.8l-14.8-8.6h0.1l14.7 8.6\" fill=\"#28289E\"/><path d=\"M491 393.8l-14.8-8.6c0.2 0.1 0.4 0.2 0.5 0.3l14.8 8.6c-0.1-0.1-0.3-0.2-0.5-0.3\" fill=\"#2929A3\"/><path d=\"M491.6 394.1l-14.8-8.6c0.2 0.1 0.4 0.1 0.6 0.2l14.8 8.6c-0.3-0.1-0.4-0.2-0.6-0.2\" fill=\"#2A2AA8\"/><path d=\"M492.1 394.3l-14.8-8.6c0.2 0.1 0.4 0.1 0.6 0.1l14.8 8.6c-0.2 0-0.4-0.1-0.6-0.1\" fill=\"#2C2CAD\"/><path d=\"M492.7 394.4l-14.8-8.6c0.2 0 0.4 0.1 0.6 0.1l14.8 8.6c-0.1 0-0.4-0.1-0.6-0.1\" fill=\"#2D2DB3\"/><path d=\"M493.4 394.5l-14.8-8.6h0.7l14.8 8.6h-0.7\" fill=\"#2E2EB8\"/><path d=\"M494.1 394.5l-14.8-8.6c0.3 0 0.5 0 0.8-0.1l14.8 8.6c-0.3 0-0.5 0.1-0.8 0.1\" fill=\"#2F2FBD\"/><path d=\"M494.9 394.4l-14.8-8.6c0.3 0 0.6-0.1 0.9-0.2l14.8 8.6c-0.3 0.1-0.6 0.2-0.9 0.2\" fill=\"#3131C2\"/><path d=\"M495.8 394.2l-14.8-8.6c0.4-0.1 0.8-0.3 1.3-0.4l14.8 8.6c-0.4 0.1-0.9 0.3-1.3 0.4\" fill=\"#3232C7\"/><path d=\"M497.1 393.8l-14.8-8.6c0.5-0.2 1-0.5 1.5-0.7 1.3-0.7 2.5-1.7 3.6-2.8l14.8 8.6c-1.1 1.1-2.3 2-3.6 2.8-0.5 0.2-1 0.5-1.5 0.7\" fill=\"#3333CC\"/><path d=\"M502.2 390.2l-14.8-8.6 1.2-1.2 14.8 8.6c-0.4 0.4-0.8 0.9-1.2 1.2\" fill=\"#3232C7\"/><path d=\"M503.3 389l-14.8-8.6c0.3-0.3 0.6-0.7 0.9-1.1l14.8 8.6c-0.3 0.4-0.6 0.8-0.9 1.1\" fill=\"#3131C2\"/><path d=\"M504.2 387.9l-14.8-8.6c0.2-0.3 0.5-0.6 0.7-1l14.8 8.6c-0.2 0.4-0.4 0.7-0.7 1\" fill=\"#2F2FBD\"/><path d=\"M504.9 387l-14.8-8.6 0.6-0.9 14.8 8.6-0.6 0.9\" fill=\"#2E2EB8\"/><path d=\"M505.5 386.1l-14.8-8.6 0.6-0.9 14.8 8.6-0.6 0.9\" fill=\"#2D2DB3\"/><path d=\"M506.1 385.1l-14.8-8.6c0.2-0.3 0.3-0.6 0.5-0.9l14.8 8.6c-0.2 0.3-0.3 0.6-0.5 0.9\" fill=\"#2C2CAD\"/><path d=\"M506.6 384.2l-14.8-8.6c0.2-0.3 0.3-0.6 0.5-0.9l14.8 8.6c-0.2 0.3-0.3 0.6-0.5 0.9\" fill=\"#2A2AA8\"/><path d=\"M507.1 383.3l-14.8-8.6c0.1-0.3 0.3-0.6 0.4-0.9l14.8 8.6c-0.1 0.3-0.3 0.6-0.4 0.9\" fill=\"#2929A3\"/><path d=\"M507.5 382.4l-14.8-8.6c0.1-0.3 0.3-0.6 0.4-1l14.8 8.6c-0.1 0.4-0.3 0.7-0.4 1\" fill=\"#28289E\"/><path d=\"M507.9 381.4l-14.8-8.6c0.1-0.3 0.2-0.7 0.4-1l14.8 8.6c-0.2 0.4-0.3 0.7-0.4 1\" fill=\"#262699\"/><path d=\"M508.2 380.4l-14.8-8.6c0.1-0.4 0.2-0.7 0.3-1.1l14.8 8.6c0 0.4-0.1 0.8-0.3 1.1\" fill=\"#252594\"/><path d=\"M508.6 379.3l-14.8-8.6 0.3-1.2 14.8 8.6-0.3 1.2\" fill=\"#24248F\"/><path d=\"M508.9 378.1l-14.8-8.6 0.3-1.5 14.8 8.6-0.3 1.5\" fill=\"#23238A\"/><path d=\"M509.1 376.6l-14.8-8.6c0.1-0.7 0.1-1.4 0.1-2.1l14.8 8.6c0.1 0.7 0 1.4-0.1 2.1\" fill=\"#212185\"/><path d=\"M458.2 550.4L473 559c-1.5-0.9-2.5-2.7-2.5-5.4l-14.8-8.6c0.1 2.7 1 4.6 2.5 5.4zM473 378.3l-9.3 5.4c-0.5 0.3-1.1 0.7-1.6 1.1-0.2 0.1-0.3 0.3-0.5 0.4-0.2 0.2-0.5 0.4-0.7 0.6-0.1 0.1-0.2 0.2-0.3 0.4l-0.3 0.3-0.3 0.3c-0.2 0.3-0.5 0.5-0.7 0.8-0.1 0.1-0.2 0.2-0.2 0.3 0 0.1-0.1 0.1-0.1 0.2-0.1 0.1-0.1 0.2-0.2 0.3-0.2 0.2-0.3 0.5-0.5 0.7-0.2 0.2-0.3 0.5-0.4 0.7v0.2l-0.3 0.6c-0.1 0.2-0.2 0.5-0.4 0.7-0.1 0.2-0.2 0.4-0.3 0.7-0.1 0.3-0.2 0.5-0.3 0.8-0.1 0.3-0.2 0.5-0.3 0.8 0 0.1-0.1 0.3-0.1 0.4 0 0.1 0 0.1-0.1 0.2 0 0.1-0.1 0.2-0.1 0.3-0.1 0.3-0.2 0.6-0.2 1 0 0.2-0.1 0.4-0.1 0.6 0 0.1 0 0.2-0.1 0.3v0.3c-0.1 0.6-0.1 1.1-0.1 1.6l0.4 146.8 14.8 8.6-0.4-146.8c0-0.6 0.1-1.3 0.2-1.9 0-0.1 0-0.2 0.1-0.3 0.1-0.6 0.2-1.2 0.4-1.8 0-0.1 0-0.1 0.1-0.2 0.2-0.7 0.4-1.3 0.7-2 0.3-0.7 0.6-1.3 1-2v-0.1l1.2-1.8c0-0.1 0.1-0.1 0.1-0.2l1.2-1.5 0.3-0.3c0.3-0.4 0.7-0.7 1.1-1 0.2-0.1 0.3-0.3 0.5-0.4 0.5-0.4 1-0.8 1.6-1.1l9.3-5.4-15.1-8.6z\" fill=\"#2A2ABC\"/><path d=\"M518.6 369.2c4.6-2.7 8.4-0.5 8.4 4.8l0.4 146.8c0 5.3-3.8 11.9-8.4 14.5l-40 23.2c-4.6 2.7-8.4 0.5-8.4-4.8l-0.4-146.8c0-5.3 3.8-11.9 8.4-14.5l9.3-5.4c0 6.8 4.8 9.5 10.7 6.1s10.7-11.7 10.7-18.5l9.3-5.4z\" fill=\"#4040FF\"/><path d=\"M498.6 368.4c5.9-3.4 10.7-0.7 10.7 6.1s-4.8 15.1-10.7 18.5-10.7 0.7-10.7-6.1 4.8-15.1 10.7-18.5z\" fill=\"#FFFFFF\"/><path d=\"M491.4 359.1l-0.6-0.3h-0.1c-0.1 0-0.1 0-0.2-0.1-0.1 0-0.2-0.1-0.3-0.1-0.1 0-0.2 0-0.3-0.1H489.6c-0.2 0-0.4-0.1-0.6-0.1h-1.5c-0.1 0-0.2 0-0.3 0.1-0.1 0-0.3 0.1-0.4 0.1-0.1 0-0.2 0-0.2 0.1-0.1 0-0.2 0.1-0.2 0.1-0.2 0.1-0.5 0.2-0.8 0.3-0.1 0-0.2 0.1-0.3 0.1 0 0-0.1 0.1-0.2 0.1-0.4 0.2-0.9 0.4-1.3 0.7-0.6 0.3-1.1 0.7-1.7 1.1-0.1 0.1-0.2 0.1-0.3 0.2-0.5 0.4-1 0.9-1.5 1.3l-0.1 0.1-0.2 0.2c-0.2 0.2-0.5 0.5-0.7 0.8-0.1 0.1-0.1 0.2-0.2 0.2l-0.2 0.2c-0.1 0.2-0.3 0.3-0.4 0.5l-0.3 0.3c-0.1 0.1-0.1 0.2-0.2 0.3-0.1 0.1-0.2 0.3-0.3 0.4-0.1 0.1-0.1 0.2-0.2 0.3-0.1 0.2-0.2 0.3-0.3 0.5-0.1 0.1-0.1 0.2-0.2 0.3l-0.1 0.1-0.6 0.9v0.1c0 0.1-0.1 0.1-0.1 0.2-0.1 0.2-0.2 0.4-0.4 0.7-0.1 0.1-0.1 0.2-0.2 0.3-0.1 0.1-0.1 0.2-0.2 0.3 0 0.1-0.1 0.2-0.1 0.3-0.1 0.3-0.2 0.5-0.4 0.8 0 0 0 0.1-0.1 0.1-0.1 0.3-0.3 0.6-0.4 1 0 0.1 0 0.1-0.1 0.2 0 0.1-0.1 0.2-0.1 0.4-0.1 0.2-0.1 0.3-0.2 0.5 0 0.1-0.1 0.2-0.1 0.4 0 0.1-0.1 0.3-0.1 0.4 0 0.1 0 0.2-0.1 0.3 0 0.2-0.1 0.3-0.1 0.5s-0.1 0.4-0.1 0.5v0.2c0 0.1-0.1 0.3-0.1 0.4-0.1 0.3-0.1 0.6-0.1 0.9v0.4c-0.1 0.6-0.1 1.3-0.1 1.9v0.2l14.8 8.4c0-0.6 0-1.2 0.1-1.8v-0.4c0-0.3 0.1-0.6 0.1-0.9 0-0.1 0-0.3 0.1-0.4v-0.2c0-0.2 0.1-0.4 0.1-0.5 0-0.2 0.1-0.3 0.1-0.5 0-0.1 0.1-0.2 0.1-0.3 0-0.1 0.1-0.3 0.1-0.4 0-0.1 0.1-0.3 0.1-0.4 0.1-0.2 0.1-0.3 0.2-0.5 0-0.1 0.1-0.2 0.1-0.4 0-0.1 0-0.1 0.1-0.2 0.1-0.3 0.3-0.6 0.4-1 0 0 0-0.1 0.1-0.1 0.1-0.3 0.2-0.5 0.3-0.8 0-0.1 0.1-0.2 0.1-0.3 0.1-0.1 0.1-0.2 0.2-0.3 0.1-0.1 0.1-0.2 0.2-0.3 0.1-0.2 0.2-0.4 0.4-0.7 0-0.1 0.1-0.1 0.1-0.2v-0.1l0.6-0.9 0.1-0.1c0.1-0.1 0.1-0.2 0.2-0.3 0.1-0.2 0.2-0.3 0.3-0.5 0.1-0.1 0.1-0.2 0.2-0.3 0.1-0.1 0.2-0.3 0.3-0.4 0.1-0.1 0.1-0.2 0.2-0.3l0.3-0.3c0.1-0.2 0.3-0.3 0.4-0.5l0.2-0.2 0.2-0.2c0.2-0.3 0.5-0.5 0.7-0.8 0.1-0.1 0.1-0.2 0.2-0.2l0.1-0.1c0.5-0.5 1-0.9 1.5-1.3 0.1-0.1 0.2-0.1 0.3-0.2 0.5-0.4 1.1-0.8 1.7-1.1 0.5-0.3 0.9-0.5 1.3-0.7 0.1-0.1 0.3-0.1 0.4-0.2 0.3-0.1 0.5-0.2 0.8-0.3 0.2 0 0.3-0.1 0.5-0.1 0.1 0 0.3-0.1 0.4-0.1 0.2 0 0.4-0.1 0.6-0.1h1.2c0.3 0 0.5 0.1 0.8 0.1h0.2c0.2 0 0.4 0.1 0.6 0.2 0.1 0 0.1 0 0.2 0.1 0.2 0.1 0.5 0.2 0.7 0.3l-14.8-8.8z m14.8 8.6z\" fill=\"#ACC5EA\"/><path d=\"M615 189.2c0.2-0.1 0.4-0.1 0.6-0.2 0.1 0 0.3-0.1 0.4-0.1 0.1 0 0.2-0.1 0.3-0.1 0.2 0 0.3-0.1 0.4-0.1h1c0.2 0 0.4 0 0.6 0.1h0.2c0.2 0 0.3 0.1 0.5 0.1 0 0 0.1 0 0.1 0.1l0.6 0.3-14.8-8.6c-0.1-0.1-0.3-0.1-0.4-0.2h-0.1s-0.1 0-0.1-0.1c-0.1 0-0.1-0.1-0.2-0.1s-0.2 0-0.2-0.1H603.6c-0.2 0-0.3 0-0.5-0.1h-1.3c-0.1 0-0.2 0-0.3 0.1h-0.2c-0.1 0-0.1 0-0.2 0.1-0.2 0.1-0.4 0.1-0.6 0.2-0.1 0-0.1 0-0.2 0.1 0 0-0.1 0-0.1 0.1-0.3 0.1-0.7 0.3-1 0.5l-9.3 5.4 14.8 8.6 9.3-5.4c0.4-0.2 0.7-0.4 1-0.5-0.2 0-0.1-0.1 0-0.1z\" fill=\"#2A2ABC\"/><path d=\"M586 214.5l-14.8-8.6h0.1l14.7 8.6c0.1 0 0.1 0 0 0\" fill=\"#28289E\"/><path d=\"M586.1 214.5l-14.8-8.6c0.2 0.1 0.4 0.2 0.5 0.3l14.8 8.6c-0.2-0.1-0.3-0.2-0.5-0.3\" fill=\"#2929A3\"/><path d=\"M586.6 214.8l-14.8-8.6c0.2 0.1 0.4 0.1 0.6 0.2l14.8 8.6c-0.2-0.1-0.4-0.2-0.6-0.2\" fill=\"#2A2AA8\"/><path d=\"M587.2 215l-14.8-8.6c0.2 0.1 0.4 0.1 0.6 0.1l14.8 8.6c-0.2 0-0.4-0.1-0.6-0.1\" fill=\"#2C2CAD\"/><path d=\"M587.8 215.1l-14.8-8.6c0.2 0 0.4 0.1 0.6 0.1l14.8 8.6c-0.2 0-0.4-0.1-0.6-0.1\" fill=\"#2D2DB3\"/><path d=\"M588.4 215.2l-14.8-8.6h0.7l14.8 8.6h-0.7\" fill=\"#2E2EB8\"/><path d=\"M589.2 215.2l-14.8-8.6c0.3 0 0.5 0 0.8-0.1l14.8 8.6c-0.3 0-0.6 0.1-0.8 0.1\" fill=\"#2F2FBD\"/><path d=\"M590 215.1l-14.8-8.6c0.3 0 0.6-0.1 0.9-0.2l14.8 8.6c-0.3 0.1-0.6 0.2-0.9 0.2\" fill=\"#3131C2\"/><path d=\"M590.9 214.9l-14.8-8.6c0.4-0.1 0.8-0.3 1.3-0.4l14.8 8.6c-0.5 0.2-0.9 0.3-1.3 0.4\" fill=\"#3232C7\"/><path d=\"M592.2 214.5l-14.8-8.6c0.5-0.2 1-0.5 1.5-0.7 1.3-0.7 2.5-1.7 3.6-2.8l14.8 8.6c-1.1 1.1-2.3 2-3.6 2.8-0.6 0.2-1.1 0.5-1.5 0.7\" fill=\"#3333CC\"/><path d=\"M597.2 211l-14.8-8.6 1.2-1.2 14.8 8.6-1.2 1.2\" fill=\"#3232C7\"/><path d=\"M598.4 209.7l-14.8-8.6c0.3-0.3 0.6-0.7 0.9-1.1l14.8 8.6c-0.3 0.4-0.6 0.8-0.9 1.1\" fill=\"#3131C2\"/><path d=\"M599.3 208.7l-14.8-8.6c0.2-0.3 0.5-0.6 0.7-1l14.8 8.6c-0.3 0.3-0.5 0.6-0.7 1\" fill=\"#2F2FBD\"/><path d=\"M600 207.7l-14.8-8.6 0.6-0.9 14.8 8.6-0.6 0.9\" fill=\"#2E2EB8\"/><path d=\"M600.6 206.8l-14.8-8.6 0.6-0.9 14.8 8.6-0.6 0.9\" fill=\"#2D2DB3\"/><path d=\"M601.1 205.9l-14.8-8.6c0.2-0.3 0.3-0.6 0.5-0.9l14.8 8.6c-0.1 0.3-0.3 0.6-0.5 0.9\" fill=\"#2C2CAD\"/><path d=\"M601.6 205l-14.8-8.6c0.2-0.3 0.3-0.6 0.5-0.9l14.8 8.6c-0.1 0.3-0.3 0.6-0.5 0.9\" fill=\"#2A2AA8\"/><path d=\"M602.1 204.1l-14.8-8.6c0.1-0.3 0.3-0.6 0.4-0.9l14.8 8.6c-0.1 0.2-0.2 0.5-0.4 0.9\" fill=\"#2929A3\"/><path d=\"M602.5 203.1l-14.8-8.6c0.1-0.3 0.3-0.6 0.4-1l14.8 8.6c-0.1 0.4-0.2 0.7-0.4 1\" fill=\"#28289E\"/><path d=\"M602.9 202.2l-14.8-8.6c0.1-0.3 0.3-0.7 0.4-1l14.8 8.6c-0.1 0.3-0.2 0.6-0.4 1\" fill=\"#262699\"/><path d=\"M603.3 201.1l-14.8-8.6c0.1-0.4 0.2-0.7 0.3-1.1l14.8 8.6c-0.1 0.4-0.2 0.8-0.3 1.1\" fill=\"#252594\"/><path d=\"M603.6 200.1l-14.8-8.6 0.3-1.2 14.8 8.6c-0.1 0.3-0.2 0.7-0.3 1.2\" fill=\"#24248F\"/><path d=\"M603.9 198.8l-14.8-8.6 0.3-1.5 14.8 8.6-0.3 1.5\" fill=\"#23238A\"/><path d=\"M604.2 197.3l-14.8-8.6c0.1-0.7 0.1-1.4 0.1-2.1l14.8 8.6c0 0.7 0 1.4-0.1 2.1\" fill=\"#212185\"/><path d=\"M553.7 497.7l14.8 8.6c-1.5-0.9-2.5-2.7-2.5-5.4l-14.8-8.6c0 2.7 1 4.6 2.5 5.4z\" fill=\"#2A2ABC\"/><path d=\"M568.2 199l-9.3 5.4c-0.5 0.3-1.1 0.7-1.6 1.1-0.2 0.1-0.3 0.3-0.5 0.4-0.2 0.2-0.5 0.4-0.7 0.6l-0.3 0.3-0.3 0.3-0.3 0.3c-0.2 0.3-0.5 0.5-0.7 0.8-0.1 0.1-0.2 0.2-0.2 0.3 0 0.1-0.1 0.1-0.1 0.2-0.1 0.1-0.1 0.2-0.2 0.3-0.2 0.2-0.3 0.5-0.5 0.7-0.2 0.2-0.3 0.5-0.4 0.7v0.2l-0.3 0.6c-0.1 0.2-0.2 0.5-0.4 0.7l-0.3 0.6c-0.1 0.3-0.2 0.5-0.3 0.8-0.1 0.3-0.2 0.5-0.3 0.8 0 0.1-0.1 0.3-0.1 0.4 0 0.1 0 0.1-0.1 0.2 0 0.1-0.1 0.2-0.1 0.3-0.1 0.3-0.2 0.6-0.2 1 0 0.2-0.1 0.4-0.1 0.6 0 0.1 0 0.2-0.1 0.3v0.3c-0.1 0.6-0.1 1.1-0.1 1.6l0.8 273.4L566 501l-0.8-273.4c0-0.6 0.1-1.3 0.2-1.9 0-0.1 0-0.2 0.1-0.3 0.1-0.6 0.2-1.2 0.4-1.8 0-0.1 0-0.1 0.1-0.2 0.2-0.7 0.4-1.3 0.7-2 0.3-0.7 0.6-1.3 1-2v-0.1l1.2-1.8c0-0.1 0.1-0.1 0.1-0.2l1.2-1.5 0.3-0.3c0.3-0.4 0.7-0.7 1.1-1 0.2-0.1 0.3-0.3 0.5-0.4 0.5-0.4 1-0.8 1.6-1.1l9.3-5.4-14.8-8.6z\" fill=\"#2A2ABC\"/><path d=\"M613.6 189.9c4.6-2.7 8.4-0.5 8.5 4.8l0.8 273.4c0 5.3-3.8 11.9-8.4 14.5l-40.1 23.1c-4.6 2.7-8.4 0.5-8.5-4.8l-0.8-273.4c0-5.3 3.8-11.9 8.4-14.5l9.3-5.4c0 6.8 4.8 9.5 10.7 6.1 5.9-3.4 10.7-11.7 10.7-18.5l9.4-5.3z\" fill=\"#4040FF\"/><path d=\"M593.7 189.1c5.9-3.4 10.7-0.7 10.7 6.1s-4.8 15.1-10.7 18.5-10.7 0.7-10.7-6.1 4.8-15.1 10.7-18.5z\" fill=\"#FFFFFF\"/><path d=\"M586.5 179.8l-0.6-0.3h-0.1c-0.1 0-0.1 0-0.2-0.1-0.1 0-0.2-0.1-0.3-0.1-0.1 0-0.2 0-0.3-0.1H584.7c-0.2 0-0.4-0.1-0.6-0.1h-1.5c-0.1 0-0.2 0-0.3 0.1-0.1 0-0.3 0.1-0.4 0.1-0.1 0-0.2 0-0.2 0.1-0.1 0-0.2 0.1-0.2 0.1-0.2 0.1-0.5 0.2-0.8 0.3-0.1 0-0.2 0.1-0.3 0.1-0.1 0-0.1 0.1-0.2 0.1-0.4 0.2-0.9 0.4-1.3 0.7-0.6 0.3-1.1 0.7-1.7 1.1-0.1 0.1-0.2 0.1-0.3 0.2-0.5 0.4-1 0.9-1.5 1.3l-0.1 0.1-0.2 0.2c-0.2 0.2-0.5 0.5-0.7 0.8-0.1 0.1-0.1 0.2-0.2 0.2l-0.2 0.2c-0.1 0.2-0.3 0.3-0.4 0.5l-0.3 0.3c-0.1 0.1-0.1 0.2-0.2 0.3-0.1 0.1-0.2 0.3-0.3 0.4-0.1 0.1-0.1 0.2-0.2 0.3-0.1 0.2-0.2 0.3-0.3 0.5-0.1 0.1-0.1 0.2-0.2 0.3l-0.1 0.1-0.6 0.9v0.1c0 0.1-0.1 0.1-0.1 0.2-0.1 0.2-0.2 0.4-0.4 0.7-0.1 0.1-0.1 0.2-0.2 0.3-0.1 0.1-0.1 0.2-0.2 0.3 0 0.1-0.1 0.2-0.1 0.3-0.1 0.3-0.2 0.5-0.4 0.8 0 0 0 0.1-0.1 0.1-0.1 0.3-0.3 0.6-0.4 1 0 0.1 0 0.1-0.1 0.2 0 0.1-0.1 0.2-0.1 0.3-0.1 0.2-0.1 0.3-0.2 0.5 0 0.1-0.1 0.2-0.1 0.4 0 0.1-0.1 0.3-0.1 0.4 0 0.1 0 0.2-0.1 0.3 0 0.2-0.1 0.3-0.1 0.5s-0.1 0.4-0.1 0.5v0.2c0 0.1-0.1 0.3-0.1 0.4-0.1 0.3-0.1 0.6-0.1 0.9v0.4c-0.1 0.6-0.1 1.2-0.1 1.8l14.8 8.8v-0.1c0-0.6 0-1.2 0.1-1.9v-0.4c0-0.3 0.1-0.6 0.1-0.9 0-0.1 0-0.3 0.1-0.4v-0.2c0-0.2 0.1-0.4 0.1-0.5 0-0.2 0.1-0.3 0.1-0.5 0-0.1 0.1-0.2 0.1-0.3 0-0.1 0.1-0.3 0.1-0.4 0-0.1 0.1-0.3 0.1-0.4 0.1-0.2 0.1-0.3 0.2-0.5 0-0.1 0.1-0.2 0.1-0.3 0-0.1 0-0.1 0.1-0.2 0.1-0.3 0.3-0.6 0.4-1 0 0 0-0.1 0.1-0.1 0.1-0.3 0.2-0.5 0.3-0.8 0-0.1 0.1-0.2 0.1-0.3 0.1-0.1 0.1-0.2 0.2-0.3 0.1-0.1 0.1-0.2 0.2-0.3 0.1-0.2 0.2-0.4 0.4-0.7 0-0.1 0.1-0.1 0.1-0.2v-0.1l0.6-0.9 0.1-0.1c0.1-0.1 0.1-0.2 0.2-0.3 0.1-0.2 0.2-0.3 0.3-0.5 0.1-0.1 0.1-0.2 0.2-0.3 0.1-0.1 0.2-0.3 0.3-0.4 0.1-0.1 0.1-0.2 0.2-0.3l0.3-0.3c0.1-0.2 0.3-0.3 0.4-0.5l0.2-0.2 0.2-0.2c0.2-0.3 0.5-0.5 0.7-0.8l0.2-0.2 0.1-0.1c0.5-0.5 1-0.9 1.5-1.3 0.1-0.1 0.2-0.1 0.3-0.2 0.5-0.4 1.1-0.8 1.7-1.1 0.5-0.3 0.9-0.5 1.3-0.7 0.1-0.1 0.3-0.1 0.4-0.2 0.3-0.1 0.5-0.2 0.8-0.3 0.2 0 0.3-0.1 0.5-0.1 0.1 0 0.3-0.1 0.4-0.1 0.2 0 0.4-0.1 0.6-0.1h1.2c0.3 0 0.5 0.1 0.8 0.1h0.2c0.2 0 0.4 0.1 0.6 0.2 0.1 0 0.1 0 0.2 0.1 0.2 0.1 0.5 0.2 0.7 0.3l-14.8-8.7z\" fill=\"#ACC5EA\"/><path d=\"M568.2 198.9c0 0.1 0 0.1 0 0 0 0.1 0 0.1 0 0z\" fill=\"#FFFFFF\"/><path d=\"M719.2 434.3c-0.1 0-0.1 0 0 0-0.3-0.2-0.5-0.3-0.8-0.4h-0.1c-0.1 0-0.2-0.1-0.2-0.1-0.1 0-0.2-0.1-0.4-0.1-0.1 0-0.3-0.1-0.4-0.1-0.1 0-0.2 0-0.2-0.1h-0.1c-0.3 0-0.5-0.1-0.8-0.1h-1.9c-0.1 0-0.2 0.1-0.3 0.1-0.2 0-0.4 0.1-0.6 0.1-0.1 0-0.2 0-0.3 0.1-0.1 0-0.2 0.1-0.3 0.1-0.3 0.1-0.6 0.2-1 0.3-0.1 0-0.2 0.1-0.3 0.1-0.1 0-0.1 0.1-0.2 0.1-0.6 0.2-1.1 0.5-1.7 0.8L569.7 516c-0.7 0.4-1.4 0.9-2.1 1.4-0.1 0.1-0.2 0.2-0.4 0.3-0.7 0.5-1.3 1.1-1.9 1.7-0.1 0.1-0.1 0.1-0.2 0.1l-0.3 0.3c-0.3 0.3-0.6 0.6-0.9 1l-0.3 0.3c-0.1 0.1-0.1 0.2-0.2 0.3-0.2 0.2-0.4 0.4-0.5 0.6-0.1 0.1-0.2 0.3-0.3 0.4-0.1 0.1-0.2 0.2-0.3 0.4-0.1 0.2-0.3 0.3-0.4 0.5-0.1 0.1-0.2 0.2-0.3 0.4-0.1 0.2-0.3 0.4-0.4 0.6-0.1 0.1-0.2 0.3-0.3 0.4 0 0.1-0.1 0.1-0.1 0.2-0.2 0.4-0.5 0.8-0.7 1.1v0.1c0 0.1-0.1 0.2-0.1 0.2-0.2 0.3-0.3 0.6-0.5 0.8-0.1 0.1-0.1 0.3-0.2 0.4-0.1 0.1-0.1 0.3-0.2 0.4-0.1 0.1-0.1 0.2-0.2 0.4-0.2 0.3-0.3 0.6-0.4 0.9 0 0.1-0.1 0.1-0.1 0.2-0.2 0.4-0.3 0.8-0.5 1.2 0 0.1-0.1 0.1-0.1 0.2-0.1 0.1-0.1 0.3-0.2 0.4-0.1 0.2-0.2 0.4-0.2 0.6-0.1 0.2-0.1 0.3-0.1 0.5-0.1 0.2-0.1 0.4-0.2 0.6 0 0.1-0.1 0.2-0.1 0.4-0.1 0.2-0.1 0.4-0.2 0.6-0.1 0.2-0.1 0.5-0.2 0.7 0 0.1 0 0.2-0.1 0.2 0 0.2-0.1 0.3-0.1 0.5-0.1 0.4-0.1 0.7-0.2 1.1 0 0.1 0 0.2-0.1 0.3v0.3c-0.1 0.8-0.2 1.6-0.2 2.4l0.3 93.3c0 3.2 0.9 5.7 2.3 7.3 0.5 0.5 1 1 1.6 1.4l14.8 8.6c-2.4-1.4-3.9-4.4-4-8.7l0.1-93.3c0-0.8 0.1-1.6 0.2-2.4 0-0.2 0-0.4 0.1-0.6 0.1-0.4 0.1-0.7 0.2-1.1 0-0.2 0.1-0.5 0.1-0.7 0.1-0.2 0.1-0.5 0.2-0.7 0.1-0.3 0.2-0.6 0.3-1 0.1-0.2 0.1-0.4 0.2-0.6 0.1-0.4 0.2-0.7 0.4-1.1 0.1-0.1 0.1-0.3 0.2-0.4l0.6-1.5c0-0.1 0.1-0.1 0.1-0.2 0.2-0.4 0.4-0.9 0.6-1.3 0.1-0.1 0.1-0.3 0.2-0.4 0.2-0.4 0.4-0.8 0.7-1.2 0-0.1 0.1-0.2 0.1-0.2 0.3-0.5 0.6-0.9 0.9-1.4 0.1-0.1 0.2-0.3 0.3-0.4 0.2-0.3 0.4-0.6 0.7-1 0.1-0.2 0.2-0.3 0.4-0.5 0.2-0.3 0.4-0.5 0.6-0.8 0.2-0.2 0.3-0.4 0.5-0.6 0.2-0.2 0.3-0.4 0.5-0.6 0.3-0.3 0.6-0.7 0.9-1 0.1-0.2 0.3-0.3 0.4-0.4 0.6-0.6 1.3-1.2 1.9-1.7 0.1-0.1 0.2-0.2 0.4-0.3 0.7-0.5 1.4-1 2.1-1.4l139.9-80.7c0.6-0.3 1.1-0.6 1.7-0.8 0.2-0.1 0.4-0.1 0.5-0.2 0.3-0.1 0.6-0.2 1-0.3 0.2-0.1 0.4-0.1 0.6-0.2 0.2 0 0.4-0.1 0.6-0.1 0.2 0 0.5-0.1 0.7-0.1h1.5c0.3 0 0.7 0.1 1 0.1 0.1 0 0.2 0 0.2 0.1 0.3 0.1 0.5 0.1 0.7 0.2 0.1 0 0.2 0.1 0.2 0.1 0.3 0.1 0.6 0.3 0.9 0.4l-15.1-8.7z\" fill=\"#C68620\"/><path d=\"M724.3 443.8c7.5-4.3 13.6-0.9 13.6 7.7l0.3 93.3c0 8.6-6 19.1-13.5 23.4l-139.9 80.7c-7.5 4.3-13.6 0.8-13.6-7.7L571 548c0-8.6 6-19.1 13.5-23.4l139.8-80.8z\" fill=\"#FFCD2E\"/><path d=\"M692.1 531.1l-10.4-6c-0.1-0.1-0.2-0.1-0.3-0.3l10.4 6c0.1 0.2 0.2 0.3 0.3 0.3\" fill=\"#674611\"/><path d=\"M688.7 526.5l-10.4-6 3.2 4.3 10.4 6.1z\" fill=\"#E8CFAC\"/><path d=\"M691.3 491.1c1.4-0.8 2.3 0.4 1.6 2.2l-9.4 24.3c-0.3 0.9-1 1.6-1.6 2-0.6 0.4-1.2 0.4-1.6-0.1l-3.1-4.4-28.2 35.2c-0.5 0.6-1.1 1.1-1.6 1.5-1.1 0.6-2.2 0.6-2.8-0.2l-8-11.2-28.1 35c-0.5 0.6-1.1 1.1-1.6 1.5-1.1 0.7-2.2 0.6-2.8-0.2-0.9-1.3-0.4-3.9 1.2-5.8l30.9-38.5c0.5-0.6 1.1-1.1 1.6-1.5 1.1-0.7 2.2-0.6 2.8 0.2l8 11.2 25.4-31.7-3.1-4.4c-0.7-1 0.2-3.2 1.5-4l18.9-11.1z\" fill=\"#C68620\"/><path d=\"M649.6 547.6l10.4 6 25.4-31.7-3.1-4.4-10.4-6 3.1 4.3z\" fill=\"#E8CFAC\"/><path d=\"M704 502.4l-5.3-3.1-5.1-3h-1.1c-0.1 0-0.2 0.1-0.3 0.1l-18.9 11c-0.2 0.1-0.4 0.3-0.6 0.4l-0.2 0.2-0.1 0.1c0 0.1-0.1 0.1-0.1 0.2s-0.1 0.1-0.1 0.2-0.1 0.1-0.1 0.2v0.1c0 0.1-0.1 0.1-0.1 0.2s0 0.1-0.1 0.2c0 0.1 0 0.1-0.1 0.2 0 0.1 0 0.1-0.1 0.2 0 0.1 0 0.1-0.1 0.2 0 0.1 0 0.1-0.1 0.2v0.9c0 0.2 0.1 0.4 0.2 0.5l10.4 6c-0.1-0.1-0.2-0.3-0.2-0.5v-1c0.1-0.4 0.2-0.8 0.4-1.1 0.1-0.2 0.2-0.4 0.3-0.5 0.1-0.1 0.2-0.3 0.4-0.4 0.2-0.2 0.4-0.3 0.6-0.4l18.9-11c0.1-0.1 0.2-0.1 0.3-0.2h0.1c0.1 0 0.2-0.1 0.3-0.1h0.3c0.4 0.2 0.5 0.2 0.5 0.2 0.1 0 0.1 0 0 0z m-48 60.5l-8-11.2-10.4-6 8 11.2c0.1 0.2 0.3 0.4 0.5 0.5l10.4 6c-0.2-0.1-0.3-0.3-0.5-0.5z\" fill=\"#E8CFAC\"/><path d=\"M641 535.9c-0.1 0-0.1-0.1-0.2-0.1s-0.1 0-0.2-0.1h-0.7c-0.1 0-0.2 0-0.3 0.1 0 0-0.1 0-0.1 0.1h-0.2c-0.2 0.1-0.3 0.1-0.5 0.2s-0.5 0.3-0.7 0.5l-0.2 0.2-0.2 0.2-0.4 0.4-0.2 0.2-30.9 38.5 10.4 6 30.9-38.5c0.2-0.3 0.5-0.5 0.7-0.8l0.2-0.2c0.2-0.2 0.5-0.4 0.7-0.5l0.6-0.3h0.1c0.2-0.1 0.4-0.1 0.5-0.1h0.5c0.2 0 0.3 0.1 0.5 0.2l-10.3-6z\" fill=\"#E8CFAC\"/><path d=\"M605.9 576.5c-0.1 0.1-0.1 0.2-0.2 0.3v0.1c0 0.1-0.1 0.1-0.1 0.2-0.1 0.1-0.1 0.2-0.2 0.3 0 0.1-0.1 0.2-0.1 0.3 0 0.1-0.1 0.1-0.1 0.2s-0.1 0.2-0.1 0.3c0 0.1-0.1 0.2-0.1 0.3 0 0.1-0.1 0.2-0.1 0.3 0 0.1-0.1 0.3-0.1 0.4v0.1c0 0.1 0 0.2-0.1 0.3v1.3c0.1 0.3 0.2 0.7 0.4 0.9 0.1 0.2 0.3 0.4 0.5 0.5l10.4 6c-0.2-0.1-0.4-0.3-0.5-0.5-0.2-0.3-0.3-0.6-0.4-0.9v-0.1c-0.1-0.3-0.1-0.7 0-1.1 0-0.1 0-0.3 0.1-0.4v-0.1c0.1-0.3 0.1-0.5 0.2-0.8 0.1-0.3 0.2-0.5 0.3-0.8 0.1-0.3 0.3-0.5 0.4-0.8 0.2-0.3 0.3-0.5 0.5-0.7l-10.4-6-0.1 0.1c-0.1 0.1-0.1 0.2-0.2 0.3z\" fill=\"#E8CFAC\"/><path d=\"M702.8 502.6c1.4-0.8 2.3 0.4 1.6 2.2L695 529c-0.3 0.9-1 1.6-1.6 2-0.6 0.4-1.2 0.4-1.6-0.1l-3.1-4.4-28.3 35.2c-0.5 0.6-1.1 1.1-1.6 1.5-1.1 0.7-2.2 0.6-2.8-0.2l-8-11.2-28.1 35c-0.5 0.6-1.1 1.1-1.6 1.5-1.1 0.7-2.2 0.6-2.8-0.2-0.9-1.3-0.4-3.9 1.2-5.8l30.9-38.5c0.5-0.6 1.1-1.1 1.6-1.5 1.1-0.7 2.2-0.6 2.8 0.2l8 11.2 25.4-31.7-3.1-4.4c-0.7-1 0.2-3.2 1.5-4l19-11z\" fill=\"#FFFFFF\"/></svg>','Blog','blogs','/newsblogs',5,1,1,'2025-12-10 06:10:01','2026-01-17 05:40:12'),(6,'<svg xmlns=\"http://www.w3.org/2000/svg\" width=\"800px\" height=\"800px\" viewBox=\"0 0 1024 1024\" class=\"icon\" version=\"1.1\"><path d=\"M906.3 583.4c-1.1 11-11.2 16.5-19.8 21.5-8 4.6-16 9.3-23.9 13.9-12.8 7.4-25.5 14.8-38.3 22.2-16 9.3-31.9 18.6-47.9 27.8-17.6 10.2-35.2 20.5-52.9 30.7-17.7 10.3-35.4 20.6-53.2 30.9-16.3 9.5-32.5 18.9-48.8 28.4-13.3 7.7-26.5 15.4-39.8 23.1-8.7 5-17.4 10.1-26.1 15.1-6.6 3.8-12.8 7.6-20.3 9.8-19.5 5.6-41.1 3.7-58.7-6.5-6.3-3.7-12.7-7.3-19-11-11.6-6.7-23.1-13.3-34.7-20-15.2-8.8-30.4-17.6-45.6-26.3-17.3-10-34.7-20-52-30-17.9-10.3-35.8-20.7-53.7-31-16.9-9.8-33.8-19.5-50.8-29.3l-43.2-24.9c-10.3-6-20.7-11.9-31-17.9-4.7-2.7-9.4-5.4-14.1-8.2-7.4-4.3-14.7-11.1-14.7-20.3 0 8.4 0 16.8-0.1 25.3 0 3-0.2 6.1 0 9.2 0.6 8.1 7 14.4 13.7 18.4 4.1 2.5 8.3 4.8 12.5 7.2 10.8 6.2 21.6 12.5 32.4 18.7 15.6 9 31.1 18 46.7 27 18.5 10.7 37.1 21.4 55.6 32.1 19.3 11.2 38.6 22.3 58 33.5 18.4 10.6 36.7 21.2 55.1 31.8 15.3 8.8 30.5 17.6 45.8 26.4 10.3 6 20.7 11.9 31 17.9 6 3.4 11.9 7.3 18.4 9.7 20.3 7.4 44.1 5.8 62.8-5.1 7.1-4.1 14.2-8.3 21.3-12.4 13.1-7.6 26.2-15.2 39.2-22.8 17.1-9.9 34.1-19.8 51.2-29.8 19.1-11.1 38.2-22.2 57.2-33.3l57.3-33.3c17.1-10 34.2-19.9 51.4-29.9 13.3-7.7 26.6-15.4 39.9-23.2 7.3-4.3 14.7-8.5 22-12.8 2.2-1.3 4.5-2.6 6.6-4.1 5.6-4.2 10-10 10.1-17.3 0.1-3.7 0-7.3 0-11 0-7.3 0-14.7 0.1-22 0.4 0.8 0.3 1.3 0.3 1.8-0.1 0.3 0-0.2 0 0z\" fill=\"#7A9EFD\"/><path d=\"M892 561.9c19 11 19.1 28.9 0.2 39.9L547.9 801.9c-18.9 11-49.8 11-68.8 0L132.3 601.8c-19-11-19.1-28.9-0.2-39.9l344.4-200.2c18.9-11 49.8-11 68.8 0L892 561.9z\" fill=\"#E4ECF9\"/><path d=\"M297.6 491.2c0-0.3 0.1-0.6 0.1-0.9 0-0.2 0.1-0.4 0.1-0.6 0-0.2 0.1-0.4 0.1-0.5 0.1-0.3 0.1-0.5 0.2-0.8 0-0.1 0.1-0.3 0.1-0.4l0.3-0.9c0-0.1 0.1-0.2 0.1-0.4 0.1-0.4 0.3-0.8 0.5-1.2 0 0 0-0.1 0.1-0.1 0.2-0.4 0.3-0.7 0.5-1 0.1-0.1 0.1-0.2 0.2-0.3 0.2-0.3 0.3-0.6 0.5-1 0-0.1 0.1-0.1 0.1-0.2 0.2-0.4 0.4-0.7 0.7-1.1 0.1-0.1 0.1-0.2 0.2-0.3 0.2-0.3 0.3-0.5 0.5-0.8 0.1-0.1 0.2-0.3 0.3-0.4 0.2-0.2 0.3-0.4 0.5-0.6 0.1-0.2 0.3-0.3 0.4-0.5 0.1-0.2 0.3-0.3 0.4-0.5 0.2-0.3 0.5-0.5 0.7-0.8l0.4-0.4c0.5-0.5 1-0.9 1.5-1.3 0.1-0.1 0.2-0.1 0.3-0.2 0.5-0.4 1.1-0.8 1.7-1.1 0.4-0.3 0.9-0.5 1.3-0.6 0.1-0.1 0.3-0.1 0.4-0.2 0.3-0.1 0.5-0.2 0.8-0.3 0.2 0 0.3-0.1 0.5-0.1 0.1 0 0.3-0.1 0.4-0.1 0.2 0 0.4-0.1 0.6-0.1h1.2c0.3 0 0.5 0.1 0.8 0.1h0.2c0.2 0 0.4 0.1 0.6 0.2 0.1 0 0.1 0 0.2 0.1 0.2 0.1 0.5 0.2 0.7 0.3l-14.8-8.6h-0.1c-0.2-0.1-0.4-0.2-0.5-0.3h-0.1c-0.1 0-0.1 0-0.2-0.1-0.1 0-0.2-0.1-0.3-0.1-0.1 0-0.2 0-0.3-0.1H299.2c-0.2 0-0.4-0.1-0.6-0.1h-1.5c-0.1 0-0.2 0-0.3 0.1-0.1 0-0.3 0.1-0.4 0.1-0.1 0-0.2 0-0.2 0.1-0.1 0-0.2 0.1-0.2 0.1-0.2 0.1-0.5 0.2-0.8 0.3-0.1 0-0.2 0.1-0.3 0.1 0 0-0.1 0.1-0.2 0.1-0.4 0.2-0.9 0.4-1.3 0.7-0.6 0.3-1.1 0.7-1.6 1.1-0.1 0.1-0.2 0.1-0.3 0.2-0.5 0.4-1 0.9-1.5 1.3l-0.1 0.1-0.2 0.2c-0.2 0.2-0.5 0.5-0.7 0.8l-0.2 0.2-0.2 0.2c-0.1 0.2-0.3 0.3-0.4 0.5l-0.3 0.3c-0.1 0.1-0.1 0.2-0.2 0.3-0.1 0.1-0.2 0.3-0.3 0.4-0.1 0.1-0.1 0.2-0.2 0.3-0.1 0.2-0.2 0.3-0.3 0.5-0.1 0.1-0.1 0.2-0.2 0.3l-0.1 0.1-0.6 0.9v0.1c0 0.1-0.1 0.1-0.1 0.2-0.1 0.2-0.2 0.4-0.4 0.7-0.1 0.1-0.1 0.2-0.2 0.3-0.1 0.1-0.1 0.2-0.2 0.3 0 0.1-0.1 0.2-0.1 0.3-0.1 0.3-0.2 0.5-0.3 0.8 0 0 0 0.1-0.1 0.1-0.1 0.3-0.3 0.6-0.4 1 0 0.1 0 0.1-0.1 0.2 0 0.1-0.1 0.2-0.1 0.4-0.1 0.2-0.1 0.3-0.2 0.5 0 0.1-0.1 0.3-0.1 0.4 0 0.1-0.1 0.3-0.1 0.4 0 0.1-0.1 0.2-0.1 0.3 0 0.2-0.1 0.3-0.1 0.5s-0.1 0.4-0.1 0.5v0.2c0 0.1 0 0.3-0.1 0.4-0.1 0.3-0.1 0.6-0.1 0.9v0.4c-0.1 0.6-0.1 1.3-0.1 1.9 0 3.4 1.2 5.8 3.1 6.9l14.8 8.6c-1.9-1.1-3.1-3.5-3.1-6.9 0-0.6 0-1.2 0.1-1.9-0.4-0.2-0.4-0.4-0.3-0.5z\" fill=\"#ACC5EA\"/><path d=\"M330.1 473.6c0.1 0 0.3-0.1 0.4-0.1 0.1 0 0.2-0.1 0.3-0.1 0.2 0 0.3-0.1 0.4-0.1h1c0.2 0 0.4 0 0.6 0.1h0.2c0.2 0 0.3 0.1 0.5 0.1 0 0 0.1 0 0.1 0.1l0.6 0.3-14.8-8.6c-0.1-0.1-0.3-0.1-0.4-0.2h-0.1s-0.1 0-0.1-0.1c-0.1 0-0.1-0.1-0.2-0.1s-0.2 0-0.2-0.1H318.1c-0.2 0-0.3 0-0.5-0.1h-1.3c-0.1 0-0.2 0-0.3 0.1h-0.2c-0.1 0-0.1 0-0.2 0.1-0.2 0.1-0.4 0.1-0.6 0.2-0.1 0-0.1 0-0.2 0.1 0 0-0.1 0-0.1 0.1-0.3 0.1-0.7 0.3-1 0.5l-9.4 5.4 14.8 8.6 9.4-5.4c0.4-0.2 0.7-0.4 1-0.5 0.1 0 0.2-0.1 0.3-0.1-0.1-0.1 0.1-0.1 0.3-0.2z\" fill=\"#2A2ABC\"/><path d=\"M300.5 500.5l-14.8-8.6h0.1l14.7 8.6\" fill=\"#28289E\"/><path d=\"M300.6 500.6l-14.8-8.6c0.2 0.1 0.4 0.2 0.5 0.3l14.8 8.6c-0.2-0.2-0.4-0.2-0.5-0.3\" fill=\"#2929A3\"/><path d=\"M301.1 500.8l-14.8-8.6c0.2 0.1 0.4 0.1 0.6 0.2l14.8 8.6c-0.2 0-0.4-0.1-0.6-0.2\" fill=\"#2A2AA8\"/><path d=\"M301.7 501l-14.8-8.6c0.2 0.1 0.4 0.1 0.6 0.1l14.8 8.6c-0.2 0-0.4 0-0.6-0.1\" fill=\"#2C2CAD\"/><path d=\"M302.3 501.2l-14.8-8.6c0.2 0 0.4 0.1 0.6 0.1l14.8 8.6c-0.2-0.1-0.4-0.1-0.6-0.1\" fill=\"#2D2DB3\"/><path d=\"M302.9 501.2l-14.8-8.6h0.7l14.8 8.6h-0.7\" fill=\"#2E2EB8\"/><path d=\"M303.6 501.2l-14.8-8.6c0.3 0 0.5 0 0.8-0.1l14.8 8.6c-0.3 0.1-0.5 0.1-0.8 0.1\" fill=\"#2F2FBD\"/><path d=\"M304.4 501.2l-14.8-8.6c0.3 0 0.6-0.1 0.9-0.2l14.8 8.6c-0.3 0-0.6 0.1-0.9 0.2\" fill=\"#3131C2\"/><path d=\"M305.3 501l-14.8-8.6c0.4-0.1 0.8-0.3 1.3-0.4l14.8 8.6c-0.4 0.1-0.8 0.2-1.3 0.4\" fill=\"#3232C7\"/><path d=\"M306.6 500.5l-14.8-8.6c0.5-0.2 1-0.5 1.5-0.7 1.3-0.7 2.5-1.7 3.6-2.8l14.8 8.6c-1.1 1.1-2.3 2-3.6 2.8-0.5 0.3-1 0.5-1.5 0.7\" fill=\"#3333CC\"/><path d=\"M311.7 497l-14.8-8.6 1.2-1.2 14.8 8.6-1.2 1.2\" fill=\"#3232C7\"/><path d=\"M312.9 495.8l-14.8-8.6c0.3-0.3 0.6-0.7 0.9-1.1l14.8 8.6c-0.4 0.4-0.7 0.7-0.9 1.1\" fill=\"#3131C2\"/><path d=\"M313.7 494.7l-14.8-8.6c0.2-0.3 0.5-0.6 0.7-1l14.8 8.6c-0.2 0.4-0.4 0.7-0.7 1\" fill=\"#2F2FBD\"/><path d=\"M314.4 493.7l-14.8-8.6 0.6-0.9 14.8 8.6c-0.1 0.3-0.4 0.6-0.6 0.9\" fill=\"#2E2EB8\"/><path d=\"M315.1 492.8l-14.8-8.6 0.6-0.9 14.8 8.6c-0.3 0.3-0.5 0.6-0.6 0.9\" fill=\"#2D2DB3\"/><path d=\"M315.6 491.9l-14.8-8.6c0.2-0.3 0.3-0.6 0.5-0.9l14.8 8.6c-0.2 0.3-0.3 0.6-0.5 0.9\" fill=\"#2C2CAD\"/><path d=\"M316.1 491l-14.8-8.6c0.2-0.3 0.3-0.6 0.5-0.9l14.8 8.6c-0.2 0.3-0.3 0.6-0.5 0.9\" fill=\"#2A2AA8\"/><path d=\"M316.6 490.1l-14.8-8.6c0.1-0.3 0.3-0.6 0.4-0.9l14.8 8.6c-0.1 0.3-0.3 0.6-0.4 0.9\" fill=\"#2929A3\"/><path d=\"M317 489.2l-14.8-8.6c0.1-0.3 0.3-0.6 0.4-1l14.8 8.6c-0.1 0.3-0.3 0.6-0.4 1\" fill=\"#28289E\"/><path d=\"M317.4 488.2l-14.8-8.6c0.1-0.3 0.3-0.7 0.4-1l14.8 8.6c-0.2 0.3-0.3 0.7-0.4 1\" fill=\"#262699\"/><path d=\"M317.7 487.2l-14.8-8.6c0.1-0.4 0.2-0.7 0.3-1.1l14.8 8.6c0 0.4-0.1 0.7-0.3 1.1\" fill=\"#252594\"/><path d=\"M318.1 486.1l-14.8-8.6 0.3-1.2 14.8 8.6-0.3 1.2\" fill=\"#24248F\"/><path d=\"M318.4 484.9l-14.8-8.6 0.3-1.5 14.8 8.6-0.3 1.5\" fill=\"#23238A\"/><path d=\"M318.6 483.4l-14.8-8.6c0.1-0.7 0.1-1.4 0.1-2.1 0-0.5 0-0.9-0.1-1.4l14.8 8.6c0 0.5 0.1 0.9 0.1 1.4 0.1 0.7 0 1.4-0.1 2.1\" fill=\"#212185\"/><path d=\"M282.6 483.6l-9.4 5.4c-0.5 0.3-1.1 0.7-1.6 1.1-0.2 0.1-0.3 0.3-0.5 0.4-0.2 0.2-0.5 0.4-0.7 0.6l-0.3 0.3-0.3 0.3-0.3 0.3c-0.2 0.3-0.5 0.5-0.7 0.8-0.1 0.1-0.2 0.2-0.2 0.3 0 0.1-0.1 0.1-0.1 0.2-0.1 0.1-0.1 0.2-0.2 0.3-0.2 0.2-0.3 0.5-0.5 0.7-0.2 0.2-0.3 0.5-0.4 0.7v0.2l-0.3 0.6c-0.1 0.2-0.2 0.5-0.4 0.7l-0.3 0.6c-0.1 0.3-0.2 0.5-0.3 0.8-0.1 0.3-0.2 0.5-0.3 0.8 0 0.1-0.1 0.3-0.1 0.4 0 0.1 0 0.1-0.1 0.2 0 0.1-0.1 0.2-0.1 0.3-0.1 0.3-0.2 0.6-0.2 1 0 0.2-0.1 0.4-0.1 0.6 0 0.1 0 0.2-0.1 0.3v0.3c-0.1 0.6-0.1 1.1-0.1 1.6l0.4 124.5c0 2.6 1 4.5 2.5 5.4l14.8 8.6c-1.5-0.9-2.5-2.7-2.5-5.4l-0.4-124.5c0-0.6 0.1-1.3 0.2-1.9 0-0.1 0-0.2 0.1-0.3 0.1-0.6 0.2-1.2 0.4-1.8 0-0.1 0-0.1 0.1-0.2 0.2-0.7 0.4-1.3 0.7-2 0.3-0.7 0.6-1.3 1-2v-0.1l1.2-1.8c0-0.1 0.1-0.1 0.1-0.2l1.2-1.5 0.3-0.3c0.3-0.4 0.7-0.7 1.1-1 0.2-0.1 0.3-0.3 0.5-0.4 0.5-0.4 1-0.8 1.6-1.1l9.4-5.4-15.1-8.4z\" fill=\"#2A2ABC\"/><path d=\"M328.1 474.5c4.6-2.7 8.4-0.5 8.5 4.8l0.4 124.5c0 5.3-3.8 11.9-8.4 14.5l-40.1 23.1c-4.6 2.7-8.4 0.5-8.5-4.8l-0.4-124.5c0-5.3 3.8-11.9 8.4-14.5l9.4-5.4c0 0.5-0.1 1-0.1 1.5 0 6.8 4.8 9.5 10.7 6.1 5.9-3.4 10.7-11.7 10.7-18.5 0-0.5 0-0.9-0.1-1.4l9.5-5.4z\" fill=\"#4040FF\"/><path d=\"M306.6 469.1l9.3 5.3-18.3 17.9-4-2.3 9.1-20.9z\" fill=\"#ACC5EA\"/><path d=\"M308.1 475c5.9-3.4 10.7-0.7 10.7 6.1s-4.8 15.1-10.7 18.5c-5.9 3.4-10.7 0.7-10.7-6.1s4.7-15 10.7-18.5z\" fill=\"#FFFFFF\"/><path d=\"M424.6 361.7c0.2-0.1 0.4-0.1 0.6-0.2 0.1 0 0.3-0.1 0.4-0.1 0.1 0 0.2-0.1 0.3-0.1 0.2 0 0.3-0.1 0.4-0.1h1c0.2 0 0.4 0 0.6 0.1h0.2c0.2 0 0.3 0.1 0.5 0.1 0 0 0.1 0 0.1 0.1l0.6 0.3-14.8-8.6c-0.1-0.1-0.3-0.1-0.4-0.2h-0.1s-0.1 0-0.1-0.1c-0.1 0-0.1-0.1-0.2-0.1s-0.2 0-0.2-0.1H413.2c-0.2 0-0.3 0-0.5-0.1h-1.3c-0.1 0-0.2 0-0.3 0.1h-0.2c-0.1 0-0.1 0-0.2 0.1-0.2 0.1-0.4 0.1-0.6 0.2-0.1 0-0.1 0-0.2 0.1 0 0-0.1 0-0.1 0.1-0.3 0.1-0.7 0.3-1 0.5l-9.3 5.4 14.8 8.6 9.3-5.4c0.4-0.2 0.7-0.4 1-0.5-0.2 0-0.1-0.1 0-0.1z\" fill=\"#2A2ABC\"/><path d=\"M395.6 387l-14.8-8.6h0.1l14.7 8.6c0.1 0 0.1 0 0 0\" fill=\"#28289E\"/><path d=\"M395.7 387l-14.8-8.6c0.2 0.1 0.4 0.2 0.5 0.3l14.8 8.6c-0.1-0.1-0.3-0.2-0.5-0.3\" fill=\"#2929A3\"/><path d=\"M396.2 387.3l-14.8-8.6c0.2 0.1 0.4 0.1 0.6 0.2l14.8 8.6c-0.2-0.1-0.4-0.2-0.6-0.2\" fill=\"#2A2AA8\"/><path d=\"M396.8 387.5l-14.8-8.6c0.2 0.1 0.4 0.1 0.6 0.1l14.8 8.6c-0.2 0-0.4-0.1-0.6-0.1\" fill=\"#2C2CAD\"/><path d=\"M397.4 387.6l-14.8-8.6c0.2 0 0.4 0.1 0.6 0.1l14.8 8.6c-0.2 0-0.4-0.1-0.6-0.1\" fill=\"#2D2DB3\"/><path d=\"M398.1 387.7l-14.8-8.6h0.7l14.8 8.6h-0.7\" fill=\"#2E2EB8\"/><path d=\"M398.8 387.7l-14.8-8.6c0.3 0 0.5 0 0.8-0.1l14.8 8.6c-0.3 0-0.6 0.1-0.8 0.1\" fill=\"#2F2FBD\"/><path d=\"M399.6 387.6l-14.8-8.6c0.3 0 0.6-0.1 0.9-0.2l14.8 8.6c-0.3 0.1-0.6 0.1-0.9 0.2\" fill=\"#3131C2\"/><path d=\"M400.5 387.4l-14.8-8.6c0.4-0.1 0.8-0.3 1.3-0.4l14.8 8.6c-0.5 0.1-0.9 0.3-1.3 0.4\" fill=\"#3232C7\"/><path d=\"M401.8 387l-14.8-8.6c0.5-0.2 1-0.5 1.5-0.7 1.3-0.7 2.5-1.7 3.6-2.8l14.8 8.6c-1.1 1.1-2.3 2-3.6 2.8-0.5 0.2-1 0.5-1.5 0.7\" fill=\"#3333CC\"/><path d=\"M406.8 383.4l-14.8-8.6 1.2-1.2 14.8 8.6c-0.4 0.4-0.8 0.9-1.2 1.2\" fill=\"#3232C7\"/><path d=\"M408 382.2l-14.8-8.6c0.3-0.3 0.6-0.7 0.9-1.1l14.8 8.6c-0.3 0.4-0.6 0.8-0.9 1.1\" fill=\"#3131C2\"/><path d=\"M408.9 381.1l-14.8-8.6c0.2-0.3 0.5-0.6 0.7-1l14.8 8.6c-0.2 0.4-0.5 0.7-0.7 1\" fill=\"#2F2FBD\"/><path d=\"M409.6 380.2l-14.8-8.6 0.6-0.9 14.8 8.6-0.6 0.9\" fill=\"#2E2EB8\"/><path d=\"M410.2 379.3l-14.8-8.6 0.6-0.9 14.8 8.6-0.6 0.9\" fill=\"#2D2DB3\"/><path d=\"M410.8 378.4l-14.8-8.6c0.2-0.3 0.3-0.6 0.5-0.9l14.8 8.6c-0.2 0.3-0.4 0.6-0.5 0.9\" fill=\"#2C2CAD\"/><path d=\"M411.3 377.5l-14.8-8.6c0.2-0.3 0.3-0.6 0.5-0.9l14.8 8.6c-0.2 0.2-0.4 0.6-0.5 0.9\" fill=\"#2A2AA8\"/><path d=\"M411.7 376.5l-14.8-8.6c0.1-0.3 0.3-0.6 0.4-0.9l14.8 8.6c-0.1 0.3-0.2 0.6-0.4 0.9\" fill=\"#2929A3\"/><path d=\"M412.1 375.6l-14.8-8.6c0.1-0.3 0.3-0.6 0.4-1l14.8 8.6c-0.1 0.4-0.2 0.7-0.4 1\" fill=\"#28289E\"/><path d=\"M412.5 374.6l-14.8-8.6c0.1-0.3 0.3-0.7 0.4-1l14.8 8.6c-0.1 0.4-0.2 0.7-0.4 1\" fill=\"#262699\"/><path d=\"M412.9 373.6l-14.8-8.6c0.1-0.4 0.2-0.7 0.3-1.1l14.8 8.6c-0.1 0.4-0.2 0.8-0.3 1.1\" fill=\"#252594\"/><path d=\"M413.2 372.5l-14.8-8.6 0.3-1.2 14.8 8.6-0.3 1.2\" fill=\"#24248F\"/><path d=\"M413.5 371.3l-14.8-8.6 0.3-1.5 14.8 8.6-0.3 1.5\" fill=\"#23238A\"/><path d=\"M413.8 369.8l-14.8-8.6c0.1-0.7 0.1-1.4 0.1-2.1l14.8 8.6c0 0.7 0 1.4-0.1 2.1\" fill=\"#212185\"/><path d=\"M377.7 371.5l-9.3 5.4c-0.5 0.3-1.1 0.7-1.6 1.1-0.2 0.1-0.3 0.3-0.5 0.4-0.2 0.2-0.5 0.4-0.7 0.6-0.1 0.1-0.2 0.2-0.3 0.4l-0.3 0.3-0.3 0.3c-0.2 0.3-0.5 0.5-0.7 0.8-0.1 0.1-0.2 0.2-0.2 0.3 0 0.1-0.1 0.1-0.1 0.2-0.1 0.1-0.1 0.2-0.2 0.3-0.2 0.2-0.3 0.5-0.5 0.7-0.2 0.2-0.3 0.5-0.4 0.7v0.2l-0.3 0.6c-0.1 0.2-0.2 0.5-0.4 0.7l-0.3 0.6c-0.1 0.3-0.2 0.5-0.3 0.8-0.1 0.3-0.2 0.5-0.3 0.8 0 0.1-0.1 0.3-0.1 0.4 0 0.1 0 0.1-0.1 0.2 0 0.1-0.1 0.2-0.1 0.3-0.1 0.3-0.2 0.6-0.2 1 0 0.2-0.1 0.4-0.1 0.6 0 0.1 0 0.2-0.1 0.3v0.3c-0.1 0.6-0.1 1.1-0.1 1.6l0.6 198.2c0 2.6 0.9 4.5 2.5 5.4l14.8 8.6c-1.5-0.9-2.5-2.7-2.5-5.4l-9.9-5.7 9.9 5.7-0.8-198.2c0-0.6 0.1-1.3 0.2-1.9 0-0.1 0-0.2 0.1-0.3 0.1-0.6 0.2-1.2 0.4-1.8 0-0.1 0-0.1 0.1-0.2 0.2-0.7 0.4-1.3 0.7-2 0.3-0.7 0.6-1.3 1-2v-0.1l1.2-1.8c0-0.1 0.1-0.1 0.1-0.2l1.2-1.5 0.3-0.3c0.3-0.4 0.7-0.7 1.1-1 0.2-0.1 0.3-0.3 0.5-0.4 0.5-0.4 1-0.8 1.6-1.1l9.3-5.4-14.9-8.5z\" fill=\"#2A2ABC\"/><path d=\"M423.3 362.3c4.6-2.7 8.4-0.5 8.5 4.8l0.6 198.2c0 5.3-3.8 11.9-8.4 14.5L383.8 603c-4.6 2.7-8.4 0.5-8.5-4.8l-0.5-198.2c0-5.3 3.8-11.9 8.4-14.5l9.3-5.4c0 6.8 4.8 9.5 10.7 6.1 5.9-3.4 10.7-11.7 10.7-18.5l9.4-5.4z\" fill=\"#4040FF\"/><path d=\"M398.6 358.7l9.6 5.4-13.9 17.1-7.9-4.7z\" fill=\"#ACC5EA\"/><path d=\"M403.1 361.3c5.9-3.4 10.7-0.7 10.7 6.1s-4.8 15.1-10.7 18.5c-5.9 3.4-10.7 0.7-10.7-6.1 0.1-6.8 4.8-15.1 10.7-18.5z\" fill=\"#FFFFFF\"/><path d=\"M395.9 352l-0.6-0.3h-0.1c-0.1 0-0.1 0-0.2-0.1-0.1 0-0.2-0.1-0.3-0.1-0.1 0-0.2 0-0.3-0.1H394.1c-0.2 0-0.4-0.1-0.6-0.1H392c-0.1 0-0.2 0-0.3 0.1-0.1 0-0.3 0.1-0.4 0.1-0.1 0-0.2 0-0.2 0.1-0.1 0-0.2 0.1-0.2 0.1-0.2 0.1-0.5 0.2-0.8 0.3-0.1 0-0.2 0.1-0.3 0.1 0 0-0.1 0.1-0.2 0.1-0.4 0.2-0.9 0.4-1.3 0.7-0.6 0.3-1.1 0.7-1.7 1.1-0.1 0.1-0.2 0.1-0.3 0.2-0.5 0.4-1 0.9-1.5 1.3l-0.1 0.1-0.2 0.2c-0.2 0.2-0.5 0.5-0.7 0.8l-0.2 0.2-0.2 0.2c-0.1 0.2-0.3 0.3-0.4 0.5l-0.3 0.3c-0.1 0.1-0.1 0.2-0.2 0.3-0.1 0.1-0.2 0.3-0.3 0.4-0.1 0.1-0.1 0.2-0.2 0.3-0.1 0.2-0.2 0.3-0.3 0.5-0.1 0.1-0.1 0.2-0.2 0.3l-0.1 0.1-0.6 0.9v0.1c0 0.1-0.1 0.1-0.1 0.2-0.1 0.2-0.2 0.4-0.4 0.6-0.1 0.1-0.1 0.2-0.2 0.3-0.1 0.1-0.1 0.2-0.2 0.3 0 0.1-0.1 0.2-0.1 0.3-0.1 0.3-0.2 0.5-0.3 0.8 0 0 0 0.1-0.1 0.1-0.1 0.3-0.3 0.6-0.4 1 0 0.1 0 0.1-0.1 0.2 0 0.1-0.1 0.2-0.1 0.4-0.1 0.2-0.1 0.3-0.2 0.5 0 0.1-0.1 0.3-0.1 0.4 0 0.1-0.1 0.3-0.1 0.4 0 0.1-0.1 0.2-0.1 0.3 0 0.2-0.1 0.3-0.1 0.5s-0.1 0.4-0.1 0.5v0.2c0 0.1 0 0.3-0.1 0.4-0.1 0.3-0.1 0.6-0.1 0.9v0.4c-0.1 0.6-0.1 1.3-0.1 1.9v0.3l14.8 8.6v-0.3c0-0.6 0-1.2 0.1-1.9 0-0.2 0-0.3 0.1-0.5 0-0.3 0.1-0.6 0.1-0.9 0-0.2 0.1-0.4 0.1-0.6 0-0.2 0.1-0.4 0.1-0.5 0.1-0.3 0.1-0.5 0.2-0.8 0-0.1 0.1-0.3 0.1-0.4l0.3-0.9c0-0.1 0.1-0.2 0.1-0.4 0.1-0.4 0.3-0.8 0.5-1.2 0 0 0-0.1 0.1-0.1 0.2-0.3 0.3-0.7 0.5-1 0.1-0.1 0.1-0.2 0.2-0.3 0.2-0.3 0.3-0.6 0.5-1 0-0.1 0.1-0.1 0.1-0.2 0.2-0.4 0.4-0.7 0.7-1.1 0.1-0.1 0.1-0.2 0.2-0.3 0.2-0.3 0.4-0.5 0.5-0.8 0.1-0.1 0.2-0.3 0.3-0.4 0.2-0.2 0.3-0.4 0.5-0.6 0.1-0.2 0.3-0.3 0.4-0.5 0.1-0.2 0.3-0.3 0.4-0.5 0.2-0.3 0.5-0.5 0.7-0.8l0.4-0.4c0.5-0.5 1-0.9 1.5-1.3 0.1-0.1 0.2-0.1 0.3-0.2 0.5-0.4 1.1-0.8 1.7-1.1 0.5-0.3 0.9-0.5 1.3-0.7 0.1-0.1 0.3-0.1 0.4-0.2 0.3-0.1 0.5-0.2 0.8-0.3 0.2 0 0.3-0.1 0.5-0.1 0.1 0 0.3-0.1 0.4-0.1 0.2 0 0.4-0.1 0.6-0.1h1.2c0.3 0 0.5 0.1 0.8 0.1h0.2c0.2 0 0.4 0.1 0.6 0.2 0.1 0 0.1 0 0.2 0.1 0.2 0.1 0.5 0.2 0.7 0.3l-15.1-8.4z\" fill=\"#ACC5EA\"/><path d=\"M520 368.5c0.2-0.1 0.4-0.1 0.6-0.2 0.1 0 0.3-0.1 0.4-0.1 0.1 0 0.2-0.1 0.3-0.1 0.2 0 0.3-0.1 0.4-0.1h0.9c0.2 0 0.4 0 0.6 0.1h0.2c0.2 0 0.3 0.1 0.5 0.1 0 0 0.1 0 0.1 0.1l0.6 0.3-14.8-8.6c-0.1-0.1-0.3-0.1-0.4-0.2h-0.1s-0.1 0-0.1-0.1c-0.1 0-0.1-0.1-0.2-0.1s-0.2 0-0.2-0.1H508.5c-0.2 0-0.3 0-0.5-0.1h-1.3c-0.1 0-0.2 0-0.3 0.1h-0.2c-0.1 0-0.1 0-0.2 0.1-0.2 0.1-0.4 0.1-0.6 0.2-0.1 0-0.1 0-0.2 0.1 0 0-0.1 0-0.1 0.1-0.3 0.1-0.7 0.3-1 0.5l-9.3 5.4 14.8 8.6 9.3-5.4c0.4-0.2 0.7-0.4 1-0.5-0.1 0 0 0 0.1-0.1z\" fill=\"#2A2ABC\"/><path d=\"M491 393.8l-14.8-8.6h0.1l14.7 8.6\" fill=\"#28289E\"/><path d=\"M491 393.8l-14.8-8.6c0.2 0.1 0.4 0.2 0.5 0.3l14.8 8.6c-0.1-0.1-0.3-0.2-0.5-0.3\" fill=\"#2929A3\"/><path d=\"M491.6 394.1l-14.8-8.6c0.2 0.1 0.4 0.1 0.6 0.2l14.8 8.6c-0.3-0.1-0.4-0.2-0.6-0.2\" fill=\"#2A2AA8\"/><path d=\"M492.1 394.3l-14.8-8.6c0.2 0.1 0.4 0.1 0.6 0.1l14.8 8.6c-0.2 0-0.4-0.1-0.6-0.1\" fill=\"#2C2CAD\"/><path d=\"M492.7 394.4l-14.8-8.6c0.2 0 0.4 0.1 0.6 0.1l14.8 8.6c-0.1 0-0.4-0.1-0.6-0.1\" fill=\"#2D2DB3\"/><path d=\"M493.4 394.5l-14.8-8.6h0.7l14.8 8.6h-0.7\" fill=\"#2E2EB8\"/><path d=\"M494.1 394.5l-14.8-8.6c0.3 0 0.5 0 0.8-0.1l14.8 8.6c-0.3 0-0.5 0.1-0.8 0.1\" fill=\"#2F2FBD\"/><path d=\"M494.9 394.4l-14.8-8.6c0.3 0 0.6-0.1 0.9-0.2l14.8 8.6c-0.3 0.1-0.6 0.2-0.9 0.2\" fill=\"#3131C2\"/><path d=\"M495.8 394.2l-14.8-8.6c0.4-0.1 0.8-0.3 1.3-0.4l14.8 8.6c-0.4 0.1-0.9 0.3-1.3 0.4\" fill=\"#3232C7\"/><path d=\"M497.1 393.8l-14.8-8.6c0.5-0.2 1-0.5 1.5-0.7 1.3-0.7 2.5-1.7 3.6-2.8l14.8 8.6c-1.1 1.1-2.3 2-3.6 2.8-0.5 0.2-1 0.5-1.5 0.7\" fill=\"#3333CC\"/><path d=\"M502.2 390.2l-14.8-8.6 1.2-1.2 14.8 8.6c-0.4 0.4-0.8 0.9-1.2 1.2\" fill=\"#3232C7\"/><path d=\"M503.3 389l-14.8-8.6c0.3-0.3 0.6-0.7 0.9-1.1l14.8 8.6c-0.3 0.4-0.6 0.8-0.9 1.1\" fill=\"#3131C2\"/><path d=\"M504.2 387.9l-14.8-8.6c0.2-0.3 0.5-0.6 0.7-1l14.8 8.6c-0.2 0.4-0.4 0.7-0.7 1\" fill=\"#2F2FBD\"/><path d=\"M504.9 387l-14.8-8.6 0.6-0.9 14.8 8.6-0.6 0.9\" fill=\"#2E2EB8\"/><path d=\"M505.5 386.1l-14.8-8.6 0.6-0.9 14.8 8.6-0.6 0.9\" fill=\"#2D2DB3\"/><path d=\"M506.1 385.1l-14.8-8.6c0.2-0.3 0.3-0.6 0.5-0.9l14.8 8.6c-0.2 0.3-0.3 0.6-0.5 0.9\" fill=\"#2C2CAD\"/><path d=\"M506.6 384.2l-14.8-8.6c0.2-0.3 0.3-0.6 0.5-0.9l14.8 8.6c-0.2 0.3-0.3 0.6-0.5 0.9\" fill=\"#2A2AA8\"/><path d=\"M507.1 383.3l-14.8-8.6c0.1-0.3 0.3-0.6 0.4-0.9l14.8 8.6c-0.1 0.3-0.3 0.6-0.4 0.9\" fill=\"#2929A3\"/><path d=\"M507.5 382.4l-14.8-8.6c0.1-0.3 0.3-0.6 0.4-1l14.8 8.6c-0.1 0.4-0.3 0.7-0.4 1\" fill=\"#28289E\"/><path d=\"M507.9 381.4l-14.8-8.6c0.1-0.3 0.2-0.7 0.4-1l14.8 8.6c-0.2 0.4-0.3 0.7-0.4 1\" fill=\"#262699\"/><path d=\"M508.2 380.4l-14.8-8.6c0.1-0.4 0.2-0.7 0.3-1.1l14.8 8.6c0 0.4-0.1 0.8-0.3 1.1\" fill=\"#252594\"/><path d=\"M508.6 379.3l-14.8-8.6 0.3-1.2 14.8 8.6-0.3 1.2\" fill=\"#24248F\"/><path d=\"M508.9 378.1l-14.8-8.6 0.3-1.5 14.8 8.6-0.3 1.5\" fill=\"#23238A\"/><path d=\"M509.1 376.6l-14.8-8.6c0.1-0.7 0.1-1.4 0.1-2.1l14.8 8.6c0.1 0.7 0 1.4-0.1 2.1\" fill=\"#212185\"/><path d=\"M458.2 550.4L473 559c-1.5-0.9-2.5-2.7-2.5-5.4l-14.8-8.6c0.1 2.7 1 4.6 2.5 5.4zM473 378.3l-9.3 5.4c-0.5 0.3-1.1 0.7-1.6 1.1-0.2 0.1-0.3 0.3-0.5 0.4-0.2 0.2-0.5 0.4-0.7 0.6-0.1 0.1-0.2 0.2-0.3 0.4l-0.3 0.3-0.3 0.3c-0.2 0.3-0.5 0.5-0.7 0.8-0.1 0.1-0.2 0.2-0.2 0.3 0 0.1-0.1 0.1-0.1 0.2-0.1 0.1-0.1 0.2-0.2 0.3-0.2 0.2-0.3 0.5-0.5 0.7-0.2 0.2-0.3 0.5-0.4 0.7v0.2l-0.3 0.6c-0.1 0.2-0.2 0.5-0.4 0.7-0.1 0.2-0.2 0.4-0.3 0.7-0.1 0.3-0.2 0.5-0.3 0.8-0.1 0.3-0.2 0.5-0.3 0.8 0 0.1-0.1 0.3-0.1 0.4 0 0.1 0 0.1-0.1 0.2 0 0.1-0.1 0.2-0.1 0.3-0.1 0.3-0.2 0.6-0.2 1 0 0.2-0.1 0.4-0.1 0.6 0 0.1 0 0.2-0.1 0.3v0.3c-0.1 0.6-0.1 1.1-0.1 1.6l0.4 146.8 14.8 8.6-0.4-146.8c0-0.6 0.1-1.3 0.2-1.9 0-0.1 0-0.2 0.1-0.3 0.1-0.6 0.2-1.2 0.4-1.8 0-0.1 0-0.1 0.1-0.2 0.2-0.7 0.4-1.3 0.7-2 0.3-0.7 0.6-1.3 1-2v-0.1l1.2-1.8c0-0.1 0.1-0.1 0.1-0.2l1.2-1.5 0.3-0.3c0.3-0.4 0.7-0.7 1.1-1 0.2-0.1 0.3-0.3 0.5-0.4 0.5-0.4 1-0.8 1.6-1.1l9.3-5.4-15.1-8.6z\" fill=\"#2A2ABC\"/><path d=\"M518.6 369.2c4.6-2.7 8.4-0.5 8.4 4.8l0.4 146.8c0 5.3-3.8 11.9-8.4 14.5l-40 23.2c-4.6 2.7-8.4 0.5-8.4-4.8l-0.4-146.8c0-5.3 3.8-11.9 8.4-14.5l9.3-5.4c0 6.8 4.8 9.5 10.7 6.1s10.7-11.7 10.7-18.5l9.3-5.4z\" fill=\"#4040FF\"/><path d=\"M498.6 368.4c5.9-3.4 10.7-0.7 10.7 6.1s-4.8 15.1-10.7 18.5-10.7 0.7-10.7-6.1 4.8-15.1 10.7-18.5z\" fill=\"#FFFFFF\"/><path d=\"M491.4 359.1l-0.6-0.3h-0.1c-0.1 0-0.1 0-0.2-0.1-0.1 0-0.2-0.1-0.3-0.1-0.1 0-0.2 0-0.3-0.1H489.6c-0.2 0-0.4-0.1-0.6-0.1h-1.5c-0.1 0-0.2 0-0.3 0.1-0.1 0-0.3 0.1-0.4 0.1-0.1 0-0.2 0-0.2 0.1-0.1 0-0.2 0.1-0.2 0.1-0.2 0.1-0.5 0.2-0.8 0.3-0.1 0-0.2 0.1-0.3 0.1 0 0-0.1 0.1-0.2 0.1-0.4 0.2-0.9 0.4-1.3 0.7-0.6 0.3-1.1 0.7-1.7 1.1-0.1 0.1-0.2 0.1-0.3 0.2-0.5 0.4-1 0.9-1.5 1.3l-0.1 0.1-0.2 0.2c-0.2 0.2-0.5 0.5-0.7 0.8-0.1 0.1-0.1 0.2-0.2 0.2l-0.2 0.2c-0.1 0.2-0.3 0.3-0.4 0.5l-0.3 0.3c-0.1 0.1-0.1 0.2-0.2 0.3-0.1 0.1-0.2 0.3-0.3 0.4-0.1 0.1-0.1 0.2-0.2 0.3-0.1 0.2-0.2 0.3-0.3 0.5-0.1 0.1-0.1 0.2-0.2 0.3l-0.1 0.1-0.6 0.9v0.1c0 0.1-0.1 0.1-0.1 0.2-0.1 0.2-0.2 0.4-0.4 0.7-0.1 0.1-0.1 0.2-0.2 0.3-0.1 0.1-0.1 0.2-0.2 0.3 0 0.1-0.1 0.2-0.1 0.3-0.1 0.3-0.2 0.5-0.4 0.8 0 0 0 0.1-0.1 0.1-0.1 0.3-0.3 0.6-0.4 1 0 0.1 0 0.1-0.1 0.2 0 0.1-0.1 0.2-0.1 0.4-0.1 0.2-0.1 0.3-0.2 0.5 0 0.1-0.1 0.2-0.1 0.4 0 0.1-0.1 0.3-0.1 0.4 0 0.1 0 0.2-0.1 0.3 0 0.2-0.1 0.3-0.1 0.5s-0.1 0.4-0.1 0.5v0.2c0 0.1-0.1 0.3-0.1 0.4-0.1 0.3-0.1 0.6-0.1 0.9v0.4c-0.1 0.6-0.1 1.3-0.1 1.9v0.2l14.8 8.4c0-0.6 0-1.2 0.1-1.8v-0.4c0-0.3 0.1-0.6 0.1-0.9 0-0.1 0-0.3 0.1-0.4v-0.2c0-0.2 0.1-0.4 0.1-0.5 0-0.2 0.1-0.3 0.1-0.5 0-0.1 0.1-0.2 0.1-0.3 0-0.1 0.1-0.3 0.1-0.4 0-0.1 0.1-0.3 0.1-0.4 0.1-0.2 0.1-0.3 0.2-0.5 0-0.1 0.1-0.2 0.1-0.4 0-0.1 0-0.1 0.1-0.2 0.1-0.3 0.3-0.6 0.4-1 0 0 0-0.1 0.1-0.1 0.1-0.3 0.2-0.5 0.3-0.8 0-0.1 0.1-0.2 0.1-0.3 0.1-0.1 0.1-0.2 0.2-0.3 0.1-0.1 0.1-0.2 0.2-0.3 0.1-0.2 0.2-0.4 0.4-0.7 0-0.1 0.1-0.1 0.1-0.2v-0.1l0.6-0.9 0.1-0.1c0.1-0.1 0.1-0.2 0.2-0.3 0.1-0.2 0.2-0.3 0.3-0.5 0.1-0.1 0.1-0.2 0.2-0.3 0.1-0.1 0.2-0.3 0.3-0.4 0.1-0.1 0.1-0.2 0.2-0.3l0.3-0.3c0.1-0.2 0.3-0.3 0.4-0.5l0.2-0.2 0.2-0.2c0.2-0.3 0.5-0.5 0.7-0.8 0.1-0.1 0.1-0.2 0.2-0.2l0.1-0.1c0.5-0.5 1-0.9 1.5-1.3 0.1-0.1 0.2-0.1 0.3-0.2 0.5-0.4 1.1-0.8 1.7-1.1 0.5-0.3 0.9-0.5 1.3-0.7 0.1-0.1 0.3-0.1 0.4-0.2 0.3-0.1 0.5-0.2 0.8-0.3 0.2 0 0.3-0.1 0.5-0.1 0.1 0 0.3-0.1 0.4-0.1 0.2 0 0.4-0.1 0.6-0.1h1.2c0.3 0 0.5 0.1 0.8 0.1h0.2c0.2 0 0.4 0.1 0.6 0.2 0.1 0 0.1 0 0.2 0.1 0.2 0.1 0.5 0.2 0.7 0.3l-14.8-8.8z m14.8 8.6z\" fill=\"#ACC5EA\"/><path d=\"M615 189.2c0.2-0.1 0.4-0.1 0.6-0.2 0.1 0 0.3-0.1 0.4-0.1 0.1 0 0.2-0.1 0.3-0.1 0.2 0 0.3-0.1 0.4-0.1h1c0.2 0 0.4 0 0.6 0.1h0.2c0.2 0 0.3 0.1 0.5 0.1 0 0 0.1 0 0.1 0.1l0.6 0.3-14.8-8.6c-0.1-0.1-0.3-0.1-0.4-0.2h-0.1s-0.1 0-0.1-0.1c-0.1 0-0.1-0.1-0.2-0.1s-0.2 0-0.2-0.1H603.6c-0.2 0-0.3 0-0.5-0.1h-1.3c-0.1 0-0.2 0-0.3 0.1h-0.2c-0.1 0-0.1 0-0.2 0.1-0.2 0.1-0.4 0.1-0.6 0.2-0.1 0-0.1 0-0.2 0.1 0 0-0.1 0-0.1 0.1-0.3 0.1-0.7 0.3-1 0.5l-9.3 5.4 14.8 8.6 9.3-5.4c0.4-0.2 0.7-0.4 1-0.5-0.2 0-0.1-0.1 0-0.1z\" fill=\"#2A2ABC\"/><path d=\"M586 214.5l-14.8-8.6h0.1l14.7 8.6c0.1 0 0.1 0 0 0\" fill=\"#28289E\"/><path d=\"M586.1 214.5l-14.8-8.6c0.2 0.1 0.4 0.2 0.5 0.3l14.8 8.6c-0.2-0.1-0.3-0.2-0.5-0.3\" fill=\"#2929A3\"/><path d=\"M586.6 214.8l-14.8-8.6c0.2 0.1 0.4 0.1 0.6 0.2l14.8 8.6c-0.2-0.1-0.4-0.2-0.6-0.2\" fill=\"#2A2AA8\"/><path d=\"M587.2 215l-14.8-8.6c0.2 0.1 0.4 0.1 0.6 0.1l14.8 8.6c-0.2 0-0.4-0.1-0.6-0.1\" fill=\"#2C2CAD\"/><path d=\"M587.8 215.1l-14.8-8.6c0.2 0 0.4 0.1 0.6 0.1l14.8 8.6c-0.2 0-0.4-0.1-0.6-0.1\" fill=\"#2D2DB3\"/><path d=\"M588.4 215.2l-14.8-8.6h0.7l14.8 8.6h-0.7\" fill=\"#2E2EB8\"/><path d=\"M589.2 215.2l-14.8-8.6c0.3 0 0.5 0 0.8-0.1l14.8 8.6c-0.3 0-0.6 0.1-0.8 0.1\" fill=\"#2F2FBD\"/><path d=\"M590 215.1l-14.8-8.6c0.3 0 0.6-0.1 0.9-0.2l14.8 8.6c-0.3 0.1-0.6 0.2-0.9 0.2\" fill=\"#3131C2\"/><path d=\"M590.9 214.9l-14.8-8.6c0.4-0.1 0.8-0.3 1.3-0.4l14.8 8.6c-0.5 0.2-0.9 0.3-1.3 0.4\" fill=\"#3232C7\"/><path d=\"M592.2 214.5l-14.8-8.6c0.5-0.2 1-0.5 1.5-0.7 1.3-0.7 2.5-1.7 3.6-2.8l14.8 8.6c-1.1 1.1-2.3 2-3.6 2.8-0.6 0.2-1.1 0.5-1.5 0.7\" fill=\"#3333CC\"/><path d=\"M597.2 211l-14.8-8.6 1.2-1.2 14.8 8.6-1.2 1.2\" fill=\"#3232C7\"/><path d=\"M598.4 209.7l-14.8-8.6c0.3-0.3 0.6-0.7 0.9-1.1l14.8 8.6c-0.3 0.4-0.6 0.8-0.9 1.1\" fill=\"#3131C2\"/><path d=\"M599.3 208.7l-14.8-8.6c0.2-0.3 0.5-0.6 0.7-1l14.8 8.6c-0.3 0.3-0.5 0.6-0.7 1\" fill=\"#2F2FBD\"/><path d=\"M600 207.7l-14.8-8.6 0.6-0.9 14.8 8.6-0.6 0.9\" fill=\"#2E2EB8\"/><path d=\"M600.6 206.8l-14.8-8.6 0.6-0.9 14.8 8.6-0.6 0.9\" fill=\"#2D2DB3\"/><path d=\"M601.1 205.9l-14.8-8.6c0.2-0.3 0.3-0.6 0.5-0.9l14.8 8.6c-0.1 0.3-0.3 0.6-0.5 0.9\" fill=\"#2C2CAD\"/><path d=\"M601.6 205l-14.8-8.6c0.2-0.3 0.3-0.6 0.5-0.9l14.8 8.6c-0.1 0.3-0.3 0.6-0.5 0.9\" fill=\"#2A2AA8\"/><path d=\"M602.1 204.1l-14.8-8.6c0.1-0.3 0.3-0.6 0.4-0.9l14.8 8.6c-0.1 0.2-0.2 0.5-0.4 0.9\" fill=\"#2929A3\"/><path d=\"M602.5 203.1l-14.8-8.6c0.1-0.3 0.3-0.6 0.4-1l14.8 8.6c-0.1 0.4-0.2 0.7-0.4 1\" fill=\"#28289E\"/><path d=\"M602.9 202.2l-14.8-8.6c0.1-0.3 0.3-0.7 0.4-1l14.8 8.6c-0.1 0.3-0.2 0.6-0.4 1\" fill=\"#262699\"/><path d=\"M603.3 201.1l-14.8-8.6c0.1-0.4 0.2-0.7 0.3-1.1l14.8 8.6c-0.1 0.4-0.2 0.8-0.3 1.1\" fill=\"#252594\"/><path d=\"M603.6 200.1l-14.8-8.6 0.3-1.2 14.8 8.6c-0.1 0.3-0.2 0.7-0.3 1.2\" fill=\"#24248F\"/><path d=\"M603.9 198.8l-14.8-8.6 0.3-1.5 14.8 8.6-0.3 1.5\" fill=\"#23238A\"/><path d=\"M604.2 197.3l-14.8-8.6c0.1-0.7 0.1-1.4 0.1-2.1l14.8 8.6c0 0.7 0 1.4-0.1 2.1\" fill=\"#212185\"/><path d=\"M553.7 497.7l14.8 8.6c-1.5-0.9-2.5-2.7-2.5-5.4l-14.8-8.6c0 2.7 1 4.6 2.5 5.4z\" fill=\"#2A2ABC\"/><path d=\"M568.2 199l-9.3 5.4c-0.5 0.3-1.1 0.7-1.6 1.1-0.2 0.1-0.3 0.3-0.5 0.4-0.2 0.2-0.5 0.4-0.7 0.6l-0.3 0.3-0.3 0.3-0.3 0.3c-0.2 0.3-0.5 0.5-0.7 0.8-0.1 0.1-0.2 0.2-0.2 0.3 0 0.1-0.1 0.1-0.1 0.2-0.1 0.1-0.1 0.2-0.2 0.3-0.2 0.2-0.3 0.5-0.5 0.7-0.2 0.2-0.3 0.5-0.4 0.7v0.2l-0.3 0.6c-0.1 0.2-0.2 0.5-0.4 0.7l-0.3 0.6c-0.1 0.3-0.2 0.5-0.3 0.8-0.1 0.3-0.2 0.5-0.3 0.8 0 0.1-0.1 0.3-0.1 0.4 0 0.1 0 0.1-0.1 0.2 0 0.1-0.1 0.2-0.1 0.3-0.1 0.3-0.2 0.6-0.2 1 0 0.2-0.1 0.4-0.1 0.6 0 0.1 0 0.2-0.1 0.3v0.3c-0.1 0.6-0.1 1.1-0.1 1.6l0.8 273.4L566 501l-0.8-273.4c0-0.6 0.1-1.3 0.2-1.9 0-0.1 0-0.2 0.1-0.3 0.1-0.6 0.2-1.2 0.4-1.8 0-0.1 0-0.1 0.1-0.2 0.2-0.7 0.4-1.3 0.7-2 0.3-0.7 0.6-1.3 1-2v-0.1l1.2-1.8c0-0.1 0.1-0.1 0.1-0.2l1.2-1.5 0.3-0.3c0.3-0.4 0.7-0.7 1.1-1 0.2-0.1 0.3-0.3 0.5-0.4 0.5-0.4 1-0.8 1.6-1.1l9.3-5.4-14.8-8.6z\" fill=\"#2A2ABC\"/><path d=\"M613.6 189.9c4.6-2.7 8.4-0.5 8.5 4.8l0.8 273.4c0 5.3-3.8 11.9-8.4 14.5l-40.1 23.1c-4.6 2.7-8.4 0.5-8.5-4.8l-0.8-273.4c0-5.3 3.8-11.9 8.4-14.5l9.3-5.4c0 6.8 4.8 9.5 10.7 6.1 5.9-3.4 10.7-11.7 10.7-18.5l9.4-5.3z\" fill=\"#4040FF\"/><path d=\"M593.7 189.1c5.9-3.4 10.7-0.7 10.7 6.1s-4.8 15.1-10.7 18.5-10.7 0.7-10.7-6.1 4.8-15.1 10.7-18.5z\" fill=\"#FFFFFF\"/><path d=\"M586.5 179.8l-0.6-0.3h-0.1c-0.1 0-0.1 0-0.2-0.1-0.1 0-0.2-0.1-0.3-0.1-0.1 0-0.2 0-0.3-0.1H584.7c-0.2 0-0.4-0.1-0.6-0.1h-1.5c-0.1 0-0.2 0-0.3 0.1-0.1 0-0.3 0.1-0.4 0.1-0.1 0-0.2 0-0.2 0.1-0.1 0-0.2 0.1-0.2 0.1-0.2 0.1-0.5 0.2-0.8 0.3-0.1 0-0.2 0.1-0.3 0.1-0.1 0-0.1 0.1-0.2 0.1-0.4 0.2-0.9 0.4-1.3 0.7-0.6 0.3-1.1 0.7-1.7 1.1-0.1 0.1-0.2 0.1-0.3 0.2-0.5 0.4-1 0.9-1.5 1.3l-0.1 0.1-0.2 0.2c-0.2 0.2-0.5 0.5-0.7 0.8-0.1 0.1-0.1 0.2-0.2 0.2l-0.2 0.2c-0.1 0.2-0.3 0.3-0.4 0.5l-0.3 0.3c-0.1 0.1-0.1 0.2-0.2 0.3-0.1 0.1-0.2 0.3-0.3 0.4-0.1 0.1-0.1 0.2-0.2 0.3-0.1 0.2-0.2 0.3-0.3 0.5-0.1 0.1-0.1 0.2-0.2 0.3l-0.1 0.1-0.6 0.9v0.1c0 0.1-0.1 0.1-0.1 0.2-0.1 0.2-0.2 0.4-0.4 0.7-0.1 0.1-0.1 0.2-0.2 0.3-0.1 0.1-0.1 0.2-0.2 0.3 0 0.1-0.1 0.2-0.1 0.3-0.1 0.3-0.2 0.5-0.4 0.8 0 0 0 0.1-0.1 0.1-0.1 0.3-0.3 0.6-0.4 1 0 0.1 0 0.1-0.1 0.2 0 0.1-0.1 0.2-0.1 0.3-0.1 0.2-0.1 0.3-0.2 0.5 0 0.1-0.1 0.2-0.1 0.4 0 0.1-0.1 0.3-0.1 0.4 0 0.1 0 0.2-0.1 0.3 0 0.2-0.1 0.3-0.1 0.5s-0.1 0.4-0.1 0.5v0.2c0 0.1-0.1 0.3-0.1 0.4-0.1 0.3-0.1 0.6-0.1 0.9v0.4c-0.1 0.6-0.1 1.2-0.1 1.8l14.8 8.8v-0.1c0-0.6 0-1.2 0.1-1.9v-0.4c0-0.3 0.1-0.6 0.1-0.9 0-0.1 0-0.3 0.1-0.4v-0.2c0-0.2 0.1-0.4 0.1-0.5 0-0.2 0.1-0.3 0.1-0.5 0-0.1 0.1-0.2 0.1-0.3 0-0.1 0.1-0.3 0.1-0.4 0-0.1 0.1-0.3 0.1-0.4 0.1-0.2 0.1-0.3 0.2-0.5 0-0.1 0.1-0.2 0.1-0.3 0-0.1 0-0.1 0.1-0.2 0.1-0.3 0.3-0.6 0.4-1 0 0 0-0.1 0.1-0.1 0.1-0.3 0.2-0.5 0.3-0.8 0-0.1 0.1-0.2 0.1-0.3 0.1-0.1 0.1-0.2 0.2-0.3 0.1-0.1 0.1-0.2 0.2-0.3 0.1-0.2 0.2-0.4 0.4-0.7 0-0.1 0.1-0.1 0.1-0.2v-0.1l0.6-0.9 0.1-0.1c0.1-0.1 0.1-0.2 0.2-0.3 0.1-0.2 0.2-0.3 0.3-0.5 0.1-0.1 0.1-0.2 0.2-0.3 0.1-0.1 0.2-0.3 0.3-0.4 0.1-0.1 0.1-0.2 0.2-0.3l0.3-0.3c0.1-0.2 0.3-0.3 0.4-0.5l0.2-0.2 0.2-0.2c0.2-0.3 0.5-0.5 0.7-0.8l0.2-0.2 0.1-0.1c0.5-0.5 1-0.9 1.5-1.3 0.1-0.1 0.2-0.1 0.3-0.2 0.5-0.4 1.1-0.8 1.7-1.1 0.5-0.3 0.9-0.5 1.3-0.7 0.1-0.1 0.3-0.1 0.4-0.2 0.3-0.1 0.5-0.2 0.8-0.3 0.2 0 0.3-0.1 0.5-0.1 0.1 0 0.3-0.1 0.4-0.1 0.2 0 0.4-0.1 0.6-0.1h1.2c0.3 0 0.5 0.1 0.8 0.1h0.2c0.2 0 0.4 0.1 0.6 0.2 0.1 0 0.1 0 0.2 0.1 0.2 0.1 0.5 0.2 0.7 0.3l-14.8-8.7z\" fill=\"#ACC5EA\"/><path d=\"M568.2 198.9c0 0.1 0 0.1 0 0 0 0.1 0 0.1 0 0z\" fill=\"#FFFFFF\"/><path d=\"M719.2 434.3c-0.1 0-0.1 0 0 0-0.3-0.2-0.5-0.3-0.8-0.4h-0.1c-0.1 0-0.2-0.1-0.2-0.1-0.1 0-0.2-0.1-0.4-0.1-0.1 0-0.3-0.1-0.4-0.1-0.1 0-0.2 0-0.2-0.1h-0.1c-0.3 0-0.5-0.1-0.8-0.1h-1.9c-0.1 0-0.2 0.1-0.3 0.1-0.2 0-0.4 0.1-0.6 0.1-0.1 0-0.2 0-0.3 0.1-0.1 0-0.2 0.1-0.3 0.1-0.3 0.1-0.6 0.2-1 0.3-0.1 0-0.2 0.1-0.3 0.1-0.1 0-0.1 0.1-0.2 0.1-0.6 0.2-1.1 0.5-1.7 0.8L569.7 516c-0.7 0.4-1.4 0.9-2.1 1.4-0.1 0.1-0.2 0.2-0.4 0.3-0.7 0.5-1.3 1.1-1.9 1.7-0.1 0.1-0.1 0.1-0.2 0.1l-0.3 0.3c-0.3 0.3-0.6 0.6-0.9 1l-0.3 0.3c-0.1 0.1-0.1 0.2-0.2 0.3-0.2 0.2-0.4 0.4-0.5 0.6-0.1 0.1-0.2 0.3-0.3 0.4-0.1 0.1-0.2 0.2-0.3 0.4-0.1 0.2-0.3 0.3-0.4 0.5-0.1 0.1-0.2 0.2-0.3 0.4-0.1 0.2-0.3 0.4-0.4 0.6-0.1 0.1-0.2 0.3-0.3 0.4 0 0.1-0.1 0.1-0.1 0.2-0.2 0.4-0.5 0.8-0.7 1.1v0.1c0 0.1-0.1 0.2-0.1 0.2-0.2 0.3-0.3 0.6-0.5 0.8-0.1 0.1-0.1 0.3-0.2 0.4-0.1 0.1-0.1 0.3-0.2 0.4-0.1 0.1-0.1 0.2-0.2 0.4-0.2 0.3-0.3 0.6-0.4 0.9 0 0.1-0.1 0.1-0.1 0.2-0.2 0.4-0.3 0.8-0.5 1.2 0 0.1-0.1 0.1-0.1 0.2-0.1 0.1-0.1 0.3-0.2 0.4-0.1 0.2-0.2 0.4-0.2 0.6-0.1 0.2-0.1 0.3-0.1 0.5-0.1 0.2-0.1 0.4-0.2 0.6 0 0.1-0.1 0.2-0.1 0.4-0.1 0.2-0.1 0.4-0.2 0.6-0.1 0.2-0.1 0.5-0.2 0.7 0 0.1 0 0.2-0.1 0.2 0 0.2-0.1 0.3-0.1 0.5-0.1 0.4-0.1 0.7-0.2 1.1 0 0.1 0 0.2-0.1 0.3v0.3c-0.1 0.8-0.2 1.6-0.2 2.4l0.3 93.3c0 3.2 0.9 5.7 2.3 7.3 0.5 0.5 1 1 1.6 1.4l14.8 8.6c-2.4-1.4-3.9-4.4-4-8.7l0.1-93.3c0-0.8 0.1-1.6 0.2-2.4 0-0.2 0-0.4 0.1-0.6 0.1-0.4 0.1-0.7 0.2-1.1 0-0.2 0.1-0.5 0.1-0.7 0.1-0.2 0.1-0.5 0.2-0.7 0.1-0.3 0.2-0.6 0.3-1 0.1-0.2 0.1-0.4 0.2-0.6 0.1-0.4 0.2-0.7 0.4-1.1 0.1-0.1 0.1-0.3 0.2-0.4l0.6-1.5c0-0.1 0.1-0.1 0.1-0.2 0.2-0.4 0.4-0.9 0.6-1.3 0.1-0.1 0.1-0.3 0.2-0.4 0.2-0.4 0.4-0.8 0.7-1.2 0-0.1 0.1-0.2 0.1-0.2 0.3-0.5 0.6-0.9 0.9-1.4 0.1-0.1 0.2-0.3 0.3-0.4 0.2-0.3 0.4-0.6 0.7-1 0.1-0.2 0.2-0.3 0.4-0.5 0.2-0.3 0.4-0.5 0.6-0.8 0.2-0.2 0.3-0.4 0.5-0.6 0.2-0.2 0.3-0.4 0.5-0.6 0.3-0.3 0.6-0.7 0.9-1 0.1-0.2 0.3-0.3 0.4-0.4 0.6-0.6 1.3-1.2 1.9-1.7 0.1-0.1 0.2-0.2 0.4-0.3 0.7-0.5 1.4-1 2.1-1.4l139.9-80.7c0.6-0.3 1.1-0.6 1.7-0.8 0.2-0.1 0.4-0.1 0.5-0.2 0.3-0.1 0.6-0.2 1-0.3 0.2-0.1 0.4-0.1 0.6-0.2 0.2 0 0.4-0.1 0.6-0.1 0.2 0 0.5-0.1 0.7-0.1h1.5c0.3 0 0.7 0.1 1 0.1 0.1 0 0.2 0 0.2 0.1 0.3 0.1 0.5 0.1 0.7 0.2 0.1 0 0.2 0.1 0.2 0.1 0.3 0.1 0.6 0.3 0.9 0.4l-15.1-8.7z\" fill=\"#C68620\"/><path d=\"M724.3 443.8c7.5-4.3 13.6-0.9 13.6 7.7l0.3 93.3c0 8.6-6 19.1-13.5 23.4l-139.9 80.7c-7.5 4.3-13.6 0.8-13.6-7.7L571 548c0-8.6 6-19.1 13.5-23.4l139.8-80.8z\" fill=\"#FFCD2E\"/><path d=\"M692.1 531.1l-10.4-6c-0.1-0.1-0.2-0.1-0.3-0.3l10.4 6c0.1 0.2 0.2 0.3 0.3 0.3\" fill=\"#674611\"/><path d=\"M688.7 526.5l-10.4-6 3.2 4.3 10.4 6.1z\" fill=\"#E8CFAC\"/><path d=\"M691.3 491.1c1.4-0.8 2.3 0.4 1.6 2.2l-9.4 24.3c-0.3 0.9-1 1.6-1.6 2-0.6 0.4-1.2 0.4-1.6-0.1l-3.1-4.4-28.2 35.2c-0.5 0.6-1.1 1.1-1.6 1.5-1.1 0.6-2.2 0.6-2.8-0.2l-8-11.2-28.1 35c-0.5 0.6-1.1 1.1-1.6 1.5-1.1 0.7-2.2 0.6-2.8-0.2-0.9-1.3-0.4-3.9 1.2-5.8l30.9-38.5c0.5-0.6 1.1-1.1 1.6-1.5 1.1-0.7 2.2-0.6 2.8 0.2l8 11.2 25.4-31.7-3.1-4.4c-0.7-1 0.2-3.2 1.5-4l18.9-11.1z\" fill=\"#C68620\"/><path d=\"M649.6 547.6l10.4 6 25.4-31.7-3.1-4.4-10.4-6 3.1 4.3z\" fill=\"#E8CFAC\"/><path d=\"M704 502.4l-5.3-3.1-5.1-3h-1.1c-0.1 0-0.2 0.1-0.3 0.1l-18.9 11c-0.2 0.1-0.4 0.3-0.6 0.4l-0.2 0.2-0.1 0.1c0 0.1-0.1 0.1-0.1 0.2s-0.1 0.1-0.1 0.2-0.1 0.1-0.1 0.2v0.1c0 0.1-0.1 0.1-0.1 0.2s0 0.1-0.1 0.2c0 0.1 0 0.1-0.1 0.2 0 0.1 0 0.1-0.1 0.2 0 0.1 0 0.1-0.1 0.2 0 0.1 0 0.1-0.1 0.2v0.9c0 0.2 0.1 0.4 0.2 0.5l10.4 6c-0.1-0.1-0.2-0.3-0.2-0.5v-1c0.1-0.4 0.2-0.8 0.4-1.1 0.1-0.2 0.2-0.4 0.3-0.5 0.1-0.1 0.2-0.3 0.4-0.4 0.2-0.2 0.4-0.3 0.6-0.4l18.9-11c0.1-0.1 0.2-0.1 0.3-0.2h0.1c0.1 0 0.2-0.1 0.3-0.1h0.3c0.4 0.2 0.5 0.2 0.5 0.2 0.1 0 0.1 0 0 0z m-48 60.5l-8-11.2-10.4-6 8 11.2c0.1 0.2 0.3 0.4 0.5 0.5l10.4 6c-0.2-0.1-0.3-0.3-0.5-0.5z\" fill=\"#E8CFAC\"/><path d=\"M641 535.9c-0.1 0-0.1-0.1-0.2-0.1s-0.1 0-0.2-0.1h-0.7c-0.1 0-0.2 0-0.3 0.1 0 0-0.1 0-0.1 0.1h-0.2c-0.2 0.1-0.3 0.1-0.5 0.2s-0.5 0.3-0.7 0.5l-0.2 0.2-0.2 0.2-0.4 0.4-0.2 0.2-30.9 38.5 10.4 6 30.9-38.5c0.2-0.3 0.5-0.5 0.7-0.8l0.2-0.2c0.2-0.2 0.5-0.4 0.7-0.5l0.6-0.3h0.1c0.2-0.1 0.4-0.1 0.5-0.1h0.5c0.2 0 0.3 0.1 0.5 0.2l-10.3-6z\" fill=\"#E8CFAC\"/><path d=\"M605.9 576.5c-0.1 0.1-0.1 0.2-0.2 0.3v0.1c0 0.1-0.1 0.1-0.1 0.2-0.1 0.1-0.1 0.2-0.2 0.3 0 0.1-0.1 0.2-0.1 0.3 0 0.1-0.1 0.1-0.1 0.2s-0.1 0.2-0.1 0.3c0 0.1-0.1 0.2-0.1 0.3 0 0.1-0.1 0.2-0.1 0.3 0 0.1-0.1 0.3-0.1 0.4v0.1c0 0.1 0 0.2-0.1 0.3v1.3c0.1 0.3 0.2 0.7 0.4 0.9 0.1 0.2 0.3 0.4 0.5 0.5l10.4 6c-0.2-0.1-0.4-0.3-0.5-0.5-0.2-0.3-0.3-0.6-0.4-0.9v-0.1c-0.1-0.3-0.1-0.7 0-1.1 0-0.1 0-0.3 0.1-0.4v-0.1c0.1-0.3 0.1-0.5 0.2-0.8 0.1-0.3 0.2-0.5 0.3-0.8 0.1-0.3 0.3-0.5 0.4-0.8 0.2-0.3 0.3-0.5 0.5-0.7l-10.4-6-0.1 0.1c-0.1 0.1-0.1 0.2-0.2 0.3z\" fill=\"#E8CFAC\"/><path d=\"M702.8 502.6c1.4-0.8 2.3 0.4 1.6 2.2L695 529c-0.3 0.9-1 1.6-1.6 2-0.6 0.4-1.2 0.4-1.6-0.1l-3.1-4.4-28.3 35.2c-0.5 0.6-1.1 1.1-1.6 1.5-1.1 0.7-2.2 0.6-2.8-0.2l-8-11.2-28.1 35c-0.5 0.6-1.1 1.1-1.6 1.5-1.1 0.7-2.2 0.6-2.8-0.2-0.9-1.3-0.4-3.9 1.2-5.8l30.9-38.5c0.5-0.6 1.1-1.1 1.6-1.5 1.1-0.7 2.2-0.6 2.8 0.2l8 11.2 25.4-31.7-3.1-4.4c-0.7-1 0.2-3.2 1.5-4l19-11z\" fill=\"#FFFFFF\"/></svg>','Contact','contact','/contact',4,1,1,'2025-12-10 06:11:20','2026-01-17 05:40:12'),(7,NULL,'Settings','setting','/settings',7,1,1,'2025-12-10 06:14:09','2026-01-17 05:40:12'),(12,NULL,'News','/latest-news','/news',6,1,1,'2026-01-13 11:22:15','2026-01-17 05:40:12');
/*!40000 ALTER TABLE `header_menus` ENABLE KEYS */;
UNLOCK TABLES;

--
-- Table structure for table `header_settings`
--

DROP TABLE IF EXISTS `header_settings`;
/*!40101 SET @saved_cs_client     = @@character_set_client */;
/*!50503 SET character_set_client = utf8mb4 */;
CREATE TABLE `header_settings` (
  `id` bigint unsigned NOT NULL AUTO_INCREMENT,
  `website_name` varchar(255) COLLATE utf8mb4_unicode_ci NOT NULL,
  `logo_svg` longtext COLLATE utf8mb4_unicode_ci,
  `button_text` varchar(255) COLLATE utf8mb4_unicode_ci NOT NULL DEFAULT 'Sign In',
  `button_link` varchar(255) COLLATE utf8mb4_unicode_ci NOT NULL DEFAULT '#',
  `button_active` tinyint(1) NOT NULL DEFAULT '1',
  `created_at` timestamp NULL DEFAULT NULL,
  `updated_at` timestamp NULL DEFAULT NULL,
  PRIMARY KEY (`id`)
) ENGINE=InnoDB AUTO_INCREMENT=2 DEFAULT CHARSET=utf8mb4 COLLATE=utf8mb4_unicode_ci;
/*!40101 SET character_set_client = @saved_cs_client */;

--
-- Dumping data for table `header_settings`
--

LOCK TABLES `header_settings` WRITE;
/*!40000 ALTER TABLE `header_settings` DISABLE KEYS */;
INSERT INTO `header_settings` VALUES (1,'Bharat Stock Market Research','<svg width=\"28\" height=\"21\" viewBox=\"0 0 28 21\" fill=\"none\" xmlns=\"http://www.w3.org/2000/svg\">\r\n<path d=\"M26.1244 21.0003C27.3531 18.8721 28 16.4578 28 14.0003C28 11.5428 27.3531 9.1286 26.1244 7.00033C24.8956 4.87206 23.1283 3.10473 21 1.87598C18.8717 0.64722 16.4575 0.000332078 14 0.000332343C11.5425 0.000332317 9.12827 0.64722 7 1.87598C4.87173 3.10473 3.1044 4.87206 1.87565 7.00033C0.646892 9.1286 3.69251e-06 11.5428 3.7701e-06 14.0003C4.90459e-06 16.4578 0.646893 18.8721 1.87565 21.0003L14 14.0003L26.1244 21.0003Z\" fill=\"#004AFF\"/>\r\n</svg>','Sign Up','/login',1,'2025-12-10 05:42:04','2026-01-02 12:51:08');
/*!40000 ALTER TABLE `header_settings` ENABLE KEYS */;
UNLOCK TABLES;

--
-- Table structure for table `hero_banners`
--

DROP TABLE IF EXISTS `hero_banners`;
/*!40101 SET @saved_cs_client     = @@character_set_client */;
/*!50503 SET character_set_client = utf8mb4 */;
CREATE TABLE `hero_banners` (
  `id` bigint unsigned NOT NULL AUTO_INCREMENT,
  `page_key` varchar(255) COLLATE utf8mb4_unicode_ci DEFAULT NULL,
  `badge` varchar(255) COLLATE utf8mb4_unicode_ci DEFAULT NULL,
  `title` varchar(255) COLLATE utf8mb4_unicode_ci DEFAULT NULL,
  `subtitle` text COLLATE utf8mb4_unicode_ci,
  `description` longtext COLLATE utf8mb4_unicode_ci,
  `button_text_1` varchar(255) COLLATE utf8mb4_unicode_ci DEFAULT NULL,
  `button_link_1` varchar(255) COLLATE utf8mb4_unicode_ci DEFAULT NULL,
  `button_text_2` varchar(255) COLLATE utf8mb4_unicode_ci DEFAULT NULL,
  `button_link_2` varchar(255) COLLATE utf8mb4_unicode_ci DEFAULT NULL,
  `background_image` varchar(255) COLLATE utf8mb4_unicode_ci DEFAULT NULL,
  `mobile_background_image` varchar(255) COLLATE utf8mb4_unicode_ci DEFAULT NULL,
  `overlay_color` varchar(255) COLLATE utf8mb4_unicode_ci DEFAULT '#000000',
  `text_color` varchar(255) COLLATE utf8mb4_unicode_ci DEFAULT '#ffffff',
  `alignment` varchar(255) COLLATE utf8mb4_unicode_ci DEFAULT 'left',
  `vertical_position` varchar(255) COLLATE utf8mb4_unicode_ci DEFAULT 'center',
  `overlay_opacity` decimal(4,2) DEFAULT '0.30',
  `show_badge` tinyint(1) DEFAULT '1',
  `show_buttons` tinyint(1) DEFAULT '1',
  `sort_order` int DEFAULT '0',
  `status` tinyint(1) DEFAULT '1',
  `settings` longtext CHARACTER SET utf8mb4 COLLATE utf8mb4_bin,
  `created_at` timestamp NULL DEFAULT NULL,
  `updated_at` timestamp NULL DEFAULT NULL,
  PRIMARY KEY (`id`),
  CONSTRAINT `hero_banners_chk_1` CHECK (json_valid(`settings`))
) ENGINE=InnoDB AUTO_INCREMENT=21 DEFAULT CHARSET=utf8mb4 COLLATE=utf8mb4_unicode_ci;
/*!40101 SET character_set_client = @saved_cs_client */;

--
-- Dumping data for table `hero_banners`
--

LOCK TABLES `hero_banners` WRITE;
/*!40000 ALTER TABLE `hero_banners` DISABLE KEYS */;
INSERT INTO `hero_banners` VALUES (2,'Services',NULL,'Our Services','Plans that support your market journey','Select a plan that suits your investing style and get real-time recommendations, alerts,\r\n                        and full access to the dashboard.',NULL,NULL,NULL,NULL,'/tmp/php3jo96504fncb1BvxI7q',NULL,'#000000','#ffffff','left','center',0.30,1,1,1,1,NULL,'2025-12-12 05:39:39','2026-01-20 14:05:32'),(8,'contact','Contact','Contact us','Any question or remarks? Just write us a message!','Contact',NULL,NULL,NULL,NULL,'/tmp/phpv3g8e4h0kg1capD4Mmi','/tmp/phpe5d7cqa4qqbvas7KNbS','#000000','#ffffff','left','center',0.30,1,1,2,1,NULL,'2025-12-12 06:20:13','2026-01-20 14:05:32'),(9,'About','About','About','A research platform built around responsibility and trust.','We help retail investors understand the market better through clear, research-based stock insights. Our focus is to deliver timely updates and actionable recommendations — so you can trade with clarity instead of uncertainty.',NULL,NULL,NULL,NULL,'/tmp/phpolh4sjp5a2e5brXN5yT','/tmp/phpc4l15st1e9gdbjFPNSY','#000000','#ffffff','left','center',0.30,1,1,0,1,NULL,'2025-12-12 07:07:35','2026-01-20 14:05:32'),(10,'blogs','Latest Blogs','Blogs','Plans that support your market journey','new description for News Blogs Banner',NULL,NULL,NULL,NULL,'/tmp/php3accnpgd1ekmbnB3nzu',NULL,'#000000','#ffffff','left','center',0.30,1,1,3,1,NULL,'2025-12-13 01:36:01','2026-01-20 14:05:32'),(11,'moreblogs','Welcome','Smart Stock Research','Data-driven insights','Trusted by investors',NULL,NULL,NULL,NULL,'/tmp/phpi9j4r3ugcfb53GZYZQU','C:\\Users\\LAPTOP WORLD\\AppData\\Local\\Temp\\php4583.tmp','#000000','#ffffff','left','center',0.30,1,1,4,1,NULL,'2025-12-13 02:31:18','2026-01-20 14:05:32'),(12,'home','Home','Smart Stock Research','Reliable Market Guidance','Get expert-backed stock recommendations and market insights - designed for retail investors in India.','Join Now','/login','View Plans','/services','/tmp/phpgvlt8871fut2aNHlVRj','/tmp/phpd6a71l0e1mkg2xI3ooT','#000000','#ffffff','left','center',0.30,1,1,5,1,NULL,'2025-12-13 06:15:34','2026-01-22 09:00:09'),(20,'news','News','Bharat Stock Latest News','News',NULL,NULL,NULL,NULL,NULL,'/tmp/php12kjmhovmplff62HuwG',NULL,'#000000','#ffffff','left','center',0.30,1,1,6,1,NULL,'2026-01-13 11:20:05','2026-01-20 14:05:32');
/*!40000 ALTER TABLE `hero_banners` ENABLE KEYS */;
UNLOCK TABLES;

--
-- Table structure for table `home_counters`
--

DROP TABLE IF EXISTS `home_counters`;
/*!40101 SET @saved_cs_client     = @@character_set_client */;
/*!50503 SET character_set_client = utf8mb4 */;
CREATE TABLE `home_counters` (
  `id` bigint unsigned NOT NULL AUTO_INCREMENT,
  `value` varchar(255) COLLATE utf8mb4_unicode_ci NOT NULL,
  `description` varchar(255) COLLATE utf8mb4_unicode_ci NOT NULL,
  `sort_order` int NOT NULL DEFAULT '0',
  `is_active` tinyint(1) NOT NULL DEFAULT '1',
  `created_at` timestamp NULL DEFAULT NULL,
  `updated_at` timestamp NULL DEFAULT NULL,
  PRIMARY KEY (`id`)
) ENGINE=InnoDB AUTO_INCREMENT=9 DEFAULT CHARSET=utf8mb4 COLLATE=utf8mb4_unicode_ci;
/*!40101 SET character_set_client = @saved_cs_client */;

--
-- Dumping data for table `home_counters`
--

LOCK TABLES `home_counters` WRITE;
/*!40000 ALTER TABLE `home_counters` DISABLE KEYS */;
INSERT INTO `home_counters` VALUES (1,'9+','Years of combined research\r\nexperience',0,1,'2025-12-13 06:47:06','2026-01-14 18:05:11'),(2,'6+','Market segments covered',1,1,'2025-12-13 06:47:40','2026-01-25 16:55:43'),(3,'0','Actionable insights\r\ndelivered',3,1,'2025-12-13 06:48:08','2026-01-03 12:56:04'),(4,'4.5/5','User experience satisfaction',4,1,'2025-12-13 06:48:33','2026-01-28 04:00:43');
/*!40000 ALTER TABLE `home_counters` ENABLE KEYS */;
UNLOCK TABLES;

--
-- Table structure for table `home_key_feature_items`
--

DROP TABLE IF EXISTS `home_key_feature_items`;
/*!40101 SET @saved_cs_client     = @@character_set_client */;
/*!50503 SET character_set_client = utf8mb4 */;
CREATE TABLE `home_key_feature_items` (
  `id` bigint unsigned NOT NULL AUTO_INCREMENT,
  `section_id` bigint unsigned NOT NULL,
  `title` varchar(255) COLLATE utf8mb4_unicode_ci DEFAULT NULL,
  `sort_order` int NOT NULL DEFAULT '1',
  `is_active` tinyint(1) NOT NULL DEFAULT '1',
  `created_at` timestamp NULL DEFAULT NULL,
  `updated_at` timestamp NULL DEFAULT NULL,
  PRIMARY KEY (`id`),
  KEY `home_key_feature_items_section_id_foreign` (`section_id`),
  CONSTRAINT `home_key_feature_items_section_id_foreign` FOREIGN KEY (`section_id`) REFERENCES `home_key_feature_sections` (`id`) ON DELETE CASCADE
) ENGINE=InnoDB AUTO_INCREMENT=27 DEFAULT CHARSET=utf8mb4 COLLATE=utf8mb4_unicode_ci;
/*!40101 SET character_set_client = @saved_cs_client */;

--
-- Dumping data for table `home_key_feature_items`
--

LOCK TABLES `home_key_feature_items` WRITE;
/*!40000 ALTER TABLE `home_key_feature_items` DISABLE KEYS */;
INSERT INTO `home_key_feature_items` VALUES (24,1,NULL,1,1,'2026-01-09 07:35:26','2026-01-17 06:50:04'),(25,1,NULL,2,1,'2026-01-09 07:35:44','2026-01-17 06:50:04'),(26,1,NULL,3,1,'2026-01-09 07:35:59','2026-01-17 06:50:04');
/*!40000 ALTER TABLE `home_key_feature_items` ENABLE KEYS */;
UNLOCK TABLES;

--
-- Table structure for table `home_key_feature_sections`
--

DROP TABLE IF EXISTS `home_key_feature_sections`;
/*!40101 SET @saved_cs_client     = @@character_set_client */;
/*!50503 SET character_set_client = utf8mb4 */;
CREATE TABLE `home_key_feature_sections` (
  `id` bigint unsigned NOT NULL AUTO_INCREMENT,
  `heading` varchar(255) COLLATE utf8mb4_unicode_ci DEFAULT NULL,
  `description` text COLLATE utf8mb4_unicode_ci,
  `is_active` tinyint(1) NOT NULL DEFAULT '1',
  `created_at` timestamp NULL DEFAULT NULL,
  `updated_at` timestamp NULL DEFAULT NULL,
  PRIMARY KEY (`id`)
) ENGINE=InnoDB AUTO_INCREMENT=2 DEFAULT CHARSET=utf8mb4 COLLATE=utf8mb4_unicode_ci;
/*!40101 SET character_set_client = @saved_cs_client */;

--
-- Dumping data for table `home_key_feature_sections`
--

LOCK TABLES `home_key_feature_sections` WRITE;
/*!40000 ALTER TABLE `home_key_feature_sections` DISABLE KEYS */;
INSERT INTO `home_key_feature_sections` VALUES (1,'Key Features of the Platform','Everything you need in one platform',1,'2025-12-15 00:53:29','2025-12-15 01:05:57');
/*!40000 ALTER TABLE `home_key_feature_sections` ENABLE KEYS */;
UNLOCK TABLES;

--
-- Table structure for table `how_it_works_sections`
--

DROP TABLE IF EXISTS `how_it_works_sections`;
/*!40101 SET @saved_cs_client     = @@character_set_client */;
/*!50503 SET character_set_client = utf8mb4 */;
CREATE TABLE `how_it_works_sections` (
  `id` bigint unsigned NOT NULL AUTO_INCREMENT,
  `badge` varchar(255) COLLATE utf8mb4_unicode_ci DEFAULT NULL,
  `heading` varchar(255) COLLATE utf8mb4_unicode_ci DEFAULT NULL,
  `sub_heading` varchar(255) COLLATE utf8mb4_unicode_ci DEFAULT NULL,
  `description` text COLLATE utf8mb4_unicode_ci,
  `cta_text` varchar(255) COLLATE utf8mb4_unicode_ci DEFAULT NULL,
  `cta_url` varchar(255) COLLATE utf8mb4_unicode_ci DEFAULT NULL,
  `alignment` enum('left','center','right') COLLATE utf8mb4_unicode_ci NOT NULL DEFAULT 'center',
  `sort_order` int NOT NULL DEFAULT '0',
  `is_active` tinyint(1) NOT NULL DEFAULT '1',
  `created_at` timestamp NULL DEFAULT NULL,
  `updated_at` timestamp NULL DEFAULT NULL,
  PRIMARY KEY (`id`)
) ENGINE=InnoDB AUTO_INCREMENT=15 DEFAULT CHARSET=utf8mb4 COLLATE=utf8mb4_unicode_ci;
/*!40101 SET character_set_client = @saved_cs_client */;

--
-- Dumping data for table `how_it_works_sections`
--

LOCK TABLES `how_it_works_sections` WRITE;
/*!40000 ALTER TABLE `how_it_works_sections` DISABLE KEYS */;
INSERT INTO `how_it_works_sections` VALUES (13,'Process','How It Works','3 easy steps','Start investing easily',NULL,NULL,'center',0,1,'2025-12-15 00:10:35','2025-12-16 01:34:20'),(14,'Process','How It Works','3 easy steps','Start investing easily',NULL,NULL,'center',0,1,'2025-12-16 01:32:42','2025-12-16 01:32:42');
/*!40000 ALTER TABLE `how_it_works_sections` ENABLE KEYS */;
UNLOCK TABLES;

--
-- Table structure for table `how_it_works_steps`
--

DROP TABLE IF EXISTS `how_it_works_steps`;
/*!40101 SET @saved_cs_client     = @@character_set_client */;
/*!50503 SET character_set_client = utf8mb4 */;
CREATE TABLE `how_it_works_steps` (
  `id` bigint unsigned NOT NULL AUTO_INCREMENT,
  `section_id` bigint unsigned NOT NULL,
  `short_title` varchar(255) COLLATE utf8mb4_unicode_ci DEFAULT NULL,
  `title` varchar(255) COLLATE utf8mb4_unicode_ci DEFAULT NULL,
  `description` text COLLATE utf8mb4_unicode_ci,
  `highlight_text` varchar(255) COLLATE utf8mb4_unicode_ci DEFAULT NULL,
  `icon` varchar(255) COLLATE utf8mb4_unicode_ci DEFAULT NULL,
  `link_text` varchar(255) COLLATE utf8mb4_unicode_ci DEFAULT NULL,
  `link_url` varchar(255) COLLATE utf8mb4_unicode_ci DEFAULT NULL,
  `sort_order` int NOT NULL DEFAULT '0',
  `is_active` tinyint(1) NOT NULL DEFAULT '1',
  `created_at` timestamp NULL DEFAULT NULL,
  `updated_at` timestamp NULL DEFAULT NULL,
  PRIMARY KEY (`id`),
  KEY `how_it_works_steps_section_id_foreign` (`section_id`),
  CONSTRAINT `how_it_works_steps_section_id_foreign` FOREIGN KEY (`section_id`) REFERENCES `how_it_works_sections` (`id`) ON DELETE CASCADE
) ENGINE=InnoDB AUTO_INCREMENT=7 DEFAULT CHARSET=utf8mb4 COLLATE=utf8mb4_unicode_ci;
/*!40101 SET character_set_client = @saved_cs_client */;

--
-- Dumping data for table `how_it_works_steps`
--

LOCK TABLES `how_it_works_steps` WRITE;
/*!40000 ALTER TABLE `how_it_works_steps` DISABLE KEYS */;
INSERT INTO `how_it_works_steps` VALUES (2,13,NULL,'Create Your Account','Register with your mobile number and email to get started.',NULL,NULL,NULL,NULL,1,1,'2025-12-15 00:13:37','2026-01-08 13:07:40'),(3,13,NULL,'Complete Your KYC','Verify PAN, Aadhaar, and eSign the agreement for compliance and security.',NULL,NULL,NULL,NULL,2,1,'2025-12-16 01:32:42','2026-01-08 12:24:18'),(4,13,NULL,'Choose Your Subscription Plan','Select the plan that suits your trading or investment goals.',NULL,NULL,NULL,NULL,3,1,'2026-01-08 13:12:52','2026-01-08 13:12:52'),(5,13,NULL,'Receive Recommendations in Real Time','Get timely alerts and insights delivered on the app.',NULL,NULL,NULL,NULL,4,1,'2026-01-08 13:12:52','2026-01-08 13:12:52');
/*!40000 ALTER TABLE `how_it_works_steps` ENABLE KEYS */;
UNLOCK TABLES;

--
-- Table structure for table `inquiries`
--

DROP TABLE IF EXISTS `inquiries`;
/*!40101 SET @saved_cs_client     = @@character_set_client */;
/*!50503 SET character_set_client = utf8mb4 */;
CREATE TABLE `inquiries` (
  `id` bigint unsigned NOT NULL AUTO_INCREMENT,
  `user_id` bigint unsigned DEFAULT NULL,
  `first_name` varchar(255) COLLATE utf8mb4_unicode_ci DEFAULT NULL,
  `last_name` varchar(255) COLLATE utf8mb4_unicode_ci DEFAULT NULL,
  `email` varchar(255) COLLATE utf8mb4_unicode_ci DEFAULT NULL,
  `phone` varchar(255) COLLATE utf8mb4_unicode_ci DEFAULT NULL,
  `subject` varchar(255) COLLATE utf8mb4_unicode_ci DEFAULT NULL,
  `message` text COLLATE utf8mb4_unicode_ci,
  `created_at` timestamp NULL DEFAULT NULL,
  `updated_at` timestamp NULL DEFAULT NULL,
  PRIMARY KEY (`id`),
  KEY `inquiries_user_id_foreign` (`user_id`),
  CONSTRAINT `inquiries_user_id_foreign` FOREIGN KEY (`user_id`) REFERENCES `users` (`id`) ON DELETE SET NULL
) ENGINE=InnoDB AUTO_INCREMENT=13 DEFAULT CHARSET=utf8mb4 COLLATE=utf8mb4_unicode_ci;
/*!40101 SET character_set_client = @saved_cs_client */;

--
-- Dumping data for table `inquiries`
--

LOCK TABLES `inquiries` WRITE;
/*!40000 ALTER TABLE `inquiries` DISABLE KEYS */;
INSERT INTO `inquiries` VALUES (1,25,'sharad','verma','admin@example.com','9752008368','General Inquiry','I need your support message on abd@gmail.com','2025-12-12 07:16:03','2025-12-12 07:16:03'),(2,NULL,'Anjolie','Dawson','Anjolie@gmail.com','+919457296893','Support','for support !','2025-12-12 07:18:55','2025-12-12 07:18:55'),(3,1,'Carter','Pollard','wusymoqacy@mailinator.com',NULL,NULL,'Est ea impedit repu','2025-12-13 00:21:02','2025-12-13 00:21:02'),(4,1,'Rhona','Miles','infometawish.ai@gmail.com',NULL,NULL,'text something to checking for support','2025-12-15 05:02:20','2025-12-15 05:02:20'),(5,NULL,'Sharad','Kumar','sharad@gmail.com','9876543210','Pricing inquiry','I want to know more about your premium plans.','2025-12-16 02:18:16','2025-12-16 02:18:16'),(6,NULL,NULL,NULL,NULL,NULL,'General Inquiry','fkjsdfjsfsdkf','2025-12-30 14:29:02','2025-12-30 14:29:02'),(7,NULL,'namita','Rathore','namitarathore05071992@gmail.com',NULL,NULL,'hello this is my first message. I wan to join your services. kindly help me to join you. Second last name field is mandatory what about those who have only single name like as Namita, Footer is good but lacking of professional look.','2026-01-09 16:31:21','2026-01-09 16:31:21'),(8,NULL,'Anglea','Wilmer','anglea.wilmer@googlemail.com',NULL,NULL,'Best and affordable hosting service at https://myskyhost.com\r\n\r\n  _Our 50% off lifetime just $1/month for Web Site hosting. Use code: 50%wb\r\n  _Our 10% off lifetime for VPS hosting. Use code: vps10%off\r\n  _Our budget dedicated starting from $15/month','2026-01-17 00:40:24','2026-01-17 00:40:24'),(9,NULL,'Herman','Kinser','info@aisoftwaremarketing.com','152068141','General Inquiry','Hi,\r\n\r\n\r\n\r\nThis is Herman from CloudwowX.\r\n\r\n\r\n\r\nI’m reaching out to request a short 30-minute virtual demo meeting with the Director or decision-maker at your company.\r\n\r\n\r\n\r\nWe help businesses increase income and generate more clients by implementing practical AI systems that automate lead capture and follow-ups. This includes AI chat systems, WhatsApp automation, and AI-powered callers that automatically qualify potential clients.\r\n\r\n\r\n\r\nThe meeting is simply a short demonstration to show the software in action and explore how it could realistically benefit your business. There is no obligation.\r\n\r\n\r\n\r\nIf you’re open to taking a look, you can book a time directly here:\r\n\r\n\r\nhttps://calendly.com/cloudwowx/demo\r\n\r\n\r\n\r\nKind regards,\r\n\r\n\r\nHerman\r\n\r\n\r\nproposal@cloudwowx.com\r\n\r\nCloudwowX\r\nhttps://www.cloudwowx.com','2026-01-25 21:34:47','2026-01-25 21:34:47'),(10,NULL,'amit','kumar','amit.amitsahu@gmail.com',NULL,NULL,'hello','2026-01-27 16:04:54','2026-01-27 16:04:54'),(11,NULL,'amit','kumar','test@gamil.com',NULL,NULL,'testing one two three four','2026-01-27 16:06:27','2026-01-27 16:06:27'),(12,NULL,'Wayne','Challis','challis.wayne@hotmail.com','48518211','General Inquiry','Hi,\r\n\r\nI am a senior web developer, highly skilled and with 10+ years of collective web design and development experience, I work in one of the best web development company.\r\n\r\nMy hourly rate is $8\r\n\r\nMy expertise includes:\r\n\r\nWebsite design - custom mockups and template designs\r\nWebsite design and development - theme development, backend customisation\r\nResponsive website - on all screen sizes and devices\r\nPlugins and Extensions Development\r\nWebsite speed optimisation and SEO on-page optimisation\r\nWebsite security\r\nWebsite migration, support and maintenance\r\nIf you have a question or requirement to discuss, I would love to help and further discuss it. Please email me at e.solus@gmail.com\r\n\r\nRegards,\r\nSachin\r\ne.solus@gmail.com','2026-01-30 02:16:15','2026-01-30 02:16:15');
/*!40000 ALTER TABLE `inquiries` ENABLE KEYS */;
UNLOCK TABLES;

--
-- Table structure for table `investor_charter_pages`
--

DROP TABLE IF EXISTS `investor_charter_pages`;
/*!40101 SET @saved_cs_client     = @@character_set_client */;
/*!50503 SET character_set_client = utf8mb4 */;
CREATE TABLE `investor_charter_pages` (
  `id` bigint unsigned NOT NULL AUTO_INCREMENT,
  `policy_id` bigint unsigned NOT NULL,
  `page_title` varchar(255) COLLATE utf8mb4_unicode_ci NOT NULL,
  `page_slug` varchar(255) COLLATE utf8mb4_unicode_ci NOT NULL,
  `content` longtext COLLATE utf8mb4_unicode_ci NOT NULL,
  `page_order` int NOT NULL DEFAULT '0',
  `is_visible` tinyint(1) NOT NULL DEFAULT '1',
  `created_at` timestamp NULL DEFAULT NULL,
  `updated_at` timestamp NULL DEFAULT NULL,
  PRIMARY KEY (`id`),
  UNIQUE KEY `investor_charter_pages_policy_id_page_slug_unique` (`policy_id`,`page_slug`),
  CONSTRAINT `investor_charter_pages_policy_id_foreign` FOREIGN KEY (`policy_id`) REFERENCES `investor_charter_policies` (`id`) ON DELETE CASCADE
) ENGINE=InnoDB AUTO_INCREMENT=4 DEFAULT CHARSET=utf8mb4 COLLATE=utf8mb4_unicode_ci;
/*!40101 SET character_set_client = @saved_cs_client */;

--
-- Dumping data for table `investor_charter_pages`
--

LOCK TABLES `investor_charter_pages` WRITE;
/*!40000 ALTER TABLE `investor_charter_pages` DISABLE KEYS */;
INSERT INTO `investor_charter_pages` VALUES (1,1,'First Page','first-page','<p>sdfadf</p>',1,1,'2025-12-29 02:53:26','2025-12-29 02:53:26'),(2,2,'First Page','first-page','<p>This Investor Charter has been prepared in accordance with the guidelines issued by the Securities and Exchange Board of India (SEBI) to enhance transparency, protect investor interests, and promote ethical practices in the securities market.</p><p>The purpose of this charter is to inform investors about the services provided by intermediaries, their rights and responsibilities, and the grievance redressal mechanisms available to them.</p><p>Investors are advised to carefully read and understand this document before engaging in trading or investment activities through any registered intermediary.</p><p>This charter applies to all retail and institutional investors who participate in the securities market through stock brokers, trading members, or authorized intermediaries.</p><p>This Investor Charter has been prepared in accordance with the guidelines issued by the Securities and Exchange Board of India (SEBI) to enhance transparency, protect investor interests, and promote ethical practices in the securities market.</p><p>The purpose of this charter is to inform investors about the services provided by intermediaries, their rights and responsibilities, and the grievance redressal mechanisms available to them.</p><p>Investors are advised to carefully read and understand this document before engaging in trading or investment activities through any registered intermediary.</p><p>This charter applies to all retail and institutional investors who participate in the securities market through stock brokers, trading members, or authorized intermediaries.</p><p>This Investor Charter has been prepared in accordance with the guidelines issued by the Securities and Exchange Board of India (SEBI) to enhance transparency, protect investor interests, and promote ethical practices in the securities market.</p><p>The purpose of this charter is to inform investors about the services provided by intermediaries, their rights and responsibilities, and the grievance redressal mechanisms available to them.</p><p>Investors are advised to carefully read and understand this document before engaging in trading or investment activities through any registered intermediary.</p><p>This charter applies to all retail and institutional investors who participate in the securities market through stock brokers, trading members, or authorized intermediaries.</p><p>This Investor Charter has been prepared in accordance with the guidelines issued by the Securities and Exchange Board of India (SEBI) to enhance transparency, protect investor interests, and promote ethical practices in the securities market.</p><p>The purpose of this charter is to inform investors about the services provided by intermediaries, their rights and responsibilities, and the grievance redressal mechanisms available to them.</p><p>Investors are advised to carefully read and understand this document before engaging in trading or investment activities through any registered intermediary.</p><p>This charter applies to all retail and institutional investors who participate in the securities market through stock brokers, trading members, or authorized intermediaries.</p><p>This Investor Charter has been prepared in accordance with the guidelines issued by the Securities and Exchange Board of India (SEBI) to enhance transparency, protect investor interests, and promote ethical practices in the securities market.</p><p>The purpose of this charter is to inform investors about the services provided by intermediaries, their rights and responsibilities, and the grievance redressal mechanisms available to them.</p><p>Investors are advised to carefully read and understand this document before engaging in trading or investment activities through any registered intermediary.</p><p>This charter applies to all retail and institutional investors who participate in the securities market through stock brokers, trading members, or authorized intermediaries.</p>',1,1,'2025-12-29 02:58:43','2025-12-29 02:58:43'),(3,2,'Vision & Mission','vision-mission','<h3><strong>Vision</strong></h3><p>To create a transparent, fair, and secure investment environment where investor interests are protected and trust is maintained at all times.</p><h3><strong>Mission</strong></h3><ul><li>To provide efficient and reliable services to investors.</li><li>To ensure compliance with regulatory requirements.</li><li>To promote ethical conduct and professional integrity.</li><li>To resolve investor grievances in a timely and transparent manner.</li></ul><p>The intermediary strives to continuously improve service quality through technology, investor education, and adherence to best practices.</p><h3><strong>Mission</strong></h3><ul><li>To provide efficient and reliable services to investors.</li><li>To ensure compliance with regulatory requirements.</li><li>To promote ethical conduct and professional integrity.</li><li>To resolve investor grievances in a timely and transparent manner.</li></ul><p>The intermediary strives to continuously improve service quality through technology, investor education, and adherence to best practices.</p><h3><strong>Mission</strong></h3><ul><li>To provide efficient and reliable services to investors.</li><li>To ensure compliance with regulatory requirements.</li><li>To promote ethical conduct and professional integrity.</li><li>To resolve investor grievances in a timely and transparent manner.</li></ul><p>The intermediary strives to continuously improve service quality through technology, investor education, and adherence to best practices.</p><h3><strong>Mission</strong></h3><ul><li>To provide efficient and reliable services to investors.</li><li>To ensure compliance with regulatory requirements.</li><li>To promote ethical conduct and professional integrity.</li><li>To resolve investor grievances in a timely and transparent manner.</li></ul><p>The intermediary strives to continuously improve service quality through technology, investor education, and adherence to best practices.</p><h3><strong>Mission</strong></h3><ul><li>To provide efficient and reliable services to investors.</li><li>To ensure compliance with regulatory requirements.</li><li>To promote ethical conduct and professional integrity.</li><li>To resolve investor grievances in a timely and transparent manner.</li></ul><p>The intermediary strives to continuously improve service quality through technology, investor education, and adherence to best practices.</p>',2,1,'2025-12-29 02:58:43','2025-12-29 02:58:43');
/*!40000 ALTER TABLE `investor_charter_pages` ENABLE KEYS */;
UNLOCK TABLES;

--
-- Table structure for table `investor_charter_policies`
--

DROP TABLE IF EXISTS `investor_charter_policies`;
/*!40101 SET @saved_cs_client     = @@character_set_client */;
/*!50503 SET character_set_client = utf8mb4 */;
CREATE TABLE `investor_charter_policies` (
  `id` bigint unsigned NOT NULL AUTO_INCREMENT,
  `title` varchar(255) COLLATE utf8mb4_unicode_ci NOT NULL,
  `version` varchar(255) COLLATE utf8mb4_unicode_ci NOT NULL,
  `effective_from` date NOT NULL,
  `effective_to` date DEFAULT NULL,
  `is_active` tinyint(1) NOT NULL DEFAULT '0',
  `is_archived` tinyint(1) NOT NULL DEFAULT '0',
  `description` text COLLATE utf8mb4_unicode_ci,
  `created_at` timestamp NULL DEFAULT NULL,
  `updated_at` timestamp NULL DEFAULT NULL,
  PRIMARY KEY (`id`),
  UNIQUE KEY `investor_charter_policies_title_version_unique` (`title`,`version`)
) ENGINE=InnoDB AUTO_INCREMENT=3 DEFAULT CHARSET=utf8mb4 COLLATE=utf8mb4_unicode_ci;
/*!40101 SET character_set_client = @saved_cs_client */;

--
-- Dumping data for table `investor_charter_policies`
--

LOCK TABLES `investor_charter_policies` WRITE;
/*!40000 ALTER TABLE `investor_charter_policies` DISABLE KEYS */;
INSERT INTO `investor_charter_policies` VALUES (1,'Investor Charter','1.0','2025-12-29',NULL,0,1,'adsf','2025-12-29 02:53:26','2025-12-29 02:58:43'),(2,'Investor Charter','v1.1','2025-12-29',NULL,1,0,'test','2025-12-29 02:58:43','2025-12-29 02:58:43');
/*!40000 ALTER TABLE `investor_charter_policies` ENABLE KEYS */;
UNLOCK TABLES;

--
-- Table structure for table `investor_charter_policy_logs`
--

DROP TABLE IF EXISTS `investor_charter_policy_logs`;
/*!40101 SET @saved_cs_client     = @@character_set_client */;
/*!50503 SET character_set_client = utf8mb4 */;
CREATE TABLE `investor_charter_policy_logs` (
  `id` bigint unsigned NOT NULL AUTO_INCREMENT,
  `policy_id` bigint unsigned NOT NULL,
  `action` varchar(255) COLLATE utf8mb4_unicode_ci NOT NULL,
  `remarks` text COLLATE utf8mb4_unicode_ci,
  `performed_by` bigint unsigned DEFAULT NULL,
  `created_at` timestamp NULL DEFAULT NULL,
  `updated_at` timestamp NULL DEFAULT NULL,
  PRIMARY KEY (`id`),
  KEY `investor_charter_policy_logs_policy_id_foreign` (`policy_id`),
  KEY `investor_charter_policy_logs_performed_by_foreign` (`performed_by`),
  CONSTRAINT `investor_charter_policy_logs_performed_by_foreign` FOREIGN KEY (`performed_by`) REFERENCES `users` (`id`) ON DELETE SET NULL,
  CONSTRAINT `investor_charter_policy_logs_policy_id_foreign` FOREIGN KEY (`policy_id`) REFERENCES `investor_charter_policies` (`id`) ON DELETE CASCADE
) ENGINE=InnoDB AUTO_INCREMENT=3 DEFAULT CHARSET=utf8mb4 COLLATE=utf8mb4_unicode_ci;
/*!40101 SET character_set_client = @saved_cs_client */;

--
-- Dumping data for table `investor_charter_policy_logs`
--

LOCK TABLES `investor_charter_policy_logs` WRITE;
/*!40000 ALTER TABLE `investor_charter_policy_logs` DISABLE KEYS */;
INSERT INTO `investor_charter_policy_logs` VALUES (1,1,'created','Investor charter policy created',1,'2025-12-29 02:53:26','2025-12-29 02:53:26'),(2,2,'created','Investor charter policy v1.1 created',1,'2025-12-29 02:58:43','2025-12-29 02:58:43');
/*!40000 ALTER TABLE `investor_charter_policy_logs` ENABLE KEYS */;
UNLOCK TABLES;

--
-- Table structure for table `invoices`
--

DROP TABLE IF EXISTS `invoices`;
/*!40101 SET @saved_cs_client     = @@character_set_client */;
/*!50503 SET character_set_client = utf8mb4 */;
CREATE TABLE `invoices` (
  `id` bigint unsigned NOT NULL AUTO_INCREMENT,
  `user_id` bigint unsigned NOT NULL,
  `user_subscription_id` bigint unsigned NOT NULL,
  `invoice_number` varchar(255) COLLATE utf8mb4_unicode_ci NOT NULL,
  `amount` decimal(10,2) NOT NULL,
  `currency` varchar(255) COLLATE utf8mb4_unicode_ci NOT NULL DEFAULT 'INR',
  `payment_gateway` varchar(255) COLLATE utf8mb4_unicode_ci DEFAULT NULL,
  `payment_reference` varchar(255) COLLATE utf8mb4_unicode_ci DEFAULT NULL,
  `invoice_date` date NOT NULL,
  `service_start_date` date NOT NULL,
  `service_end_date` date NOT NULL,
  `created_at` timestamp NULL DEFAULT NULL,
  `updated_at` timestamp NULL DEFAULT NULL,
  PRIMARY KEY (`id`),
  UNIQUE KEY `invoices_invoice_number_unique` (`invoice_number`),
  KEY `invoices_user_id_foreign` (`user_id`),
  KEY `invoices_user_subscription_id_foreign` (`user_subscription_id`),
  CONSTRAINT `invoices_user_id_foreign` FOREIGN KEY (`user_id`) REFERENCES `users` (`id`) ON DELETE CASCADE,
  CONSTRAINT `invoices_user_subscription_id_foreign` FOREIGN KEY (`user_subscription_id`) REFERENCES `user_subscriptions` (`id`) ON DELETE CASCADE
) ENGINE=InnoDB AUTO_INCREMENT=8 DEFAULT CHARSET=utf8mb4 COLLATE=utf8mb4_unicode_ci;
/*!40101 SET character_set_client = @saved_cs_client */;

--
-- Dumping data for table `invoices`
--

LOCK TABLES `invoices` WRITE;
/*!40000 ALTER TABLE `invoices` DISABLE KEYS */;
INSERT INTO `invoices` VALUES (4,1,17,'INV000003',99.00,'INR','razorpay','pay_S8nnHMy437Hzpb','2026-01-27','2026-01-27','2026-01-27','2026-01-27 06:21:57','2026-01-27 06:21:57'),(5,1,18,'INV000004',99.00,'INR','razorpay','pay_S8noZUUUSd3nBO','2026-01-27','2026-01-27','2026-01-27','2026-01-27 06:23:10','2026-01-27 06:23:10');
/*!40000 ALTER TABLE `invoices` ENABLE KEYS */;
UNLOCK TABLES;

--
-- Table structure for table `job_batches`
--

DROP TABLE IF EXISTS `job_batches`;
/*!40101 SET @saved_cs_client     = @@character_set_client */;
/*!50503 SET character_set_client = utf8mb4 */;
CREATE TABLE `job_batches` (
  `id` varchar(255) COLLATE utf8mb4_unicode_ci NOT NULL,
  `name` varchar(255) COLLATE utf8mb4_unicode_ci NOT NULL,
  `total_jobs` int NOT NULL,
  `pending_jobs` int NOT NULL,
  `failed_jobs` int NOT NULL,
  `failed_job_ids` longtext COLLATE utf8mb4_unicode_ci NOT NULL,
  `options` mediumtext COLLATE utf8mb4_unicode_ci,
  `cancelled_at` int DEFAULT NULL,
  `created_at` int NOT NULL,
  `finished_at` int DEFAULT NULL,
  PRIMARY KEY (`id`)
) ENGINE=InnoDB DEFAULT CHARSET=utf8mb4 COLLATE=utf8mb4_unicode_ci;
/*!40101 SET character_set_client = @saved_cs_client */;

--
-- Dumping data for table `job_batches`
--

LOCK TABLES `job_batches` WRITE;
/*!40000 ALTER TABLE `job_batches` DISABLE KEYS */;
/*!40000 ALTER TABLE `job_batches` ENABLE KEYS */;
UNLOCK TABLES;

--
-- Table structure for table `jobs`
--

DROP TABLE IF EXISTS `jobs`;
/*!40101 SET @saved_cs_client     = @@character_set_client */;
/*!50503 SET character_set_client = utf8mb4 */;
CREATE TABLE `jobs` (
  `id` bigint unsigned NOT NULL AUTO_INCREMENT,
  `queue` varchar(255) COLLATE utf8mb4_unicode_ci NOT NULL,
  `payload` longtext COLLATE utf8mb4_unicode_ci NOT NULL,
  `attempts` tinyint unsigned NOT NULL,
  `reserved_at` int unsigned DEFAULT NULL,
  `available_at` int unsigned NOT NULL,
  `created_at` int unsigned NOT NULL,
  PRIMARY KEY (`id`),
  KEY `jobs_queue_index` (`queue`)
) ENGINE=InnoDB AUTO_INCREMENT=37 DEFAULT CHARSET=utf8mb4 COLLATE=utf8mb4_unicode_ci;
/*!40101 SET character_set_client = @saved_cs_client */;

--
-- Dumping data for table `jobs`
--

LOCK TABLES `jobs` WRITE;
/*!40000 ALTER TABLE `jobs` DISABLE KEYS */;
INSERT INTO `jobs` VALUES (1,'default','{\"uuid\":\"73da0433-bd6b-4e40-9f5d-139b0090e923\",\"displayName\":\"Spatie\\\\MediaLibrary\\\\Conversions\\\\Jobs\\\\PerformConversionsJob\",\"job\":\"Illuminate\\\\Queue\\\\CallQueuedHandler@call\",\"maxTries\":null,\"maxExceptions\":null,\"failOnTimeout\":false,\"backoff\":null,\"timeout\":null,\"retryUntil\":null,\"data\":{\"commandName\":\"Spatie\\\\MediaLibrary\\\\Conversions\\\\Jobs\\\\PerformConversionsJob\",\"command\":\"O:58:\\\"Spatie\\\\MediaLibrary\\\\Conversions\\\\Jobs\\\\PerformConversionsJob\\\":6:{s:14:\\\"\\u0000*\\u0000conversions\\\";O:52:\\\"Spatie\\\\MediaLibrary\\\\Conversions\\\\ConversionCollection\\\":2:{s:8:\\\"\\u0000*\\u0000items\\\";a:1:{i:0;O:42:\\\"Spatie\\\\MediaLibrary\\\\Conversions\\\\Conversion\\\":11:{s:12:\\\"\\u0000*\\u0000fileNamer\\\";O:54:\\\"Spatie\\\\MediaLibrary\\\\Support\\\\FileNamer\\\\DefaultFileNamer\\\":0:{}s:28:\\\"\\u0000*\\u0000extractVideoFrameAtSecond\\\";d:0;s:16:\\\"\\u0000*\\u0000manipulations\\\";O:45:\\\"Spatie\\\\MediaLibrary\\\\Conversions\\\\Manipulations\\\":1:{s:16:\\\"\\u0000*\\u0000manipulations\\\";a:5:{s:8:\\\"optimize\\\";a:1:{i:0;O:36:\\\"Spatie\\\\ImageOptimizer\\\\OptimizerChain\\\":3:{s:13:\\\"\\u0000*\\u0000optimizers\\\";a:7:{i:0;O:42:\\\"Spatie\\\\ImageOptimizer\\\\Optimizers\\\\Jpegoptim\\\":5:{s:7:\\\"options\\\";a:4:{i:0;s:4:\\\"-m85\\\";i:1;s:7:\\\"--force\\\";i:2;s:11:\\\"--strip-all\\\";i:3;s:17:\\\"--all-progressive\\\";}s:9:\\\"imagePath\\\";s:0:\\\"\\\";s:10:\\\"binaryPath\\\";s:0:\\\"\\\";s:7:\\\"tmpPath\\\";N;s:10:\\\"binaryName\\\";s:9:\\\"jpegoptim\\\";}i:1;O:41:\\\"Spatie\\\\ImageOptimizer\\\\Optimizers\\\\Pngquant\\\":5:{s:7:\\\"options\\\";a:1:{i:0;s:7:\\\"--force\\\";}s:9:\\\"imagePath\\\";s:0:\\\"\\\";s:10:\\\"binaryPath\\\";s:0:\\\"\\\";s:7:\\\"tmpPath\\\";N;s:10:\\\"binaryName\\\";s:8:\\\"pngquant\\\";}i:2;O:40:\\\"Spatie\\\\ImageOptimizer\\\\Optimizers\\\\Optipng\\\":5:{s:7:\\\"options\\\";a:3:{i:0;s:3:\\\"-i0\\\";i:1;s:3:\\\"-o2\\\";i:2;s:6:\\\"-quiet\\\";}s:9:\\\"imagePath\\\";s:0:\\\"\\\";s:10:\\\"binaryPath\\\";s:0:\\\"\\\";s:7:\\\"tmpPath\\\";N;s:10:\\\"binaryName\\\";s:7:\\\"optipng\\\";}i:3;O:37:\\\"Spatie\\\\ImageOptimizer\\\\Optimizers\\\\Svgo\\\":5:{s:7:\\\"options\\\";a:1:{i:0;s:20:\\\"--disable=cleanupIDs\\\";}s:9:\\\"imagePath\\\";s:0:\\\"\\\";s:10:\\\"binaryPath\\\";s:0:\\\"\\\";s:7:\\\"tmpPath\\\";N;s:10:\\\"binaryName\\\";s:4:\\\"svgo\\\";}i:4;O:41:\\\"Spatie\\\\ImageOptimizer\\\\Optimizers\\\\Gifsicle\\\":5:{s:7:\\\"options\\\";a:2:{i:0;s:2:\\\"-b\\\";i:1;s:3:\\\"-O3\\\";}s:9:\\\"imagePath\\\";s:0:\\\"\\\";s:10:\\\"binaryPath\\\";s:0:\\\"\\\";s:7:\\\"tmpPath\\\";N;s:10:\\\"binaryName\\\";s:8:\\\"gifsicle\\\";}i:5;O:38:\\\"Spatie\\\\ImageOptimizer\\\\Optimizers\\\\Cwebp\\\":5:{s:7:\\\"options\\\";a:4:{i:0;s:4:\\\"-m 6\\\";i:1;s:8:\\\"-pass 10\\\";i:2;s:3:\\\"-mt\\\";i:3;s:5:\\\"-q 90\\\";}s:9:\\\"imagePath\\\";s:0:\\\"\\\";s:10:\\\"binaryPath\\\";s:0:\\\"\\\";s:7:\\\"tmpPath\\\";N;s:10:\\\"binaryName\\\";s:5:\\\"cwebp\\\";}i:6;O:40:\\\"Spatie\\\\ImageOptimizer\\\\Optimizers\\\\Avifenc\\\":6:{s:7:\\\"options\\\";a:8:{i:0;s:14:\\\"-a cq-level=23\\\";i:1;s:6:\\\"-j all\\\";i:2;s:7:\\\"--min 0\\\";i:3;s:8:\\\"--max 63\\\";i:4;s:12:\\\"--minalpha 0\\\";i:5;s:13:\\\"--maxalpha 63\\\";i:6;s:14:\\\"-a end-usage=q\\\";i:7;s:12:\\\"-a tune=ssim\\\";}s:9:\\\"imagePath\\\";s:0:\\\"\\\";s:10:\\\"binaryPath\\\";s:0:\\\"\\\";s:7:\\\"tmpPath\\\";N;s:10:\\\"binaryName\\\";s:7:\\\"avifenc\\\";s:16:\\\"decodeBinaryName\\\";s:7:\\\"avifdec\\\";}}s:9:\\\"\\u0000*\\u0000logger\\\";O:33:\\\"Spatie\\\\ImageOptimizer\\\\DummyLogger\\\":0:{}s:10:\\\"\\u0000*\\u0000timeout\\\";i:60;}}s:6:\\\"format\\\";a:1:{i:0;s:3:\\\"jpg\\\";}s:5:\\\"width\\\";a:1:{i:0;i:300;}s:6:\\\"height\\\";a:1:{i:0;i:200;}s:7:\\\"sharpen\\\";a:1:{i:0;i:10;}}}s:23:\\\"\\u0000*\\u0000performOnCollections\\\";a:0:{}s:17:\\\"\\u0000*\\u0000performOnQueue\\\";b:1;s:26:\\\"\\u0000*\\u0000keepOriginalImageFormat\\\";b:0;s:27:\\\"\\u0000*\\u0000generateResponsiveImages\\\";b:0;s:18:\\\"\\u0000*\\u0000widthCalculator\\\";N;s:24:\\\"\\u0000*\\u0000loadingAttributeValue\\\";N;s:16:\\\"\\u0000*\\u0000pdfPageNumber\\\";i:1;s:7:\\\"\\u0000*\\u0000name\\\";s:5:\\\"thumb\\\";}}s:28:\\\"\\u0000*\\u0000escapeWhenCastingToString\\\";b:0;}s:8:\\\"\\u0000*\\u0000media\\\";O:45:\\\"Illuminate\\\\Contracts\\\\Database\\\\ModelIdentifier\\\":5:{s:5:\\\"class\\\";s:49:\\\"Spatie\\\\MediaLibrary\\\\MediaCollections\\\\Models\\\\Media\\\";s:2:\\\"id\\\";i:15;s:9:\\\"relations\\\";a:0:{}s:10:\\\"connection\\\";s:5:\\\"mysql\\\";s:15:\\\"collectionClass\\\";N;}s:14:\\\"\\u0000*\\u0000onlyMissing\\\";b:0;s:10:\\\"connection\\\";s:8:\\\"database\\\";s:5:\\\"queue\\\";s:0:\\\"\\\";s:11:\\\"afterCommit\\\";b:1;}\"},\"createdAt\":1765272673,\"delay\":null}',0,NULL,1765272673,1765272673),(2,'default','{\"uuid\":\"914661d1-f73c-447f-ba1d-23cc45dc2c8b\",\"displayName\":\"Spatie\\\\MediaLibrary\\\\Conversions\\\\Jobs\\\\PerformConversionsJob\",\"job\":\"Illuminate\\\\Queue\\\\CallQueuedHandler@call\",\"maxTries\":null,\"maxExceptions\":null,\"failOnTimeout\":false,\"backoff\":null,\"timeout\":null,\"retryUntil\":null,\"data\":{\"commandName\":\"Spatie\\\\MediaLibrary\\\\Conversions\\\\Jobs\\\\PerformConversionsJob\",\"command\":\"O:58:\\\"Spatie\\\\MediaLibrary\\\\Conversions\\\\Jobs\\\\PerformConversionsJob\\\":6:{s:14:\\\"\\u0000*\\u0000conversions\\\";O:52:\\\"Spatie\\\\MediaLibrary\\\\Conversions\\\\ConversionCollection\\\":2:{s:8:\\\"\\u0000*\\u0000items\\\";a:1:{i:0;O:42:\\\"Spatie\\\\MediaLibrary\\\\Conversions\\\\Conversion\\\":11:{s:12:\\\"\\u0000*\\u0000fileNamer\\\";O:54:\\\"Spatie\\\\MediaLibrary\\\\Support\\\\FileNamer\\\\DefaultFileNamer\\\":0:{}s:28:\\\"\\u0000*\\u0000extractVideoFrameAtSecond\\\";d:0;s:16:\\\"\\u0000*\\u0000manipulations\\\";O:45:\\\"Spatie\\\\MediaLibrary\\\\Conversions\\\\Manipulations\\\":1:{s:16:\\\"\\u0000*\\u0000manipulations\\\";a:5:{s:8:\\\"optimize\\\";a:1:{i:0;O:36:\\\"Spatie\\\\ImageOptimizer\\\\OptimizerChain\\\":3:{s:13:\\\"\\u0000*\\u0000optimizers\\\";a:7:{i:0;O:42:\\\"Spatie\\\\ImageOptimizer\\\\Optimizers\\\\Jpegoptim\\\":5:{s:7:\\\"options\\\";a:4:{i:0;s:4:\\\"-m85\\\";i:1;s:7:\\\"--force\\\";i:2;s:11:\\\"--strip-all\\\";i:3;s:17:\\\"--all-progressive\\\";}s:9:\\\"imagePath\\\";s:0:\\\"\\\";s:10:\\\"binaryPath\\\";s:0:\\\"\\\";s:7:\\\"tmpPath\\\";N;s:10:\\\"binaryName\\\";s:9:\\\"jpegoptim\\\";}i:1;O:41:\\\"Spatie\\\\ImageOptimizer\\\\Optimizers\\\\Pngquant\\\":5:{s:7:\\\"options\\\";a:1:{i:0;s:7:\\\"--force\\\";}s:9:\\\"imagePath\\\";s:0:\\\"\\\";s:10:\\\"binaryPath\\\";s:0:\\\"\\\";s:7:\\\"tmpPath\\\";N;s:10:\\\"binaryName\\\";s:8:\\\"pngquant\\\";}i:2;O:40:\\\"Spatie\\\\ImageOptimizer\\\\Optimizers\\\\Optipng\\\":5:{s:7:\\\"options\\\";a:3:{i:0;s:3:\\\"-i0\\\";i:1;s:3:\\\"-o2\\\";i:2;s:6:\\\"-quiet\\\";}s:9:\\\"imagePath\\\";s:0:\\\"\\\";s:10:\\\"binaryPath\\\";s:0:\\\"\\\";s:7:\\\"tmpPath\\\";N;s:10:\\\"binaryName\\\";s:7:\\\"optipng\\\";}i:3;O:37:\\\"Spatie\\\\ImageOptimizer\\\\Optimizers\\\\Svgo\\\":5:{s:7:\\\"options\\\";a:1:{i:0;s:20:\\\"--disable=cleanupIDs\\\";}s:9:\\\"imagePath\\\";s:0:\\\"\\\";s:10:\\\"binaryPath\\\";s:0:\\\"\\\";s:7:\\\"tmpPath\\\";N;s:10:\\\"binaryName\\\";s:4:\\\"svgo\\\";}i:4;O:41:\\\"Spatie\\\\ImageOptimizer\\\\Optimizers\\\\Gifsicle\\\":5:{s:7:\\\"options\\\";a:2:{i:0;s:2:\\\"-b\\\";i:1;s:3:\\\"-O3\\\";}s:9:\\\"imagePath\\\";s:0:\\\"\\\";s:10:\\\"binaryPath\\\";s:0:\\\"\\\";s:7:\\\"tmpPath\\\";N;s:10:\\\"binaryName\\\";s:8:\\\"gifsicle\\\";}i:5;O:38:\\\"Spatie\\\\ImageOptimizer\\\\Optimizers\\\\Cwebp\\\":5:{s:7:\\\"options\\\";a:4:{i:0;s:4:\\\"-m 6\\\";i:1;s:8:\\\"-pass 10\\\";i:2;s:3:\\\"-mt\\\";i:3;s:5:\\\"-q 90\\\";}s:9:\\\"imagePath\\\";s:0:\\\"\\\";s:10:\\\"binaryPath\\\";s:0:\\\"\\\";s:7:\\\"tmpPath\\\";N;s:10:\\\"binaryName\\\";s:5:\\\"cwebp\\\";}i:6;O:40:\\\"Spatie\\\\ImageOptimizer\\\\Optimizers\\\\Avifenc\\\":6:{s:7:\\\"options\\\";a:8:{i:0;s:14:\\\"-a cq-level=23\\\";i:1;s:6:\\\"-j all\\\";i:2;s:7:\\\"--min 0\\\";i:3;s:8:\\\"--max 63\\\";i:4;s:12:\\\"--minalpha 0\\\";i:5;s:13:\\\"--maxalpha 63\\\";i:6;s:14:\\\"-a end-usage=q\\\";i:7;s:12:\\\"-a tune=ssim\\\";}s:9:\\\"imagePath\\\";s:0:\\\"\\\";s:10:\\\"binaryPath\\\";s:0:\\\"\\\";s:7:\\\"tmpPath\\\";N;s:10:\\\"binaryName\\\";s:7:\\\"avifenc\\\";s:16:\\\"decodeBinaryName\\\";s:7:\\\"avifdec\\\";}}s:9:\\\"\\u0000*\\u0000logger\\\";O:33:\\\"Spatie\\\\ImageOptimizer\\\\DummyLogger\\\":0:{}s:10:\\\"\\u0000*\\u0000timeout\\\";i:60;}}s:6:\\\"format\\\";a:1:{i:0;s:3:\\\"jpg\\\";}s:5:\\\"width\\\";a:1:{i:0;i:300;}s:6:\\\"height\\\";a:1:{i:0;i:200;}s:7:\\\"sharpen\\\";a:1:{i:0;i:10;}}}s:23:\\\"\\u0000*\\u0000performOnCollections\\\";a:0:{}s:17:\\\"\\u0000*\\u0000performOnQueue\\\";b:1;s:26:\\\"\\u0000*\\u0000keepOriginalImageFormat\\\";b:0;s:27:\\\"\\u0000*\\u0000generateResponsiveImages\\\";b:0;s:18:\\\"\\u0000*\\u0000widthCalculator\\\";N;s:24:\\\"\\u0000*\\u0000loadingAttributeValue\\\";N;s:16:\\\"\\u0000*\\u0000pdfPageNumber\\\";i:1;s:7:\\\"\\u0000*\\u0000name\\\";s:5:\\\"thumb\\\";}}s:28:\\\"\\u0000*\\u0000escapeWhenCastingToString\\\";b:0;}s:8:\\\"\\u0000*\\u0000media\\\";O:45:\\\"Illuminate\\\\Contracts\\\\Database\\\\ModelIdentifier\\\":5:{s:5:\\\"class\\\";s:49:\\\"Spatie\\\\MediaLibrary\\\\MediaCollections\\\\Models\\\\Media\\\";s:2:\\\"id\\\";i:16;s:9:\\\"relations\\\";a:0:{}s:10:\\\"connection\\\";s:5:\\\"mysql\\\";s:15:\\\"collectionClass\\\";N;}s:14:\\\"\\u0000*\\u0000onlyMissing\\\";b:0;s:10:\\\"connection\\\";s:8:\\\"database\\\";s:5:\\\"queue\\\";s:0:\\\"\\\";s:11:\\\"afterCommit\\\";b:1;}\"},\"createdAt\":1765273478,\"delay\":null}',0,NULL,1765273478,1765273478),(3,'default','{\"uuid\":\"1479ce4c-f6f0-4cdf-bb20-b8a455382cc6\",\"displayName\":\"Spatie\\\\MediaLibrary\\\\Conversions\\\\Jobs\\\\PerformConversionsJob\",\"job\":\"Illuminate\\\\Queue\\\\CallQueuedHandler@call\",\"maxTries\":null,\"maxExceptions\":null,\"failOnTimeout\":false,\"backoff\":null,\"timeout\":null,\"retryUntil\":null,\"data\":{\"commandName\":\"Spatie\\\\MediaLibrary\\\\Conversions\\\\Jobs\\\\PerformConversionsJob\",\"command\":\"O:58:\\\"Spatie\\\\MediaLibrary\\\\Conversions\\\\Jobs\\\\PerformConversionsJob\\\":6:{s:14:\\\"\\u0000*\\u0000conversions\\\";O:52:\\\"Spatie\\\\MediaLibrary\\\\Conversions\\\\ConversionCollection\\\":2:{s:8:\\\"\\u0000*\\u0000items\\\";a:1:{i:0;O:42:\\\"Spatie\\\\MediaLibrary\\\\Conversions\\\\Conversion\\\":11:{s:12:\\\"\\u0000*\\u0000fileNamer\\\";O:54:\\\"Spatie\\\\MediaLibrary\\\\Support\\\\FileNamer\\\\DefaultFileNamer\\\":0:{}s:28:\\\"\\u0000*\\u0000extractVideoFrameAtSecond\\\";d:0;s:16:\\\"\\u0000*\\u0000manipulations\\\";O:45:\\\"Spatie\\\\MediaLibrary\\\\Conversions\\\\Manipulations\\\":1:{s:16:\\\"\\u0000*\\u0000manipulations\\\";a:5:{s:8:\\\"optimize\\\";a:1:{i:0;O:36:\\\"Spatie\\\\ImageOptimizer\\\\OptimizerChain\\\":3:{s:13:\\\"\\u0000*\\u0000optimizers\\\";a:7:{i:0;O:42:\\\"Spatie\\\\ImageOptimizer\\\\Optimizers\\\\Jpegoptim\\\":5:{s:7:\\\"options\\\";a:4:{i:0;s:4:\\\"-m85\\\";i:1;s:7:\\\"--force\\\";i:2;s:11:\\\"--strip-all\\\";i:3;s:17:\\\"--all-progressive\\\";}s:9:\\\"imagePath\\\";s:0:\\\"\\\";s:10:\\\"binaryPath\\\";s:0:\\\"\\\";s:7:\\\"tmpPath\\\";N;s:10:\\\"binaryName\\\";s:9:\\\"jpegoptim\\\";}i:1;O:41:\\\"Spatie\\\\ImageOptimizer\\\\Optimizers\\\\Pngquant\\\":5:{s:7:\\\"options\\\";a:1:{i:0;s:7:\\\"--force\\\";}s:9:\\\"imagePath\\\";s:0:\\\"\\\";s:10:\\\"binaryPath\\\";s:0:\\\"\\\";s:7:\\\"tmpPath\\\";N;s:10:\\\"binaryName\\\";s:8:\\\"pngquant\\\";}i:2;O:40:\\\"Spatie\\\\ImageOptimizer\\\\Optimizers\\\\Optipng\\\":5:{s:7:\\\"options\\\";a:3:{i:0;s:3:\\\"-i0\\\";i:1;s:3:\\\"-o2\\\";i:2;s:6:\\\"-quiet\\\";}s:9:\\\"imagePath\\\";s:0:\\\"\\\";s:10:\\\"binaryPath\\\";s:0:\\\"\\\";s:7:\\\"tmpPath\\\";N;s:10:\\\"binaryName\\\";s:7:\\\"optipng\\\";}i:3;O:37:\\\"Spatie\\\\ImageOptimizer\\\\Optimizers\\\\Svgo\\\":5:{s:7:\\\"options\\\";a:1:{i:0;s:20:\\\"--disable=cleanupIDs\\\";}s:9:\\\"imagePath\\\";s:0:\\\"\\\";s:10:\\\"binaryPath\\\";s:0:\\\"\\\";s:7:\\\"tmpPath\\\";N;s:10:\\\"binaryName\\\";s:4:\\\"svgo\\\";}i:4;O:41:\\\"Spatie\\\\ImageOptimizer\\\\Optimizers\\\\Gifsicle\\\":5:{s:7:\\\"options\\\";a:2:{i:0;s:2:\\\"-b\\\";i:1;s:3:\\\"-O3\\\";}s:9:\\\"imagePath\\\";s:0:\\\"\\\";s:10:\\\"binaryPath\\\";s:0:\\\"\\\";s:7:\\\"tmpPath\\\";N;s:10:\\\"binaryName\\\";s:8:\\\"gifsicle\\\";}i:5;O:38:\\\"Spatie\\\\ImageOptimizer\\\\Optimizers\\\\Cwebp\\\":5:{s:7:\\\"options\\\";a:4:{i:0;s:4:\\\"-m 6\\\";i:1;s:8:\\\"-pass 10\\\";i:2;s:3:\\\"-mt\\\";i:3;s:5:\\\"-q 90\\\";}s:9:\\\"imagePath\\\";s:0:\\\"\\\";s:10:\\\"binaryPath\\\";s:0:\\\"\\\";s:7:\\\"tmpPath\\\";N;s:10:\\\"binaryName\\\";s:5:\\\"cwebp\\\";}i:6;O:40:\\\"Spatie\\\\ImageOptimizer\\\\Optimizers\\\\Avifenc\\\":6:{s:7:\\\"options\\\";a:8:{i:0;s:14:\\\"-a cq-level=23\\\";i:1;s:6:\\\"-j all\\\";i:2;s:7:\\\"--min 0\\\";i:3;s:8:\\\"--max 63\\\";i:4;s:12:\\\"--minalpha 0\\\";i:5;s:13:\\\"--maxalpha 63\\\";i:6;s:14:\\\"-a end-usage=q\\\";i:7;s:12:\\\"-a tune=ssim\\\";}s:9:\\\"imagePath\\\";s:0:\\\"\\\";s:10:\\\"binaryPath\\\";s:0:\\\"\\\";s:7:\\\"tmpPath\\\";N;s:10:\\\"binaryName\\\";s:7:\\\"avifenc\\\";s:16:\\\"decodeBinaryName\\\";s:7:\\\"avifdec\\\";}}s:9:\\\"\\u0000*\\u0000logger\\\";O:33:\\\"Spatie\\\\ImageOptimizer\\\\DummyLogger\\\":0:{}s:10:\\\"\\u0000*\\u0000timeout\\\";i:60;}}s:6:\\\"format\\\";a:1:{i:0;s:3:\\\"jpg\\\";}s:5:\\\"width\\\";a:1:{i:0;i:300;}s:6:\\\"height\\\";a:1:{i:0;i:200;}s:7:\\\"sharpen\\\";a:1:{i:0;i:10;}}}s:23:\\\"\\u0000*\\u0000performOnCollections\\\";a:0:{}s:17:\\\"\\u0000*\\u0000performOnQueue\\\";b:1;s:26:\\\"\\u0000*\\u0000keepOriginalImageFormat\\\";b:0;s:27:\\\"\\u0000*\\u0000generateResponsiveImages\\\";b:0;s:18:\\\"\\u0000*\\u0000widthCalculator\\\";N;s:24:\\\"\\u0000*\\u0000loadingAttributeValue\\\";N;s:16:\\\"\\u0000*\\u0000pdfPageNumber\\\";i:1;s:7:\\\"\\u0000*\\u0000name\\\";s:5:\\\"thumb\\\";}}s:28:\\\"\\u0000*\\u0000escapeWhenCastingToString\\\";b:0;}s:8:\\\"\\u0000*\\u0000media\\\";O:45:\\\"Illuminate\\\\Contracts\\\\Database\\\\ModelIdentifier\\\":5:{s:5:\\\"class\\\";s:49:\\\"Spatie\\\\MediaLibrary\\\\MediaCollections\\\\Models\\\\Media\\\";s:2:\\\"id\\\";i:17;s:9:\\\"relations\\\";a:0:{}s:10:\\\"connection\\\";s:5:\\\"mysql\\\";s:15:\\\"collectionClass\\\";N;}s:14:\\\"\\u0000*\\u0000onlyMissing\\\";b:0;s:10:\\\"connection\\\";s:8:\\\"database\\\";s:5:\\\"queue\\\";s:0:\\\"\\\";s:11:\\\"afterCommit\\\";b:1;}\"},\"createdAt\":1765275391,\"delay\":null}',0,NULL,1765275391,1765275391),(4,'default','{\"uuid\":\"294e1100-5108-4079-8945-3d1749adbfe0\",\"displayName\":\"Spatie\\\\MediaLibrary\\\\Conversions\\\\Jobs\\\\PerformConversionsJob\",\"job\":\"Illuminate\\\\Queue\\\\CallQueuedHandler@call\",\"maxTries\":null,\"maxExceptions\":null,\"failOnTimeout\":false,\"backoff\":null,\"timeout\":null,\"retryUntil\":null,\"data\":{\"commandName\":\"Spatie\\\\MediaLibrary\\\\Conversions\\\\Jobs\\\\PerformConversionsJob\",\"command\":\"O:58:\\\"Spatie\\\\MediaLibrary\\\\Conversions\\\\Jobs\\\\PerformConversionsJob\\\":6:{s:14:\\\"\\u0000*\\u0000conversions\\\";O:52:\\\"Spatie\\\\MediaLibrary\\\\Conversions\\\\ConversionCollection\\\":2:{s:8:\\\"\\u0000*\\u0000items\\\";a:1:{i:0;O:42:\\\"Spatie\\\\MediaLibrary\\\\Conversions\\\\Conversion\\\":11:{s:12:\\\"\\u0000*\\u0000fileNamer\\\";O:54:\\\"Spatie\\\\MediaLibrary\\\\Support\\\\FileNamer\\\\DefaultFileNamer\\\":0:{}s:28:\\\"\\u0000*\\u0000extractVideoFrameAtSecond\\\";d:0;s:16:\\\"\\u0000*\\u0000manipulations\\\";O:45:\\\"Spatie\\\\MediaLibrary\\\\Conversions\\\\Manipulations\\\":1:{s:16:\\\"\\u0000*\\u0000manipulations\\\";a:5:{s:8:\\\"optimize\\\";a:1:{i:0;O:36:\\\"Spatie\\\\ImageOptimizer\\\\OptimizerChain\\\":3:{s:13:\\\"\\u0000*\\u0000optimizers\\\";a:7:{i:0;O:42:\\\"Spatie\\\\ImageOptimizer\\\\Optimizers\\\\Jpegoptim\\\":5:{s:7:\\\"options\\\";a:4:{i:0;s:4:\\\"-m85\\\";i:1;s:7:\\\"--force\\\";i:2;s:11:\\\"--strip-all\\\";i:3;s:17:\\\"--all-progressive\\\";}s:9:\\\"imagePath\\\";s:0:\\\"\\\";s:10:\\\"binaryPath\\\";s:0:\\\"\\\";s:7:\\\"tmpPath\\\";N;s:10:\\\"binaryName\\\";s:9:\\\"jpegoptim\\\";}i:1;O:41:\\\"Spatie\\\\ImageOptimizer\\\\Optimizers\\\\Pngquant\\\":5:{s:7:\\\"options\\\";a:1:{i:0;s:7:\\\"--force\\\";}s:9:\\\"imagePath\\\";s:0:\\\"\\\";s:10:\\\"binaryPath\\\";s:0:\\\"\\\";s:7:\\\"tmpPath\\\";N;s:10:\\\"binaryName\\\";s:8:\\\"pngquant\\\";}i:2;O:40:\\\"Spatie\\\\ImageOptimizer\\\\Optimizers\\\\Optipng\\\":5:{s:7:\\\"options\\\";a:3:{i:0;s:3:\\\"-i0\\\";i:1;s:3:\\\"-o2\\\";i:2;s:6:\\\"-quiet\\\";}s:9:\\\"imagePath\\\";s:0:\\\"\\\";s:10:\\\"binaryPath\\\";s:0:\\\"\\\";s:7:\\\"tmpPath\\\";N;s:10:\\\"binaryName\\\";s:7:\\\"optipng\\\";}i:3;O:37:\\\"Spatie\\\\ImageOptimizer\\\\Optimizers\\\\Svgo\\\":5:{s:7:\\\"options\\\";a:1:{i:0;s:20:\\\"--disable=cleanupIDs\\\";}s:9:\\\"imagePath\\\";s:0:\\\"\\\";s:10:\\\"binaryPath\\\";s:0:\\\"\\\";s:7:\\\"tmpPath\\\";N;s:10:\\\"binaryName\\\";s:4:\\\"svgo\\\";}i:4;O:41:\\\"Spatie\\\\ImageOptimizer\\\\Optimizers\\\\Gifsicle\\\":5:{s:7:\\\"options\\\";a:2:{i:0;s:2:\\\"-b\\\";i:1;s:3:\\\"-O3\\\";}s:9:\\\"imagePath\\\";s:0:\\\"\\\";s:10:\\\"binaryPath\\\";s:0:\\\"\\\";s:7:\\\"tmpPath\\\";N;s:10:\\\"binaryName\\\";s:8:\\\"gifsicle\\\";}i:5;O:38:\\\"Spatie\\\\ImageOptimizer\\\\Optimizers\\\\Cwebp\\\":5:{s:7:\\\"options\\\";a:4:{i:0;s:4:\\\"-m 6\\\";i:1;s:8:\\\"-pass 10\\\";i:2;s:3:\\\"-mt\\\";i:3;s:5:\\\"-q 90\\\";}s:9:\\\"imagePath\\\";s:0:\\\"\\\";s:10:\\\"binaryPath\\\";s:0:\\\"\\\";s:7:\\\"tmpPath\\\";N;s:10:\\\"binaryName\\\";s:5:\\\"cwebp\\\";}i:6;O:40:\\\"Spatie\\\\ImageOptimizer\\\\Optimizers\\\\Avifenc\\\":6:{s:7:\\\"options\\\";a:8:{i:0;s:14:\\\"-a cq-level=23\\\";i:1;s:6:\\\"-j all\\\";i:2;s:7:\\\"--min 0\\\";i:3;s:8:\\\"--max 63\\\";i:4;s:12:\\\"--minalpha 0\\\";i:5;s:13:\\\"--maxalpha 63\\\";i:6;s:14:\\\"-a end-usage=q\\\";i:7;s:12:\\\"-a tune=ssim\\\";}s:9:\\\"imagePath\\\";s:0:\\\"\\\";s:10:\\\"binaryPath\\\";s:0:\\\"\\\";s:7:\\\"tmpPath\\\";N;s:10:\\\"binaryName\\\";s:7:\\\"avifenc\\\";s:16:\\\"decodeBinaryName\\\";s:7:\\\"avifdec\\\";}}s:9:\\\"\\u0000*\\u0000logger\\\";O:33:\\\"Spatie\\\\ImageOptimizer\\\\DummyLogger\\\":0:{}s:10:\\\"\\u0000*\\u0000timeout\\\";i:60;}}s:6:\\\"format\\\";a:1:{i:0;s:3:\\\"jpg\\\";}s:5:\\\"width\\\";a:1:{i:0;i:300;}s:6:\\\"height\\\";a:1:{i:0;i:200;}s:7:\\\"sharpen\\\";a:1:{i:0;i:10;}}}s:23:\\\"\\u0000*\\u0000performOnCollections\\\";a:0:{}s:17:\\\"\\u0000*\\u0000performOnQueue\\\";b:1;s:26:\\\"\\u0000*\\u0000keepOriginalImageFormat\\\";b:0;s:27:\\\"\\u0000*\\u0000generateResponsiveImages\\\";b:0;s:18:\\\"\\u0000*\\u0000widthCalculator\\\";N;s:24:\\\"\\u0000*\\u0000loadingAttributeValue\\\";N;s:16:\\\"\\u0000*\\u0000pdfPageNumber\\\";i:1;s:7:\\\"\\u0000*\\u0000name\\\";s:5:\\\"thumb\\\";}}s:28:\\\"\\u0000*\\u0000escapeWhenCastingToString\\\";b:0;}s:8:\\\"\\u0000*\\u0000media\\\";O:45:\\\"Illuminate\\\\Contracts\\\\Database\\\\ModelIdentifier\\\":5:{s:5:\\\"class\\\";s:49:\\\"Spatie\\\\MediaLibrary\\\\MediaCollections\\\\Models\\\\Media\\\";s:2:\\\"id\\\";i:18;s:9:\\\"relations\\\";a:0:{}s:10:\\\"connection\\\";s:5:\\\"mysql\\\";s:15:\\\"collectionClass\\\";N;}s:14:\\\"\\u0000*\\u0000onlyMissing\\\";b:0;s:10:\\\"connection\\\";s:8:\\\"database\\\";s:5:\\\"queue\\\";s:0:\\\"\\\";s:11:\\\"afterCommit\\\";b:1;}\"},\"createdAt\":1765279000,\"delay\":null}',0,NULL,1765279000,1765279000),(5,'default','{\"uuid\":\"02c262f3-2452-4afe-8cde-5385f78481de\",\"displayName\":\"App\\\\Events\\\\ChatMessageSent\",\"job\":\"Illuminate\\\\Queue\\\\CallQueuedHandler@call\",\"maxTries\":null,\"maxExceptions\":null,\"failOnTimeout\":false,\"backoff\":null,\"timeout\":null,\"retryUntil\":null,\"data\":{\"commandName\":\"Illuminate\\\\Broadcasting\\\\BroadcastEvent\",\"command\":\"O:38:\\\"Illuminate\\\\Broadcasting\\\\BroadcastEvent\\\":17:{s:5:\\\"event\\\";O:26:\\\"App\\\\Events\\\\ChatMessageSent\\\":1:{s:7:\\\"message\\\";s:20:\\\"Hello from BSMR Test\\\";}s:5:\\\"tries\\\";N;s:7:\\\"timeout\\\";N;s:7:\\\"backoff\\\";N;s:13:\\\"maxExceptions\\\";N;s:23:\\\"deleteWhenMissingModels\\\";b:1;s:10:\\\"connection\\\";N;s:5:\\\"queue\\\";N;s:12:\\\"messageGroup\\\";N;s:12:\\\"deduplicator\\\";N;s:5:\\\"delay\\\";N;s:11:\\\"afterCommit\\\";N;s:10:\\\"middleware\\\";a:0:{}s:7:\\\"chained\\\";a:0:{}s:15:\\\"chainConnection\\\";N;s:10:\\\"chainQueue\\\";N;s:19:\\\"chainCatchCallbacks\\\";N;}\"},\"createdAt\":1765951384,\"delay\":null}',0,NULL,1765951384,1765951384),(6,'default','{\"uuid\":\"ec1dc500-71a4-47e3-a80f-0faa2dba8499\",\"displayName\":\"App\\\\Events\\\\ChatMessageSent\",\"job\":\"Illuminate\\\\Queue\\\\CallQueuedHandler@call\",\"maxTries\":null,\"maxExceptions\":null,\"failOnTimeout\":false,\"backoff\":null,\"timeout\":null,\"retryUntil\":null,\"data\":{\"commandName\":\"Illuminate\\\\Broadcasting\\\\BroadcastEvent\",\"command\":\"O:38:\\\"Illuminate\\\\Broadcasting\\\\BroadcastEvent\\\":17:{s:5:\\\"event\\\";O:26:\\\"App\\\\Events\\\\ChatMessageSent\\\":1:{s:7:\\\"message\\\";s:20:\\\"Hello from BSMR Test\\\";}s:5:\\\"tries\\\";N;s:7:\\\"timeout\\\";N;s:7:\\\"backoff\\\";N;s:13:\\\"maxExceptions\\\";N;s:23:\\\"deleteWhenMissingModels\\\";b:1;s:10:\\\"connection\\\";N;s:5:\\\"queue\\\";N;s:12:\\\"messageGroup\\\";N;s:12:\\\"deduplicator\\\";N;s:5:\\\"delay\\\";N;s:11:\\\"afterCommit\\\";N;s:10:\\\"middleware\\\";a:0:{}s:7:\\\"chained\\\";a:0:{}s:15:\\\"chainConnection\\\";N;s:10:\\\"chainQueue\\\";N;s:19:\\\"chainCatchCallbacks\\\";N;}\"},\"createdAt\":1765951425,\"delay\":null}',0,NULL,1765951425,1765951425),(7,'default','{\"uuid\":\"92ed4392-e97d-43a4-94bf-cab7e1f4b6d6\",\"displayName\":\"App\\\\Events\\\\ChatMessageSent\",\"job\":\"Illuminate\\\\Queue\\\\CallQueuedHandler@call\",\"maxTries\":null,\"maxExceptions\":null,\"failOnTimeout\":false,\"backoff\":null,\"timeout\":null,\"retryUntil\":null,\"data\":{\"commandName\":\"Illuminate\\\\Broadcasting\\\\BroadcastEvent\",\"command\":\"O:38:\\\"Illuminate\\\\Broadcasting\\\\BroadcastEvent\\\":17:{s:5:\\\"event\\\";O:26:\\\"App\\\\Events\\\\ChatMessageSent\\\":1:{s:7:\\\"message\\\";s:20:\\\"Hello from BSMR Test\\\";}s:5:\\\"tries\\\";N;s:7:\\\"timeout\\\";N;s:7:\\\"backoff\\\";N;s:13:\\\"maxExceptions\\\";N;s:23:\\\"deleteWhenMissingModels\\\";b:1;s:10:\\\"connection\\\";N;s:5:\\\"queue\\\";N;s:12:\\\"messageGroup\\\";N;s:12:\\\"deduplicator\\\";N;s:5:\\\"delay\\\";N;s:11:\\\"afterCommit\\\";N;s:10:\\\"middleware\\\";a:0:{}s:7:\\\"chained\\\";a:0:{}s:15:\\\"chainConnection\\\";N;s:10:\\\"chainQueue\\\";N;s:19:\\\"chainCatchCallbacks\\\";N;}\"},\"createdAt\":1765951449,\"delay\":null}',0,NULL,1765951449,1765951449),(8,'default','{\"uuid\":\"e0c41d81-f970-4292-99be-7b4fa723f09f\",\"displayName\":\"App\\\\Events\\\\ChatMessageSent\",\"job\":\"Illuminate\\\\Queue\\\\CallQueuedHandler@call\",\"maxTries\":null,\"maxExceptions\":null,\"failOnTimeout\":false,\"backoff\":null,\"timeout\":null,\"retryUntil\":null,\"data\":{\"commandName\":\"Illuminate\\\\Broadcasting\\\\BroadcastEvent\",\"command\":\"O:38:\\\"Illuminate\\\\Broadcasting\\\\BroadcastEvent\\\":17:{s:5:\\\"event\\\";O:26:\\\"App\\\\Events\\\\ChatMessageSent\\\":1:{s:7:\\\"message\\\";s:20:\\\"Hello from BSMR Test\\\";}s:5:\\\"tries\\\";N;s:7:\\\"timeout\\\";N;s:7:\\\"backoff\\\";N;s:13:\\\"maxExceptions\\\";N;s:23:\\\"deleteWhenMissingModels\\\";b:1;s:10:\\\"connection\\\";N;s:5:\\\"queue\\\";N;s:12:\\\"messageGroup\\\";N;s:12:\\\"deduplicator\\\";N;s:5:\\\"delay\\\";N;s:11:\\\"afterCommit\\\";N;s:10:\\\"middleware\\\";a:0:{}s:7:\\\"chained\\\";a:0:{}s:15:\\\"chainConnection\\\";N;s:10:\\\"chainQueue\\\";N;s:19:\\\"chainCatchCallbacks\\\";N;}\"},\"createdAt\":1765951523,\"delay\":null}',0,NULL,1765951523,1765951523),(9,'default','{\"uuid\":\"a6374dba-6b7d-401a-8523-5817b51c452f\",\"displayName\":\"App\\\\Events\\\\ChatMessageSent\",\"job\":\"Illuminate\\\\Queue\\\\CallQueuedHandler@call\",\"maxTries\":null,\"maxExceptions\":null,\"failOnTimeout\":false,\"backoff\":null,\"timeout\":null,\"retryUntil\":null,\"data\":{\"commandName\":\"Illuminate\\\\Broadcasting\\\\BroadcastEvent\",\"command\":\"O:38:\\\"Illuminate\\\\Broadcasting\\\\BroadcastEvent\\\":17:{s:5:\\\"event\\\";O:26:\\\"App\\\\Events\\\\ChatMessageSent\\\":1:{s:7:\\\"message\\\";s:20:\\\"Hello from BSMR Test\\\";}s:5:\\\"tries\\\";N;s:7:\\\"timeout\\\";N;s:7:\\\"backoff\\\";N;s:13:\\\"maxExceptions\\\";N;s:23:\\\"deleteWhenMissingModels\\\";b:1;s:10:\\\"connection\\\";N;s:5:\\\"queue\\\";N;s:12:\\\"messageGroup\\\";N;s:12:\\\"deduplicator\\\";N;s:5:\\\"delay\\\";N;s:11:\\\"afterCommit\\\";N;s:10:\\\"middleware\\\";a:0:{}s:7:\\\"chained\\\";a:0:{}s:15:\\\"chainConnection\\\";N;s:10:\\\"chainQueue\\\";N;s:19:\\\"chainCatchCallbacks\\\";N;}\"},\"createdAt\":1765951523,\"delay\":null}',0,NULL,1765951523,1765951523),(10,'default','{\"uuid\":\"7c629585-0532-42e5-b31b-9eaf83b049ed\",\"displayName\":\"App\\\\Events\\\\ChatMessageSent\",\"job\":\"Illuminate\\\\Queue\\\\CallQueuedHandler@call\",\"maxTries\":null,\"maxExceptions\":null,\"failOnTimeout\":false,\"backoff\":null,\"timeout\":null,\"retryUntil\":null,\"data\":{\"commandName\":\"Illuminate\\\\Broadcasting\\\\BroadcastEvent\",\"command\":\"O:38:\\\"Illuminate\\\\Broadcasting\\\\BroadcastEvent\\\":17:{s:5:\\\"event\\\";O:26:\\\"App\\\\Events\\\\ChatMessageSent\\\":1:{s:7:\\\"message\\\";s:20:\\\"Hello from BSMR Test\\\";}s:5:\\\"tries\\\";N;s:7:\\\"timeout\\\";N;s:7:\\\"backoff\\\";N;s:13:\\\"maxExceptions\\\";N;s:23:\\\"deleteWhenMissingModels\\\";b:1;s:10:\\\"connection\\\";N;s:5:\\\"queue\\\";N;s:12:\\\"messageGroup\\\";N;s:12:\\\"deduplicator\\\";N;s:5:\\\"delay\\\";N;s:11:\\\"afterCommit\\\";N;s:10:\\\"middleware\\\";a:0:{}s:7:\\\"chained\\\";a:0:{}s:15:\\\"chainConnection\\\";N;s:10:\\\"chainQueue\\\";N;s:19:\\\"chainCatchCallbacks\\\";N;}\"},\"createdAt\":1765951580,\"delay\":null}',0,NULL,1765951580,1765951580),(11,'default','{\"uuid\":\"7b024dcc-1325-4bb0-a711-8fd9ee3d595c\",\"displayName\":\"App\\\\Events\\\\ChatMessageSent\",\"job\":\"Illuminate\\\\Queue\\\\CallQueuedHandler@call\",\"maxTries\":null,\"maxExceptions\":null,\"failOnTimeout\":false,\"backoff\":null,\"timeout\":null,\"retryUntil\":null,\"data\":{\"commandName\":\"Illuminate\\\\Broadcasting\\\\BroadcastEvent\",\"command\":\"O:38:\\\"Illuminate\\\\Broadcasting\\\\BroadcastEvent\\\":17:{s:5:\\\"event\\\";O:26:\\\"App\\\\Events\\\\ChatMessageSent\\\":1:{s:7:\\\"message\\\";s:20:\\\"Hello from BSMR Test\\\";}s:5:\\\"tries\\\";N;s:7:\\\"timeout\\\";N;s:7:\\\"backoff\\\";N;s:13:\\\"maxExceptions\\\";N;s:23:\\\"deleteWhenMissingModels\\\";b:1;s:10:\\\"connection\\\";N;s:5:\\\"queue\\\";N;s:12:\\\"messageGroup\\\";N;s:12:\\\"deduplicator\\\";N;s:5:\\\"delay\\\";N;s:11:\\\"afterCommit\\\";N;s:10:\\\"middleware\\\";a:0:{}s:7:\\\"chained\\\";a:0:{}s:15:\\\"chainConnection\\\";N;s:10:\\\"chainQueue\\\";N;s:19:\\\"chainCatchCallbacks\\\";N;}\"},\"createdAt\":1765951608,\"delay\":null}',0,NULL,1765951608,1765951608),(12,'default','{\"uuid\":\"687ab7ba-0dee-44bf-9d74-34204d51cc98\",\"displayName\":\"App\\\\Events\\\\ChatMessageSent\",\"job\":\"Illuminate\\\\Queue\\\\CallQueuedHandler@call\",\"maxTries\":null,\"maxExceptions\":null,\"failOnTimeout\":false,\"backoff\":null,\"timeout\":null,\"retryUntil\":null,\"data\":{\"commandName\":\"Illuminate\\\\Broadcasting\\\\BroadcastEvent\",\"command\":\"O:38:\\\"Illuminate\\\\Broadcasting\\\\BroadcastEvent\\\":17:{s:5:\\\"event\\\";O:26:\\\"App\\\\Events\\\\ChatMessageSent\\\":1:{s:7:\\\"message\\\";s:10:\\\"hello user\\\";}s:5:\\\"tries\\\";N;s:7:\\\"timeout\\\";N;s:7:\\\"backoff\\\";N;s:13:\\\"maxExceptions\\\";N;s:23:\\\"deleteWhenMissingModels\\\";b:1;s:10:\\\"connection\\\";N;s:5:\\\"queue\\\";N;s:12:\\\"messageGroup\\\";N;s:12:\\\"deduplicator\\\";N;s:5:\\\"delay\\\";N;s:11:\\\"afterCommit\\\";N;s:10:\\\"middleware\\\";a:0:{}s:7:\\\"chained\\\";a:0:{}s:15:\\\"chainConnection\\\";N;s:10:\\\"chainQueue\\\";N;s:19:\\\"chainCatchCallbacks\\\";N;}\"},\"createdAt\":1765951777,\"delay\":null}',0,NULL,1765951777,1765951777),(13,'default','{\"uuid\":\"d7812e87-0a9d-4456-aa2a-b478fd207668\",\"displayName\":\"App\\\\Events\\\\ChatMessageSent\",\"job\":\"Illuminate\\\\Queue\\\\CallQueuedHandler@call\",\"maxTries\":null,\"maxExceptions\":null,\"failOnTimeout\":false,\"backoff\":null,\"timeout\":null,\"retryUntil\":null,\"data\":{\"commandName\":\"Illuminate\\\\Broadcasting\\\\BroadcastEvent\",\"command\":\"O:38:\\\"Illuminate\\\\Broadcasting\\\\BroadcastEvent\\\":17:{s:5:\\\"event\\\";O:26:\\\"App\\\\Events\\\\ChatMessageSent\\\":1:{s:7:\\\"message\\\";s:20:\\\"Hello from BSMR Test\\\";}s:5:\\\"tries\\\";N;s:7:\\\"timeout\\\";N;s:7:\\\"backoff\\\";N;s:13:\\\"maxExceptions\\\";N;s:23:\\\"deleteWhenMissingModels\\\";b:1;s:10:\\\"connection\\\";N;s:5:\\\"queue\\\";N;s:12:\\\"messageGroup\\\";N;s:12:\\\"deduplicator\\\";N;s:5:\\\"delay\\\";N;s:11:\\\"afterCommit\\\";N;s:10:\\\"middleware\\\";a:0:{}s:7:\\\"chained\\\";a:0:{}s:15:\\\"chainConnection\\\";N;s:10:\\\"chainQueue\\\";N;s:19:\\\"chainCatchCallbacks\\\";N;}\"},\"createdAt\":1765954508,\"delay\":null}',0,NULL,1765954508,1765954508),(14,'default','{\"uuid\":\"b55d3304-6ffd-4522-a75d-6a56c787db69\",\"displayName\":\"App\\\\Events\\\\ChatMessageSent\",\"job\":\"Illuminate\\\\Queue\\\\CallQueuedHandler@call\",\"maxTries\":null,\"maxExceptions\":null,\"failOnTimeout\":false,\"backoff\":null,\"timeout\":null,\"retryUntil\":null,\"data\":{\"commandName\":\"Illuminate\\\\Broadcasting\\\\BroadcastEvent\",\"command\":\"O:38:\\\"Illuminate\\\\Broadcasting\\\\BroadcastEvent\\\":17:{s:5:\\\"event\\\";O:26:\\\"App\\\\Events\\\\ChatMessageSent\\\":1:{s:7:\\\"message\\\";s:16:\\\"another one test\\\";}s:5:\\\"tries\\\";N;s:7:\\\"timeout\\\";N;s:7:\\\"backoff\\\";N;s:13:\\\"maxExceptions\\\";N;s:23:\\\"deleteWhenMissingModels\\\";b:1;s:10:\\\"connection\\\";N;s:5:\\\"queue\\\";N;s:12:\\\"messageGroup\\\";N;s:12:\\\"deduplicator\\\";N;s:5:\\\"delay\\\";N;s:11:\\\"afterCommit\\\";N;s:10:\\\"middleware\\\";a:0:{}s:7:\\\"chained\\\";a:0:{}s:15:\\\"chainConnection\\\";N;s:10:\\\"chainQueue\\\";N;s:19:\\\"chainCatchCallbacks\\\";N;}\"},\"createdAt\":1765954606,\"delay\":null}',0,NULL,1765954606,1765954606),(15,'default','{\"uuid\":\"b0d6aa4a-dbe4-4944-ba94-309cf8413519\",\"displayName\":\"App\\\\Events\\\\ChatMessageSent\",\"job\":\"Illuminate\\\\Queue\\\\CallQueuedHandler@call\",\"maxTries\":null,\"maxExceptions\":null,\"failOnTimeout\":false,\"backoff\":null,\"timeout\":null,\"retryUntil\":null,\"data\":{\"commandName\":\"Illuminate\\\\Broadcasting\\\\BroadcastEvent\",\"command\":\"O:38:\\\"Illuminate\\\\Broadcasting\\\\BroadcastEvent\\\":17:{s:5:\\\"event\\\";O:26:\\\"App\\\\Events\\\\ChatMessageSent\\\":1:{s:7:\\\"message\\\";s:10:\\\"hello bhai\\\";}s:5:\\\"tries\\\";N;s:7:\\\"timeout\\\";N;s:7:\\\"backoff\\\";N;s:13:\\\"maxExceptions\\\";N;s:23:\\\"deleteWhenMissingModels\\\";b:1;s:10:\\\"connection\\\";N;s:5:\\\"queue\\\";N;s:12:\\\"messageGroup\\\";N;s:12:\\\"deduplicator\\\";N;s:5:\\\"delay\\\";N;s:11:\\\"afterCommit\\\";N;s:10:\\\"middleware\\\";a:0:{}s:7:\\\"chained\\\";a:0:{}s:15:\\\"chainConnection\\\";N;s:10:\\\"chainQueue\\\";N;s:19:\\\"chainCatchCallbacks\\\";N;}\"},\"createdAt\":1765954643,\"delay\":null}',0,NULL,1765954643,1765954643),(16,'default','{\"uuid\":\"f77ea90f-81df-471e-8c1f-3ded6cb2a591\",\"displayName\":\"App\\\\Events\\\\ChatMessageSent\",\"job\":\"Illuminate\\\\Queue\\\\CallQueuedHandler@call\",\"maxTries\":null,\"maxExceptions\":null,\"failOnTimeout\":false,\"backoff\":null,\"timeout\":null,\"retryUntil\":null,\"data\":{\"commandName\":\"Illuminate\\\\Broadcasting\\\\BroadcastEvent\",\"command\":\"O:38:\\\"Illuminate\\\\Broadcasting\\\\BroadcastEvent\\\":17:{s:5:\\\"event\\\";O:26:\\\"App\\\\Events\\\\ChatMessageSent\\\":1:{s:7:\\\"message\\\";s:5:\\\"haaaa\\\";}s:5:\\\"tries\\\";N;s:7:\\\"timeout\\\";N;s:7:\\\"backoff\\\";N;s:13:\\\"maxExceptions\\\";N;s:23:\\\"deleteWhenMissingModels\\\";b:1;s:10:\\\"connection\\\";N;s:5:\\\"queue\\\";N;s:12:\\\"messageGroup\\\";N;s:12:\\\"deduplicator\\\";N;s:5:\\\"delay\\\";N;s:11:\\\"afterCommit\\\";N;s:10:\\\"middleware\\\";a:0:{}s:7:\\\"chained\\\";a:0:{}s:15:\\\"chainConnection\\\";N;s:10:\\\"chainQueue\\\";N;s:19:\\\"chainCatchCallbacks\\\";N;}\"},\"createdAt\":1765954881,\"delay\":null}',0,NULL,1765954881,1765954881),(17,'default','{\"uuid\":\"e72a9336-2e37-4fbc-a429-c97abe5c7fdf\",\"displayName\":\"App\\\\Events\\\\ChatMessageSent\",\"job\":\"Illuminate\\\\Queue\\\\CallQueuedHandler@call\",\"maxTries\":null,\"maxExceptions\":null,\"failOnTimeout\":false,\"backoff\":null,\"timeout\":null,\"retryUntil\":null,\"data\":{\"commandName\":\"Illuminate\\\\Broadcasting\\\\BroadcastEvent\",\"command\":\"O:38:\\\"Illuminate\\\\Broadcasting\\\\BroadcastEvent\\\":17:{s:5:\\\"event\\\";O:26:\\\"App\\\\Events\\\\ChatMessageSent\\\":1:{s:7:\\\"message\\\";s:13:\\\"not providing\\\";}s:5:\\\"tries\\\";N;s:7:\\\"timeout\\\";N;s:7:\\\"backoff\\\";N;s:13:\\\"maxExceptions\\\";N;s:23:\\\"deleteWhenMissingModels\\\";b:1;s:10:\\\"connection\\\";N;s:5:\\\"queue\\\";N;s:12:\\\"messageGroup\\\";N;s:12:\\\"deduplicator\\\";N;s:5:\\\"delay\\\";N;s:11:\\\"afterCommit\\\";N;s:10:\\\"middleware\\\";a:0:{}s:7:\\\"chained\\\";a:0:{}s:15:\\\"chainConnection\\\";N;s:10:\\\"chainQueue\\\";N;s:19:\\\"chainCatchCallbacks\\\";N;}\"},\"createdAt\":1765955010,\"delay\":null}',0,NULL,1765955010,1765955010),(18,'default','{\"uuid\":\"69534fd4-346e-42e6-99a3-a37395fe14b5\",\"displayName\":\"App\\\\Events\\\\ChatMessageSent\",\"job\":\"Illuminate\\\\Queue\\\\CallQueuedHandler@call\",\"maxTries\":null,\"maxExceptions\":null,\"failOnTimeout\":false,\"backoff\":null,\"timeout\":null,\"retryUntil\":null,\"data\":{\"commandName\":\"Illuminate\\\\Broadcasting\\\\BroadcastEvent\",\"command\":\"O:38:\\\"Illuminate\\\\Broadcasting\\\\BroadcastEvent\\\":17:{s:5:\\\"event\\\";O:26:\\\"App\\\\Events\\\\ChatMessageSent\\\":1:{s:7:\\\"message\\\";s:12:\\\"another test\\\";}s:5:\\\"tries\\\";N;s:7:\\\"timeout\\\";N;s:7:\\\"backoff\\\";N;s:13:\\\"maxExceptions\\\";N;s:23:\\\"deleteWhenMissingModels\\\";b:1;s:10:\\\"connection\\\";N;s:5:\\\"queue\\\";N;s:12:\\\"messageGroup\\\";N;s:12:\\\"deduplicator\\\";N;s:5:\\\"delay\\\";N;s:11:\\\"afterCommit\\\";N;s:10:\\\"middleware\\\";a:0:{}s:7:\\\"chained\\\";a:0:{}s:15:\\\"chainConnection\\\";N;s:10:\\\"chainQueue\\\";N;s:19:\\\"chainCatchCallbacks\\\";N;}\"},\"createdAt\":1765955216,\"delay\":null}',0,NULL,1765955216,1765955216),(19,'default','{\"uuid\":\"802a3052-19f0-4d5d-b7c4-527bf6fd9146\",\"displayName\":\"App\\\\Events\\\\ChatMessageSent\",\"job\":\"Illuminate\\\\Queue\\\\CallQueuedHandler@call\",\"maxTries\":null,\"maxExceptions\":null,\"failOnTimeout\":false,\"backoff\":null,\"timeout\":null,\"retryUntil\":null,\"data\":{\"commandName\":\"Illuminate\\\\Broadcasting\\\\BroadcastEvent\",\"command\":\"O:38:\\\"Illuminate\\\\Broadcasting\\\\BroadcastEvent\\\":17:{s:5:\\\"event\\\";O:26:\\\"App\\\\Events\\\\ChatMessageSent\\\":1:{s:7:\\\"message\\\";s:4:\\\"neee\\\";}s:5:\\\"tries\\\";N;s:7:\\\"timeout\\\";N;s:7:\\\"backoff\\\";N;s:13:\\\"maxExceptions\\\";N;s:23:\\\"deleteWhenMissingModels\\\";b:1;s:10:\\\"connection\\\";N;s:5:\\\"queue\\\";N;s:12:\\\"messageGroup\\\";N;s:12:\\\"deduplicator\\\";N;s:5:\\\"delay\\\";N;s:11:\\\"afterCommit\\\";N;s:10:\\\"middleware\\\";a:0:{}s:7:\\\"chained\\\";a:0:{}s:15:\\\"chainConnection\\\";N;s:10:\\\"chainQueue\\\";N;s:19:\\\"chainCatchCallbacks\\\";N;}\"},\"createdAt\":1765955852,\"delay\":null}',0,NULL,1765955853,1765955853),(20,'default','{\"uuid\":\"77f372f4-ddf3-47b1-ad31-0cbe5960db8f\",\"displayName\":\"App\\\\Events\\\\ChatMessageSent\",\"job\":\"Illuminate\\\\Queue\\\\CallQueuedHandler@call\",\"maxTries\":null,\"maxExceptions\":null,\"failOnTimeout\":false,\"backoff\":null,\"timeout\":null,\"retryUntil\":null,\"data\":{\"commandName\":\"Illuminate\\\\Broadcasting\\\\BroadcastEvent\",\"command\":\"O:38:\\\"Illuminate\\\\Broadcasting\\\\BroadcastEvent\\\":17:{s:5:\\\"event\\\";O:26:\\\"App\\\\Events\\\\ChatMessageSent\\\":1:{s:7:\\\"message\\\";s:5:\\\"nnnnn\\\";}s:5:\\\"tries\\\";N;s:7:\\\"timeout\\\";N;s:7:\\\"backoff\\\";N;s:13:\\\"maxExceptions\\\";N;s:23:\\\"deleteWhenMissingModels\\\";b:1;s:10:\\\"connection\\\";N;s:5:\\\"queue\\\";N;s:12:\\\"messageGroup\\\";N;s:12:\\\"deduplicator\\\";N;s:5:\\\"delay\\\";N;s:11:\\\"afterCommit\\\";N;s:10:\\\"middleware\\\";a:0:{}s:7:\\\"chained\\\";a:0:{}s:15:\\\"chainConnection\\\";N;s:10:\\\"chainQueue\\\";N;s:19:\\\"chainCatchCallbacks\\\";N;}\"},\"createdAt\":1765956067,\"delay\":null}',0,NULL,1765956067,1765956067),(21,'default','{\"uuid\":\"115da841-89f4-4059-8984-cf6df8435764\",\"displayName\":\"App\\\\Events\\\\PlanExpiringEvent\",\"job\":\"Illuminate\\\\Queue\\\\CallQueuedHandler@call\",\"maxTries\":null,\"maxExceptions\":null,\"failOnTimeout\":false,\"backoff\":null,\"timeout\":null,\"retryUntil\":null,\"data\":{\"commandName\":\"Illuminate\\\\Broadcasting\\\\BroadcastEvent\",\"command\":\"O:38:\\\"Illuminate\\\\Broadcasting\\\\BroadcastEvent\\\":17:{s:5:\\\"event\\\";O:28:\\\"App\\\\Events\\\\PlanExpiringEvent\\\":2:{s:7:\\\"message\\\";s:37:\\\"Alert: Your plan expires in 1 day(s)!\\\";s:6:\\\"userId\\\";i:1;}s:5:\\\"tries\\\";N;s:7:\\\"timeout\\\";N;s:7:\\\"backoff\\\";N;s:13:\\\"maxExceptions\\\";N;s:23:\\\"deleteWhenMissingModels\\\";b:1;s:10:\\\"connection\\\";N;s:5:\\\"queue\\\";N;s:12:\\\"messageGroup\\\";N;s:12:\\\"deduplicator\\\";N;s:5:\\\"delay\\\";N;s:11:\\\"afterCommit\\\";N;s:10:\\\"middleware\\\";a:0:{}s:7:\\\"chained\\\";a:0:{}s:15:\\\"chainConnection\\\";N;s:10:\\\"chainQueue\\\";N;s:19:\\\"chainCatchCallbacks\\\";N;}\"},\"createdAt\":1766747130,\"delay\":null}',0,NULL,1766747130,1766747130),(22,'default','{\"uuid\":\"56108c82-2de5-4749-abb5-c9e7b22ae598\",\"displayName\":\"App\\\\Events\\\\PlanExpiringEvent\",\"job\":\"Illuminate\\\\Queue\\\\CallQueuedHandler@call\",\"maxTries\":null,\"maxExceptions\":null,\"failOnTimeout\":false,\"backoff\":null,\"timeout\":null,\"retryUntil\":null,\"data\":{\"commandName\":\"Illuminate\\\\Broadcasting\\\\BroadcastEvent\",\"command\":\"O:38:\\\"Illuminate\\\\Broadcasting\\\\BroadcastEvent\\\":17:{s:5:\\\"event\\\";O:28:\\\"App\\\\Events\\\\PlanExpiringEvent\\\":2:{s:7:\\\"message\\\";s:37:\\\"Alert: Your plan expires in 0 day(s)!\\\";s:6:\\\"userId\\\";i:1;}s:5:\\\"tries\\\";N;s:7:\\\"timeout\\\";N;s:7:\\\"backoff\\\";N;s:13:\\\"maxExceptions\\\";N;s:23:\\\"deleteWhenMissingModels\\\";b:1;s:10:\\\"connection\\\";N;s:5:\\\"queue\\\";N;s:12:\\\"messageGroup\\\";N;s:12:\\\"deduplicator\\\";N;s:5:\\\"delay\\\";N;s:11:\\\"afterCommit\\\";N;s:10:\\\"middleware\\\";a:0:{}s:7:\\\"chained\\\";a:0:{}s:15:\\\"chainConnection\\\";N;s:10:\\\"chainQueue\\\";N;s:19:\\\"chainCatchCallbacks\\\";N;}\"},\"createdAt\":1766747172,\"delay\":null}',0,NULL,1766747172,1766747172),(23,'default','{\"uuid\":\"a177cd1c-e140-49b3-9e3f-b120459eefff\",\"displayName\":\"App\\\\Events\\\\PlanExpiringEvent\",\"job\":\"Illuminate\\\\Queue\\\\CallQueuedHandler@call\",\"maxTries\":null,\"maxExceptions\":null,\"failOnTimeout\":false,\"backoff\":null,\"timeout\":null,\"retryUntil\":null,\"data\":{\"commandName\":\"Illuminate\\\\Broadcasting\\\\BroadcastEvent\",\"command\":\"O:38:\\\"Illuminate\\\\Broadcasting\\\\BroadcastEvent\\\":17:{s:5:\\\"event\\\";O:28:\\\"App\\\\Events\\\\PlanExpiringEvent\\\":2:{s:7:\\\"message\\\";s:37:\\\"Alert: Your plan expires in 0 day(s)!\\\";s:6:\\\"userId\\\";i:1;}s:5:\\\"tries\\\";N;s:7:\\\"timeout\\\";N;s:7:\\\"backoff\\\";N;s:13:\\\"maxExceptions\\\";N;s:23:\\\"deleteWhenMissingModels\\\";b:1;s:10:\\\"connection\\\";N;s:5:\\\"queue\\\";N;s:12:\\\"messageGroup\\\";N;s:12:\\\"deduplicator\\\";N;s:5:\\\"delay\\\";N;s:11:\\\"afterCommit\\\";N;s:10:\\\"middleware\\\";a:0:{}s:7:\\\"chained\\\";a:0:{}s:15:\\\"chainConnection\\\";N;s:10:\\\"chainQueue\\\";N;s:19:\\\"chainCatchCallbacks\\\";N;}\"},\"createdAt\":1766747299,\"delay\":null}',0,NULL,1766747300,1766747300),(24,'default','{\"uuid\":\"3a26ac28-9a5f-4989-98d6-916fc4cec324\",\"displayName\":\"App\\\\Events\\\\PlanExpiringEvent\",\"job\":\"Illuminate\\\\Queue\\\\CallQueuedHandler@call\",\"maxTries\":null,\"maxExceptions\":null,\"failOnTimeout\":false,\"backoff\":null,\"timeout\":null,\"retryUntil\":null,\"data\":{\"commandName\":\"Illuminate\\\\Broadcasting\\\\BroadcastEvent\",\"command\":\"O:38:\\\"Illuminate\\\\Broadcasting\\\\BroadcastEvent\\\":17:{s:5:\\\"event\\\";O:28:\\\"App\\\\Events\\\\PlanExpiringEvent\\\":2:{s:7:\\\"message\\\";s:37:\\\"Alert: Your plan expires in 0 day(s)!\\\";s:6:\\\"userId\\\";i:1;}s:5:\\\"tries\\\";N;s:7:\\\"timeout\\\";N;s:7:\\\"backoff\\\";N;s:13:\\\"maxExceptions\\\";N;s:23:\\\"deleteWhenMissingModels\\\";b:1;s:10:\\\"connection\\\";N;s:5:\\\"queue\\\";N;s:12:\\\"messageGroup\\\";N;s:12:\\\"deduplicator\\\";N;s:5:\\\"delay\\\";N;s:11:\\\"afterCommit\\\";N;s:10:\\\"middleware\\\";a:0:{}s:7:\\\"chained\\\";a:0:{}s:15:\\\"chainConnection\\\";N;s:10:\\\"chainQueue\\\";N;s:19:\\\"chainCatchCallbacks\\\";N;}\"},\"createdAt\":1766747314,\"delay\":null}',0,NULL,1766747314,1766747314),(25,'default','{\"uuid\":\"d7cd4e4d-c224-4e2a-9683-77ff2fc58598\",\"displayName\":\"App\\\\Events\\\\PlanExpiringEvent\",\"job\":\"Illuminate\\\\Queue\\\\CallQueuedHandler@call\",\"maxTries\":null,\"maxExceptions\":null,\"failOnTimeout\":false,\"backoff\":null,\"timeout\":null,\"retryUntil\":null,\"data\":{\"commandName\":\"Illuminate\\\\Broadcasting\\\\BroadcastEvent\",\"command\":\"O:38:\\\"Illuminate\\\\Broadcasting\\\\BroadcastEvent\\\":17:{s:5:\\\"event\\\";O:28:\\\"App\\\\Events\\\\PlanExpiringEvent\\\":2:{s:7:\\\"message\\\";s:37:\\\"Alert: Your plan expires in 0 day(s)!\\\";s:6:\\\"userId\\\";i:1;}s:5:\\\"tries\\\";N;s:7:\\\"timeout\\\";N;s:7:\\\"backoff\\\";N;s:13:\\\"maxExceptions\\\";N;s:23:\\\"deleteWhenMissingModels\\\";b:1;s:10:\\\"connection\\\";N;s:5:\\\"queue\\\";N;s:12:\\\"messageGroup\\\";N;s:12:\\\"deduplicator\\\";N;s:5:\\\"delay\\\";N;s:11:\\\"afterCommit\\\";N;s:10:\\\"middleware\\\";a:0:{}s:7:\\\"chained\\\";a:0:{}s:15:\\\"chainConnection\\\";N;s:10:\\\"chainQueue\\\";N;s:19:\\\"chainCatchCallbacks\\\";N;}\"},\"createdAt\":1766747462,\"delay\":null}',0,NULL,1766747462,1766747462),(26,'default','{\"uuid\":\"c30909a7-30f0-4ee2-bdc4-2576965a3de2\",\"displayName\":\"App\\\\Events\\\\PlanExpiringEvent\",\"job\":\"Illuminate\\\\Queue\\\\CallQueuedHandler@call\",\"maxTries\":null,\"maxExceptions\":null,\"failOnTimeout\":false,\"backoff\":null,\"timeout\":null,\"retryUntil\":null,\"data\":{\"commandName\":\"Illuminate\\\\Broadcasting\\\\BroadcastEvent\",\"command\":\"O:38:\\\"Illuminate\\\\Broadcasting\\\\BroadcastEvent\\\":17:{s:5:\\\"event\\\";O:28:\\\"App\\\\Events\\\\PlanExpiringEvent\\\":2:{s:7:\\\"message\\\";s:37:\\\"Alert: Your plan expires in 0 day(s)!\\\";s:6:\\\"userId\\\";i:1;}s:5:\\\"tries\\\";N;s:7:\\\"timeout\\\";N;s:7:\\\"backoff\\\";N;s:13:\\\"maxExceptions\\\";N;s:23:\\\"deleteWhenMissingModels\\\";b:1;s:10:\\\"connection\\\";N;s:5:\\\"queue\\\";N;s:12:\\\"messageGroup\\\";N;s:12:\\\"deduplicator\\\";N;s:5:\\\"delay\\\";N;s:11:\\\"afterCommit\\\";N;s:10:\\\"middleware\\\";a:0:{}s:7:\\\"chained\\\";a:0:{}s:15:\\\"chainConnection\\\";N;s:10:\\\"chainQueue\\\";N;s:19:\\\"chainCatchCallbacks\\\";N;}\"},\"createdAt\":1766747471,\"delay\":null}',0,NULL,1766747471,1766747471),(27,'default','{\"uuid\":\"1c1cba61-37a8-4138-8dff-7e4bed423abc\",\"displayName\":\"App\\\\Events\\\\PlanExpiringEvent\",\"job\":\"Illuminate\\\\Queue\\\\CallQueuedHandler@call\",\"maxTries\":null,\"maxExceptions\":null,\"failOnTimeout\":false,\"backoff\":null,\"timeout\":null,\"retryUntil\":null,\"data\":{\"commandName\":\"Illuminate\\\\Broadcasting\\\\BroadcastEvent\",\"command\":\"O:38:\\\"Illuminate\\\\Broadcasting\\\\BroadcastEvent\\\":17:{s:5:\\\"event\\\";O:28:\\\"App\\\\Events\\\\PlanExpiringEvent\\\":2:{s:7:\\\"message\\\";s:37:\\\"Alert: Your plan expires in 2 day(s)!\\\";s:6:\\\"userId\\\";i:1;}s:5:\\\"tries\\\";N;s:7:\\\"timeout\\\";N;s:7:\\\"backoff\\\";N;s:13:\\\"maxExceptions\\\";N;s:23:\\\"deleteWhenMissingModels\\\";b:1;s:10:\\\"connection\\\";N;s:5:\\\"queue\\\";N;s:12:\\\"messageGroup\\\";N;s:12:\\\"deduplicator\\\";N;s:5:\\\"delay\\\";N;s:11:\\\"afterCommit\\\";N;s:10:\\\"middleware\\\";a:0:{}s:7:\\\"chained\\\";a:0:{}s:15:\\\"chainConnection\\\";N;s:10:\\\"chainQueue\\\";N;s:19:\\\"chainCatchCallbacks\\\";N;}\"},\"createdAt\":1766747525,\"delay\":null}',0,NULL,1766747525,1766747525),(28,'default','{\"uuid\":\"00fc3771-b5dc-4b4a-b681-037b3269840d\",\"displayName\":\"App\\\\Events\\\\PlanExpiringEvent\",\"job\":\"Illuminate\\\\Queue\\\\CallQueuedHandler@call\",\"maxTries\":null,\"maxExceptions\":null,\"failOnTimeout\":false,\"backoff\":null,\"timeout\":null,\"retryUntil\":null,\"data\":{\"commandName\":\"Illuminate\\\\Broadcasting\\\\BroadcastEvent\",\"command\":\"O:38:\\\"Illuminate\\\\Broadcasting\\\\BroadcastEvent\\\":17:{s:5:\\\"event\\\";O:28:\\\"App\\\\Events\\\\PlanExpiringEvent\\\":2:{s:7:\\\"message\\\";s:37:\\\"Alert: Your plan expires in 2 day(s)!\\\";s:6:\\\"userId\\\";i:1;}s:5:\\\"tries\\\";N;s:7:\\\"timeout\\\";N;s:7:\\\"backoff\\\";N;s:13:\\\"maxExceptions\\\";N;s:23:\\\"deleteWhenMissingModels\\\";b:1;s:10:\\\"connection\\\";N;s:5:\\\"queue\\\";N;s:12:\\\"messageGroup\\\";N;s:12:\\\"deduplicator\\\";N;s:5:\\\"delay\\\";N;s:11:\\\"afterCommit\\\";N;s:10:\\\"middleware\\\";a:0:{}s:7:\\\"chained\\\";a:0:{}s:15:\\\"chainConnection\\\";N;s:10:\\\"chainQueue\\\";N;s:19:\\\"chainCatchCallbacks\\\";N;}\"},\"createdAt\":1766747549,\"delay\":null}',0,NULL,1766747549,1766747549),(29,'default','{\"uuid\":\"358258c1-2576-4712-b5b2-3daad5a7a549\",\"displayName\":\"App\\\\Events\\\\PlanExpiringEvent\",\"job\":\"Illuminate\\\\Queue\\\\CallQueuedHandler@call\",\"maxTries\":null,\"maxExceptions\":null,\"failOnTimeout\":false,\"backoff\":null,\"timeout\":null,\"retryUntil\":null,\"data\":{\"commandName\":\"Illuminate\\\\Broadcasting\\\\BroadcastEvent\",\"command\":\"O:38:\\\"Illuminate\\\\Broadcasting\\\\BroadcastEvent\\\":17:{s:5:\\\"event\\\";O:28:\\\"App\\\\Events\\\\PlanExpiringEvent\\\":2:{s:7:\\\"message\\\";s:37:\\\"Alert: Your plan expires in 0 day(s)!\\\";s:6:\\\"userId\\\";i:1;}s:5:\\\"tries\\\";N;s:7:\\\"timeout\\\";N;s:7:\\\"backoff\\\";N;s:13:\\\"maxExceptions\\\";N;s:23:\\\"deleteWhenMissingModels\\\";b:1;s:10:\\\"connection\\\";N;s:5:\\\"queue\\\";N;s:12:\\\"messageGroup\\\";N;s:12:\\\"deduplicator\\\";N;s:5:\\\"delay\\\";N;s:11:\\\"afterCommit\\\";N;s:10:\\\"middleware\\\";a:0:{}s:7:\\\"chained\\\";a:0:{}s:15:\\\"chainConnection\\\";N;s:10:\\\"chainQueue\\\";N;s:19:\\\"chainCatchCallbacks\\\";N;}\"},\"createdAt\":1766749990,\"delay\":null}',0,NULL,1766749990,1766749990),(30,'default','{\"uuid\":\"9089d61a-899c-4cf6-b838-3a642fea85ba\",\"displayName\":\"App\\\\Events\\\\PlanExpiringEvent\",\"job\":\"Illuminate\\\\Queue\\\\CallQueuedHandler@call\",\"maxTries\":null,\"maxExceptions\":null,\"failOnTimeout\":false,\"backoff\":null,\"timeout\":null,\"retryUntil\":null,\"data\":{\"commandName\":\"Illuminate\\\\Broadcasting\\\\BroadcastEvent\",\"command\":\"O:38:\\\"Illuminate\\\\Broadcasting\\\\BroadcastEvent\\\":17:{s:5:\\\"event\\\";O:28:\\\"App\\\\Events\\\\PlanExpiringEvent\\\":2:{s:7:\\\"message\\\";s:37:\\\"Alert: Your plan expires in 0 day(s)!\\\";s:6:\\\"userId\\\";i:1;}s:5:\\\"tries\\\";N;s:7:\\\"timeout\\\";N;s:7:\\\"backoff\\\";N;s:13:\\\"maxExceptions\\\";N;s:23:\\\"deleteWhenMissingModels\\\";b:1;s:10:\\\"connection\\\";N;s:5:\\\"queue\\\";N;s:12:\\\"messageGroup\\\";N;s:12:\\\"deduplicator\\\";N;s:5:\\\"delay\\\";N;s:11:\\\"afterCommit\\\";N;s:10:\\\"middleware\\\";a:0:{}s:7:\\\"chained\\\";a:0:{}s:15:\\\"chainConnection\\\";N;s:10:\\\"chainQueue\\\";N;s:19:\\\"chainCatchCallbacks\\\";N;}\"},\"createdAt\":1766750044,\"delay\":null}',0,NULL,1766750044,1766750044),(31,'default','{\"uuid\":\"6c492e71-04e8-4b64-887d-c6e0cf06c442\",\"displayName\":\"App\\\\Events\\\\PlanExpiringEvent\",\"job\":\"Illuminate\\\\Queue\\\\CallQueuedHandler@call\",\"maxTries\":null,\"maxExceptions\":null,\"failOnTimeout\":false,\"backoff\":null,\"timeout\":null,\"retryUntil\":null,\"data\":{\"commandName\":\"Illuminate\\\\Broadcasting\\\\BroadcastEvent\",\"command\":\"O:38:\\\"Illuminate\\\\Broadcasting\\\\BroadcastEvent\\\":17:{s:5:\\\"event\\\";O:28:\\\"App\\\\Events\\\\PlanExpiringEvent\\\":2:{s:7:\\\"message\\\";s:37:\\\"Alert: Your plan expires in 0 day(s)!\\\";s:6:\\\"userId\\\";i:1;}s:5:\\\"tries\\\";N;s:7:\\\"timeout\\\";N;s:7:\\\"backoff\\\";N;s:13:\\\"maxExceptions\\\";N;s:23:\\\"deleteWhenMissingModels\\\";b:1;s:10:\\\"connection\\\";N;s:5:\\\"queue\\\";N;s:12:\\\"messageGroup\\\";N;s:12:\\\"deduplicator\\\";N;s:5:\\\"delay\\\";N;s:11:\\\"afterCommit\\\";N;s:10:\\\"middleware\\\";a:0:{}s:7:\\\"chained\\\";a:0:{}s:15:\\\"chainConnection\\\";N;s:10:\\\"chainQueue\\\";N;s:19:\\\"chainCatchCallbacks\\\";N;}\"},\"createdAt\":1766750052,\"delay\":null}',0,NULL,1766750052,1766750052),(32,'default','{\"uuid\":\"4641f23d-5723-4237-9a14-bd8cb8e62cb2\",\"displayName\":\"App\\\\Events\\\\PlanExpiringEvent\",\"job\":\"Illuminate\\\\Queue\\\\CallQueuedHandler@call\",\"maxTries\":null,\"maxExceptions\":null,\"failOnTimeout\":false,\"backoff\":null,\"timeout\":null,\"retryUntil\":null,\"data\":{\"commandName\":\"Illuminate\\\\Broadcasting\\\\BroadcastEvent\",\"command\":\"O:38:\\\"Illuminate\\\\Broadcasting\\\\BroadcastEvent\\\":17:{s:5:\\\"event\\\";O:28:\\\"App\\\\Events\\\\PlanExpiringEvent\\\":2:{s:7:\\\"message\\\";s:37:\\\"Alert: Your plan expires in 0 day(s)!\\\";s:6:\\\"userId\\\";i:1;}s:5:\\\"tries\\\";N;s:7:\\\"timeout\\\";N;s:7:\\\"backoff\\\";N;s:13:\\\"maxExceptions\\\";N;s:23:\\\"deleteWhenMissingModels\\\";b:1;s:10:\\\"connection\\\";N;s:5:\\\"queue\\\";N;s:12:\\\"messageGroup\\\";N;s:12:\\\"deduplicator\\\";N;s:5:\\\"delay\\\";N;s:11:\\\"afterCommit\\\";N;s:10:\\\"middleware\\\";a:0:{}s:7:\\\"chained\\\";a:0:{}s:15:\\\"chainConnection\\\";N;s:10:\\\"chainQueue\\\";N;s:19:\\\"chainCatchCallbacks\\\";N;}\"},\"createdAt\":1766750084,\"delay\":null}',0,NULL,1766750084,1766750084),(33,'default','{\"uuid\":\"6aa2710a-0000-4905-87ce-cc7b4efc71e2\",\"displayName\":\"App\\\\Events\\\\PlanExpiringEvent\",\"job\":\"Illuminate\\\\Queue\\\\CallQueuedHandler@call\",\"maxTries\":null,\"maxExceptions\":null,\"failOnTimeout\":false,\"backoff\":null,\"timeout\":null,\"retryUntil\":null,\"data\":{\"commandName\":\"Illuminate\\\\Broadcasting\\\\BroadcastEvent\",\"command\":\"O:38:\\\"Illuminate\\\\Broadcasting\\\\BroadcastEvent\\\":17:{s:5:\\\"event\\\";O:28:\\\"App\\\\Events\\\\PlanExpiringEvent\\\":2:{s:7:\\\"message\\\";s:37:\\\"Alert: Your plan expires in 2 day(s)!\\\";s:6:\\\"userId\\\";i:1;}s:5:\\\"tries\\\";N;s:7:\\\"timeout\\\";N;s:7:\\\"backoff\\\";N;s:13:\\\"maxExceptions\\\";N;s:23:\\\"deleteWhenMissingModels\\\";b:1;s:10:\\\"connection\\\";N;s:5:\\\"queue\\\";N;s:12:\\\"messageGroup\\\";N;s:12:\\\"deduplicator\\\";N;s:5:\\\"delay\\\";N;s:11:\\\"afterCommit\\\";N;s:10:\\\"middleware\\\";a:0:{}s:7:\\\"chained\\\";a:0:{}s:15:\\\"chainConnection\\\";N;s:10:\\\"chainQueue\\\";N;s:19:\\\"chainCatchCallbacks\\\";N;}\"},\"createdAt\":1766750090,\"delay\":null}',0,NULL,1766750090,1766750090),(34,'default','{\"uuid\":\"bdfc4230-db16-4440-a6a1-c28b837e81e8\",\"displayName\":\"App\\\\Events\\\\PlanExpiringEvent\",\"job\":\"Illuminate\\\\Queue\\\\CallQueuedHandler@call\",\"maxTries\":null,\"maxExceptions\":null,\"failOnTimeout\":false,\"backoff\":null,\"timeout\":null,\"retryUntil\":null,\"data\":{\"commandName\":\"Illuminate\\\\Broadcasting\\\\BroadcastEvent\",\"command\":\"O:38:\\\"Illuminate\\\\Broadcasting\\\\BroadcastEvent\\\":17:{s:5:\\\"event\\\";O:28:\\\"App\\\\Events\\\\PlanExpiringEvent\\\":2:{s:7:\\\"message\\\";s:37:\\\"Alert: Your plan expires in 2 day(s)!\\\";s:6:\\\"userId\\\";i:1;}s:5:\\\"tries\\\";N;s:7:\\\"timeout\\\";N;s:7:\\\"backoff\\\";N;s:13:\\\"maxExceptions\\\";N;s:23:\\\"deleteWhenMissingModels\\\";b:1;s:10:\\\"connection\\\";N;s:5:\\\"queue\\\";N;s:12:\\\"messageGroup\\\";N;s:12:\\\"deduplicator\\\";N;s:5:\\\"delay\\\";N;s:11:\\\"afterCommit\\\";N;s:10:\\\"middleware\\\";a:0:{}s:7:\\\"chained\\\";a:0:{}s:15:\\\"chainConnection\\\";N;s:10:\\\"chainQueue\\\";N;s:19:\\\"chainCatchCallbacks\\\";N;}\"},\"createdAt\":1766750096,\"delay\":null}',0,NULL,1766750096,1766750096),(35,'default','{\"uuid\":\"ef77f1d7-4eb2-4e42-9ece-d8c854ad6a49\",\"displayName\":\"App\\\\Events\\\\PlanExpiringEvent\",\"job\":\"Illuminate\\\\Queue\\\\CallQueuedHandler@call\",\"maxTries\":null,\"maxExceptions\":null,\"failOnTimeout\":false,\"backoff\":null,\"timeout\":null,\"retryUntil\":null,\"data\":{\"commandName\":\"Illuminate\\\\Broadcasting\\\\BroadcastEvent\",\"command\":\"O:38:\\\"Illuminate\\\\Broadcasting\\\\BroadcastEvent\\\":17:{s:5:\\\"event\\\";O:28:\\\"App\\\\Events\\\\PlanExpiringEvent\\\":2:{s:7:\\\"message\\\";s:37:\\\"Alert: Your plan expires in 2 day(s)!\\\";s:6:\\\"userId\\\";i:1;}s:5:\\\"tries\\\";N;s:7:\\\"timeout\\\";N;s:7:\\\"backoff\\\";N;s:13:\\\"maxExceptions\\\";N;s:23:\\\"deleteWhenMissingModels\\\";b:1;s:10:\\\"connection\\\";N;s:5:\\\"queue\\\";N;s:12:\\\"messageGroup\\\";N;s:12:\\\"deduplicator\\\";N;s:5:\\\"delay\\\";N;s:11:\\\"afterCommit\\\";N;s:10:\\\"middleware\\\";a:0:{}s:7:\\\"chained\\\";a:0:{}s:15:\\\"chainConnection\\\";N;s:10:\\\"chainQueue\\\";N;s:19:\\\"chainCatchCallbacks\\\";N;}\"},\"createdAt\":1766750105,\"delay\":null}',0,NULL,1766750105,1766750105),(36,'default','{\"uuid\":\"9b93df5a-503d-4b02-bdad-deea67e92712\",\"displayName\":\"App\\\\Events\\\\PlanExpiringEvent\",\"job\":\"Illuminate\\\\Queue\\\\CallQueuedHandler@call\",\"maxTries\":null,\"maxExceptions\":null,\"failOnTimeout\":false,\"backoff\":null,\"timeout\":null,\"retryUntil\":null,\"data\":{\"commandName\":\"Illuminate\\\\Broadcasting\\\\BroadcastEvent\",\"command\":\"O:38:\\\"Illuminate\\\\Broadcasting\\\\BroadcastEvent\\\":17:{s:5:\\\"event\\\";O:28:\\\"App\\\\Events\\\\PlanExpiringEvent\\\":2:{s:7:\\\"message\\\";s:37:\\\"Alert: Your plan expires in 2 day(s)!\\\";s:6:\\\"userId\\\";i:1;}s:5:\\\"tries\\\";N;s:7:\\\"timeout\\\";N;s:7:\\\"backoff\\\";N;s:13:\\\"maxExceptions\\\";N;s:23:\\\"deleteWhenMissingModels\\\";b:1;s:10:\\\"connection\\\";N;s:5:\\\"queue\\\";N;s:12:\\\"messageGroup\\\";N;s:12:\\\"deduplicator\\\";N;s:5:\\\"delay\\\";N;s:11:\\\"afterCommit\\\";N;s:10:\\\"middleware\\\";a:0:{}s:7:\\\"chained\\\";a:0:{}s:15:\\\"chainConnection\\\";N;s:10:\\\"chainQueue\\\";N;s:19:\\\"chainCatchCallbacks\\\";N;}\"},\"createdAt\":1766750114,\"delay\":null}',0,NULL,1766750114,1766750114);
/*!40000 ALTER TABLE `jobs` ENABLE KEYS */;
UNLOCK TABLES;

--
-- Table structure for table `kyc_verifications`
--

DROP TABLE IF EXISTS `kyc_verifications`;
/*!40101 SET @saved_cs_client     = @@character_set_client */;
/*!50503 SET character_set_client = utf8mb4 */;
CREATE TABLE `kyc_verifications` (
  `id` bigint unsigned NOT NULL AUTO_INCREMENT,
  `user_id` bigint unsigned NOT NULL,
  `digio_document_id` varchar(255) COLLATE utf8mb4_unicode_ci NOT NULL,
  `customer_name` varchar(255) COLLATE utf8mb4_unicode_ci NOT NULL,
  `customer_mobile` varchar(255) COLLATE utf8mb4_unicode_ci NOT NULL,
  `customer_email` varchar(255) COLLATE utf8mb4_unicode_ci DEFAULT NULL,
  `reference_id` varchar(255) COLLATE utf8mb4_unicode_ci NOT NULL,
  `transaction_id` varchar(255) COLLATE utf8mb4_unicode_ci DEFAULT NULL,
  `status` varchar(255) COLLATE utf8mb4_unicode_ci NOT NULL DEFAULT 'pending',
  `kyc_details` json DEFAULT NULL,
  `aadhaar_details` json DEFAULT NULL,
  `kyc_completed_at` timestamp NULL DEFAULT NULL,
  `kyc_expires_at` timestamp NULL DEFAULT NULL,
  `raw_response` json DEFAULT NULL,
  `created_at` timestamp NULL DEFAULT NULL,
  `updated_at` timestamp NULL DEFAULT NULL,
  PRIMARY KEY (`id`),
  UNIQUE KEY `kyc_verifications_digio_document_id_unique` (`digio_document_id`),
  UNIQUE KEY `kyc_verifications_reference_id_unique` (`reference_id`),
  KEY `kyc_verifications_user_id_status_index` (`user_id`,`status`),
  KEY `kyc_verifications_customer_mobile_status_index` (`customer_mobile`,`status`),
  KEY `kyc_verifications_reference_id_index` (`reference_id`),
  KEY `kyc_verifications_status_index` (`status`),
  CONSTRAINT `kyc_verifications_user_id_foreign` FOREIGN KEY (`user_id`) REFERENCES `users` (`id`) ON DELETE CASCADE
) ENGINE=InnoDB AUTO_INCREMENT=10 DEFAULT CHARSET=utf8mb4 COLLATE=utf8mb4_unicode_ci;
/*!40101 SET character_set_client = @saved_cs_client */;

--
-- Dumping data for table `kyc_verifications`
--

LOCK TABLES `kyc_verifications` WRITE;
/*!40000 ALTER TABLE `kyc_verifications` DISABLE KEYS */;
INSERT INTO `kyc_verifications` VALUES (1,1,'KID260117135937828HJNXABRIEL6EGZ','admin','9752008368','admin@example.com','KYC_1768638577','KYC_1768638577','approved','\"{\\\"type\\\":\\\"re-kyc\\\"}\"','{\"dob\": \"20/11/2004\", \"name\": \"Sharad Bhaisaniya\", \"image\": \"/9j/4AAQSkZJRgABAgAAAQABAAD/2wBDAAgGBgcGBQgHBwcJCQgKDBQNDAsLDBkSEw8UHRofHh0aHBwgJC4nICIsIxwcKDcpLDAxNDQ0Hyc5PTgyPC4zNDL/2wBDAQkJCQwLDBgNDRgyIRwhMjIyMjIyMjIyMjIyMjIyMjIyMjIyMjIyMjIyMjIyMjIyMjIyMjIyMjIyMjIyMjIyMjL/wAARCADIAKADASIAAhEBAxEB/8QAHwAAAQUBAQEBAQEAAAAAAAAAAAECAwQFBgcICQoL/8QAtRAAAgEDAwIEAwUFBAQAAAF9AQIDAAQRBRIhMUEGE1FhByJxFDKBkaEII0KxwRVS0fAkM2JyggkKFhcYGRolJicoKSo0NTY3ODk6Q0RFRkdISUpTVFVWV1hZWmNkZWZnaGlqc3R1dnd4eXqDhIWGh4iJipKTlJWWl5iZmqKjpKWmp6ipqrKztLW2t7i5usLDxMXGx8jJytLT1NXW19jZ2uHi4+Tl5ufo6erx8vP09fb3+Pn6/8QAHwEAAwEBAQEBAQEBAQAAAAAAAAECAwQFBgcICQoL/8QAtREAAgECBAQDBAcFBAQAAQJ3AAECAxEEBSExBhJBUQdhcRMiMoEIFEKRobHBCSMzUvAVYnLRChYkNOEl8RcYGRomJygpKjU2Nzg5OkNERUZHSElKU1RVVldYWVpjZGVmZ2hpanN0dXZ3eHl6goOEhYaHiImKkpOUlZaXmJmaoqOkpaanqKmqsrO0tba3uLm6wsPExcbHyMnK0tPU1dbX2Nna4uPk5ebn6Onq8vP09fb3+Pn6/9oADAMBAAIRAxEAPwDrv4hREOXH+1R0waIzmSQc8EfyoAlx1peBjPFAps0SzRFGyOOvHH58fnQIo6m8dtaySEhBsbkYAzjv2PTvXieoaipmuiZXjk3bViX7q5+/jPQHAHH8q7TxPrNuoC2+p3N4gJV1QAoMjIXdjBNeV3Mm6Rj1JPOaQyw96SpUO23OcZ6/5zVc3R7E/QVWYnmm5wKALZkZlJZcnsMVGNzHBPHoKiGcZ/lT/NJAB7d6AJlcbsKufrzViMh3WMIG7HnAFVlBBLA5/pU5kWK2Yg/M3A+lMC19ohiAChFA/i2gk/T/AOvUP2+RnB3cZrNDFm9atpbiI4lYq390daANyzvjEPPimZbpMFNgwV9SDn+VSS395fSGeaRpcgKckDgcAY9PasVSI2G3PHTNWUmdm5JGeuO/1oA9q8Ca7d6jp32e6SR3iAKSlcDbyMcDHGMep69s11rPya8YsPEmsQR29lZTNbKWCqiIrtnpgg//AK+Bn1r0zQrq4uNPAu5kmnj4d0IPPoccbvXBIzRcmxv2x/0kdPu1eB4NZlo3+lD/AHa0FPB+tXHYlnPkcD60qriRvfBpT0pqkGY4/uj+tZlkoFY+o6aur362dyZTZogklTeVWQknavB6Ark55+7jgmtkdqdgDFMDzPx75NvEltEixw223aipgZ7D6AE4H19q8mmOXJHrmvXfiUDHZKyxRlJnG59vzBgOufTHHbp3zx5SI8t0yO9IZV2k0m046VdRFD4Vea07bT5rmPbFAv8AvMg/qKTaW40m9jnxkCnBRjI/KuytvBjyJmSUBj2AqjeeEb60JZFEif7PWpVSL6lckjnQSHyPypjksRV9rOXcVZCrj261AbcsSMEOOcetWQQRkq2UHzdquBREu6T5nPbNVgGhbOOfekLlj3JPc0AXAys2erHsOamjRydwbb6Yqvbb1+ZlYL644rQspFW5DzwCaM/wbyv4gjv+f0pgdj4ItdPk1EfbLmCQum0Qu5QluuMdHGB0+vHTPqy+VEnlwhQigABBwB6cVxnhzSNF1e1+TSntztX5nyST1GDjaQe44+ldNp2h2elK7W8KpI33iqhc8+3+fSgRrWRJnY/7NaCn5fxrPsv9bIfYVeU/L+NVElmIT1pRjzFPcg0hAwaRR+9Q+xFQWTjPFLj5aQc4p+P0NMDzH4lxvHDabndtzMTngZ46e3b/APVXmqjMm3pXvPjDSE1bQZlEe+WMbo8cHNeHW8TS3aqBk5qXoCNbTNJBYPIufSurtLUKQFX8Kr2ce1FXGMVsWyEOOMVxTk5M7IRSLlvbDA4qeWzDJgirECEKO9TkDbz1qEy2jjr3RUkEg2gEMWU47Hn+ea5w2iR3jwyRgOOnuK9HmhDE9axr7SYppBMRhwpTPoOv8wPyrSNS2jIcOqOB1PSVMRZBhgc1hLZuG5Br0C5tSH2nGMc1l3FlHDLu2jYentW0J9DKcOpze5VUKqFSf4ge/vSrw3P51PewhX+XFVYlIYLjOT0rdamLPU/AmpXFnpEUk4Z9O84xM3TyCec56bck8n1PfaD6MwOCG5Pr61heDtKt7XwrBA0KBpRvlGOpPQ9OuMGt5+9MkfZD55Pwq4Puiqln9+X8KuKPlFUhMwwf5UAgMmO5xQo9aTbkxn+62f8AP51BRYHSng9aaBTsUAVr+6hs7VpJgSvQKoyWPoK8ct7WFPFl4kYPljc6ArtwCRxj8a9T8TxGTTY8A/LMGJHbg1w4tMavPKyjzDCgyO/LdffgVjUnZ2NYQuuYzrvVrewm8tnHmE9PT61Yg8UWcWNxc8ckDioJtMs7ffLLEJGYkktyaxbxLJ9p+zldzbU2Z5PoMDHpWcVF9C3zLU7uy8YabIQrsyHHGR+nFdBBeQXUYeKRXU9wa8dhtobhVER6c8ZrpNFS7swGRyw43Ant/wDqpShEqM5dTvpMKpJxjtWZczwqxDyqMDJ57Vzuo6rcywNGrOMDAPb3NcrNcXkxKszso/vE8/jUxp36lOpbodvM1vK2Y5FY4zgdazLpI2JXg56iuahg1F3zG3l5GBh8VcGnarZ/6SXSQD7y56itVBLqZube6K2r2BiUSr90mpfC2hza5rEUMagxqQXZugH+RWjrJDaMjgffZeP1rs/hjbRQabcAxkXDMGZj3Ujj+v51tB6WZjPfQ7pI0iiSONQqKAAo6AAYqKQ9ambGBUEh4NWyETWPWX8P61cH3RVKwHEvPPH9auqMiqQmYg7UdAPqKUUx1JXAPcH8jmoKLAPWng0wU4CgCnrCNJpVwqYyFDc8cAgn9Aa4iIhru46nDgf+OLXobKrqVcBlYYKnuK81sZlmmuZAMAykY+igVhWj1NqT6Gi9hHdIdyAg8YNUJ9HWSy+xSW6SQhtyfwlD7Ef14rftD8o44q+LZGAwK5lJo6uS6OSi0xItPitBaxxop3ZwS5buc564ArQ0+xEcvzoFU/w1szwJApbHPqahtds0o6YFEp8zHGFjD1i1R22RrtBz2rGbRFktZmSZ4J8funBXAxzyc7ueRwB+NdZqUKrID2qFbBbiIMBg1UZWRMoa2RxEFjqUqTy3N2M5ykTnzd34kkgfjWpp8U7QBJVI9ic10K6SAe/0p0lssCnFXz3I9nY57U7eM2sUb4CeagI9s11Hw9j2JqTeroPy3Vy+ssoS3Vuf3wOB3wD/APWrvfB9i1joaGTAedjKeOgPT+WfxraF7oxnblZvN2qCQ8VOTkVXkP8AOtmYFmx+7L9RV+MfLVGw/wBXJ/vf0rSiX5RTQmc6OlI/CMfbNIppJSfLfHXacVJRYU08GolOVpwOKAHM4UZxkV5NotyJZ7tSRuNwzcdOa9YfBU8A+o9a8NtZn03Xp4XyGWUqwPXOaiorxKg7SPRrZ9gHeteKUBQTXN2lwJFHPFXzfxwIS7AAdzXC9z0Iy0LGoSGQKGJC55plldWiTiJpNuOuKxNS8SWaRPECZSyk4H+NchBfObp/s9oWRs5xkn6561UabZLqpHpOp3FrIhIfOeKr6bdrHM0BIKgZFeeak05WNmSRow2fnJIzW9ouuWjMI3xE54HPFX7N8pPtU5HcSOvUVl3knXJqbzt0Ywayb65CKSxwAM1MNWVOWhmSJHe+J9Mtn+4HBfJxkFgMV6qoCqABgAcAV5b4NkOo+KpJdqFYVLB2HK9uPrk16iOMV2wVkcEndjyeBULmnscAVCxzVMRf07/Vv/vf0FasY+SszTf9U/8AvVqp9wU0SzlVqGa6t0yGmQHoQDk5+lYNxq80+VVvLTptU8n6mqP2hVxtGfetY0G9yXU7HUf2pAgAG5uOoHFQS64ACI4xn1JzWCJS+KY77pFiHQ/ep+ySDnbNOXWLmYkK+1f9nj9a848VQNDqMd4gUBhhiBzn3rtS3HTGea5LxI/2jbApGXbA/n/SicUoji22aGgXvmKqk9qoeJGvTfpBEWKMMqMdf8ayNGvTaXfkSHawPfvXZwNFcyrKQC6jANeXNckrnbF80bHPWWh3TgmV4/mGPmJyK6Ky0G8sog0EcRGOW3YqWa1kmGIch6zNviSCQhIUCZwCzD+hoU+bc1iox3Rb1Gwv5YSkkUW31Lng/lXLXei3cKmVEXKnqrVvp/bU1wEul+T1TkVrCNFtSjjqOarntsTNRlsipol482hRzSHBAI59jXNeINWZiYlfr6Vo3tzHYaaYYTgZJ/WuKlna4mySDV043dzGcrKx6R8L4UEl1cO2GYBVBJ5PP4HpXpgPNeO+H5CLLapKtjII6giuqsfEd7DxI3mr/n1Ndvs3bQ5ebU7d+1REis61123ugAQVb0q2HVuQcg1nJNblJmxpmDG3+9Wqv3ayNLP7tv8AerWU/LSQM8ZBOMAfjUmAGpqYZ+BjHXNKjbyW754r0Wc6J4AcmmxDfPI2M7RilVvLikkY4AFNtAywliOXNZstD5PunPArk9VGdUgGP7x/T/69dY+7Y2egrmNTXF/buerMy/8AjpP9Kxrr3GXS+JHP3dkZp5JEYh1ORUuna3NYTbLknHStF0Czqezrg/h/+uql/p6XKcYDjoa87nWzOzle6OotPEFu5BDjmpZdbR92X+Qds9a8zlt7q1fjI+hqE3V0DlnbmmqS6Ml1GtGerWusxSZGcDHFZ+qa7DBE+HGemK4CG+vAAqbvSrcFlPOwe5Y4PbPNP2aW4c7eiH3FzNeluoj61kByJwvvW9cKsNuVAwW+UYrDVN99getawd9jOasdjoUhAj4/GtWLzEu5IsHaGOM+nb9Kr6JZskakjFa5hxfkk53IG+nb+lehFe7qczepbtiFFasF08QG05HoelZC+mRVpH2jAquVPcm9jsdE1GGRmiZtkjNkA9+O1dEv3a8tMhDcGui0jxO0QEN6xdO0nUj6+v8AP61hOhbWJUanc4tTiJzz6U+24Xk0NgQ49aWEDbg1uShl7KyQJHxl2APuKsxncEAGOM/nWbdP5l3Gg6L2rShmQSEF1BY4UE+lQ9y+hI6NxnpWHrFv+7jm2lmjkBGPc7SfyY10LRn1yPWprbT1ura8QjnyG2kjocjFTV+Bjp/EjjJ7VmtWdRlk+YAd/wDIqmysFBxlTyDXV29ujoGU5UgEVVgsEPm2rAbojlf909Pw6j8K8S56SRydwoZeVzVE26Z+5muwn0hcniqUmjkHNOMxONzERVQcKB+FSqeK0TpxzjbVeeydpUtkOHflj6L3NaKSYuWxmSnzI3m/gXKp7+p/pTPDunNd3rTMMIpxn/P4VrX1mIrbYF2qo4HoK6TStDbSbSGKaMCRolkfA6lhn9M4/CunD+9KxhW0Rat0WOMAKOKS4AW4iY9SpGatKuGAxwO1VtQ+UwsR0JGa9TocSFHYjAqwmMYPWqUT5wKtpgNyaEJg+Q2QMfSmBmHepZFzz1FREEAcEimiWV3+aRhnhRT4m28Y7c0xB8rk9TUZlwH29hioNCuCHvd/bPH4U6SJbmJ43UEH1pIV2sT6CnREnPAqWikzNh02W1cpbXM0KMdxEbkAn3FdL4e1KW1muIdQuHkEqkKwVRtHHYYzyP1rNHX3plyoWFZcn5GBODzjvUOPQq5pCFtM8m2diy+WPLcjBZfUj1/z3qO6n8qeC4HQt5T49GPB/PH5mmzJNdxJNJMJmU5RiAWx6buvP5Z7GqTMtxbyQvnBBVh0NeZiKLpu/RnZRq8yt1RsMVYZqIohFVLK6aW1Uy48xflfHTcODj2qfzVJ68VyHQRziKGJ5ZCFVRkmqtvb+WHnlXE0pyc/wjsv4fzJpHlF5dZ4NvC3H+247/Qfz+lJcXB2EKCT0wB+FUiWSacEu9aSIfwDe2Rx7D6/4Guz1mFzBYyFiB5OwJ6YJ5/Iiue8P2XlXkSt80kmSx/DgfyFP8X+IRYTQLCUnmcKgTJAUKOTn6/1r08PT5GrnFVmpIn2ANiqGsnbbRtj/loPw4NZMurao8afLFHIeSUXoPxJqNjfXUgE8rMp5x2/Ku85rF6GXLDBrTUDy9xPasaNSjAHk1qhiYVJx6UITJC4Ix3pGYjgHNQqcttHY1K2M5PShMVioz7I5PYVUiYtCM9WOTUUlyZGkjQ8thM+lSg7VIXhRwKSZo0SAlVc5x2pludrEmhz+6GMknmmQMdx9CM0MSJc5bIFPBDKV68UwHB45oLc8Gk0MbbmeDcImzg8ox4NFyFkbz4hl87XXuDT5ONjj2Vv8/X+dQzRS790IYvjoATuFZzgpR5ZbFRlZ3W5XglxdSlM+W6hyQOARgcn3GMfQ0l5dPuW3iOJJON390dzWPqEkoncgyo6kBlC5KcYGc/U/TPtSvexR3VxtLFt5XLdgDwPwryalHlZ3QqKRsecsUQjTAVRgewrQsrKTBuJSQSMIhHT3/H9Kh0iwYhZ7gFWPKoR09z71Yu9cs7fdDE4lmU4Kr0X6n+nWuzDYa3vyMK1a/uxCbVf7CtVigcvckYLnqAPWuatRcaprH2m4LNg5yxzwO3NTKkmpXjSyDCnkmtm2hSFNqjHHWu5QSOZyH4XO7HepcDg1Gfu4FOVvl9askrSnZP04zWgJMw49Bms66HzggjNSecQ4UH7yZxSegi5E4XLk4AGeaPMzhj16gelZlzcYEVvuwZDub/dFWRIWGc9azuVY5+wuGN3PvyNvUEYIJrSWXop6D0rEs5A0s7orKjyFgSDyOmefcGryzKOSce9EWWzRacMp5xiltSCruT7cVRzEyZD/hV2P91bqMdeaokmVifb1oU9ieaZk7Qc/lQCQ4PqOPahiRZTEkZVuhGKFkMAzIrEY2ll4qFHIfIOQOtT+YpzzwRRo1Zgm09DJvWja9+0TDfHkHjk4HbNV7KC2kv7jV5lMNs0u6BD9527nH1/zxzclihDiRs7B/AP4j6UKqGQTXBBYDCxgfKg9MVh7KLkpdjVzaViW4vLm5jcoPKhxgDufrVG101Ng4+XruPVj61e+eZgxQ+WOinv707LZ56+ldCMbj0RY48IAPXFTR5zwahLBRknaMd6r3GpQWcUTElzMwSMJzuNAjQit7u8Fw1uimG3x5zAgsMjIwuckdBntnvg4itVW4gfFxIlztYosjLGm4dAdw57dx1pfC5vB4jiWMgKEdZB03BsnB4OQcZweODjpVrVrqRBPdQwMY2jKxBmUNGSrcHcCcHtjHpkdCN2dhme7eYqumcEZGRg/wD1qgnm8qe0Cg/NuBH5VFY6vDcaatxOotlDbAXbgn2qDVrr7LcQT7d0YQhT23E//WqZSVhpaiXFx5mvCHaAI1APv3/rWoGAYDNcxb3bTXrXL43vjAHpjFbkUh4JzWSLZt+JNBi0/wAP2LWsSg2w8uVkXqG5LE+m4k/V65mC0D8tyKKKmDGX4rKFQPkHBp0jbpNo6dAB0xRRW8SWO5A746UhYHqaKKokchXPHXFKQxABOM96KKkCZLeEqGbkgY64wKSUW6wkIoGOcA9aKKaBkSuCv17E9KRpQTgdRRRTQjM8RIsmjSuzcxspX65A/rWNE9zaTWGnXKh4/tUU0TqcjGTkfr+neiis57lR2OgttYuLC/MtvcPE0sY2bVVtwG7jB78Nj6+/LrjUoY7AyT+cyRpuRWTG4tyGz3PAXPXCj60UUXC2pm6LpZmsYZr198QyYYWHyjJPJHeti6iiu7N4mHVStFFZzdolrc5HTZDHctE+NynGDXQJITgciiilB6DZ/9k=\", \"gender\": \"M\", \"id_number\": \"xxxxxxxx4016\", \"father_name\": \"Kailash Narayan\", \"document_type\": \"aadhaar\", \"id_proof_type\": \"ID_AND_ADDRESS_PROOF\", \"current_address\": \"S/O Kailash Narayan,nana pul maina,Gram maina,Maina,Ashta,Maina,Sehore,Madhya Pradesh,466125\", \"last_refresh_date\": \"2026-01-14 17:28:29\", \"permanent_address\": \"S/O Kailash Narayan,nana pul maina,Gram maina,Maina,Ashta,Maina,Sehore,Madhya Pradesh,466125\", \"current_address_details\": {\"state\": \"Madhya Pradesh\", \"address\": \"S/O Kailash Narayan,nana pul maina,Gram maina,Maina,Ashta,Maina,Sehore,Madhya Pradesh,466125\", \"pincode\": \"466125\", \"district_or_city\": \"Sehore\", \"locality_or_post_office\": \"Maina\"}, \"permanent_address_details\": {\"state\": \"Madhya Pradesh\", \"address\": \"S/O Kailash Narayan,nana pul maina,Gram maina,Maina,Ashta,Maina,Sehore,Madhya Pradesh,466125\", \"pincode\": \"466125\", \"district_or_city\": \"Sehore\", \"locality_or_post_office\": \"Maina\"}}','2026-01-17 10:23:59','2026-01-18 10:23:59','{\"id\": \"KID260117135937828HJNXABRIEL6EGZ\", \"status\": \"approved\", \"actions\": [{\"id\": \"KIA260117135937829GWERZSWU8A91L8\", \"type\": \"digilocker\", \"status\": \"approved\", \"details\": {\"pan\": {\"dob\": \"20/11/2004\", \"name\": \"SHARAD BHAISANIYA\", \"gender\": \"M\", \"id_number\": \"HHRPB2180P\", \"document_type\": \"pan\", \"id_proof_type\": \"ID_PROOF\"}, \"aadhaar\": {\"dob\": \"20/11/2004\", \"name\": \"Sharad Bhaisaniya\", \"image\": \"/9j/4AAQSkZJRgABAgAAAQABAAD/2wBDAAgGBgcGBQgHBwcJCQgKDBQNDAsLDBkSEw8UHRofHh0aHBwgJC4nICIsIxwcKDcpLDAxNDQ0Hyc5PTgyPC4zNDL/2wBDAQkJCQwLDBgNDRgyIRwhMjIyMjIyMjIyMjIyMjIyMjIyMjIyMjIyMjIyMjIyMjIyMjIyMjIyMjIyMjIyMjIyMjL/wAARCADIAKADASIAAhEBAxEB/8QAHwAAAQUBAQEBAQEAAAAAAAAAAAECAwQFBgcICQoL/8QAtRAAAgEDAwIEAwUFBAQAAAF9AQIDAAQRBRIhMUEGE1FhByJxFDKBkaEII0KxwRVS0fAkM2JyggkKFhcYGRolJicoKSo0NTY3ODk6Q0RFRkdISUpTVFVWV1hZWmNkZWZnaGlqc3R1dnd4eXqDhIWGh4iJipKTlJWWl5iZmqKjpKWmp6ipqrKztLW2t7i5usLDxMXGx8jJytLT1NXW19jZ2uHi4+Tl5ufo6erx8vP09fb3+Pn6/8QAHwEAAwEBAQEBAQEBAQAAAAAAAAECAwQFBgcICQoL/8QAtREAAgECBAQDBAcFBAQAAQJ3AAECAxEEBSExBhJBUQdhcRMiMoEIFEKRobHBCSMzUvAVYnLRChYkNOEl8RcYGRomJygpKjU2Nzg5OkNERUZHSElKU1RVVldYWVpjZGVmZ2hpanN0dXZ3eHl6goOEhYaHiImKkpOUlZaXmJmaoqOkpaanqKmqsrO0tba3uLm6wsPExcbHyMnK0tPU1dbX2Nna4uPk5ebn6Onq8vP09fb3+Pn6/9oADAMBAAIRAxEAPwDrv4hREOXH+1R0waIzmSQc8EfyoAlx1peBjPFAps0SzRFGyOOvHH58fnQIo6m8dtaySEhBsbkYAzjv2PTvXieoaipmuiZXjk3bViX7q5+/jPQHAHH8q7TxPrNuoC2+p3N4gJV1QAoMjIXdjBNeV3Mm6Rj1JPOaQyw96SpUO23OcZ6/5zVc3R7E/QVWYnmm5wKALZkZlJZcnsMVGNzHBPHoKiGcZ/lT/NJAB7d6AJlcbsKufrzViMh3WMIG7HnAFVlBBLA5/pU5kWK2Yg/M3A+lMC19ohiAChFA/i2gk/T/AOvUP2+RnB3cZrNDFm9atpbiI4lYq390daANyzvjEPPimZbpMFNgwV9SDn+VSS395fSGeaRpcgKckDgcAY9PasVSI2G3PHTNWUmdm5JGeuO/1oA9q8Ca7d6jp32e6SR3iAKSlcDbyMcDHGMep69s11rPya8YsPEmsQR29lZTNbKWCqiIrtnpgg//AK+Bn1r0zQrq4uNPAu5kmnj4d0IPPoccbvXBIzRcmxv2x/0kdPu1eB4NZlo3+lD/AHa0FPB+tXHYlnPkcD60qriRvfBpT0pqkGY4/uj+tZlkoFY+o6aur362dyZTZogklTeVWQknavB6Ark55+7jgmtkdqdgDFMDzPx75NvEltEixw223aipgZ7D6AE4H19q8mmOXJHrmvXfiUDHZKyxRlJnG59vzBgOufTHHbp3zx5SI8t0yO9IZV2k0m046VdRFD4Vea07bT5rmPbFAv8AvMg/qKTaW40m9jnxkCnBRjI/KuytvBjyJmSUBj2AqjeeEb60JZFEif7PWpVSL6lckjnQSHyPypjksRV9rOXcVZCrj261AbcsSMEOOcetWQQRkq2UHzdquBREu6T5nPbNVgGhbOOfekLlj3JPc0AXAys2erHsOamjRydwbb6Yqvbb1+ZlYL644rQspFW5DzwCaM/wbyv4gjv+f0pgdj4ItdPk1EfbLmCQum0Qu5QluuMdHGB0+vHTPqy+VEnlwhQigABBwB6cVxnhzSNF1e1+TSntztX5nyST1GDjaQe44+ldNp2h2elK7W8KpI33iqhc8+3+fSgRrWRJnY/7NaCn5fxrPsv9bIfYVeU/L+NVElmIT1pRjzFPcg0hAwaRR+9Q+xFQWTjPFLj5aQc4p+P0NMDzH4lxvHDabndtzMTngZ46e3b/APVXmqjMm3pXvPjDSE1bQZlEe+WMbo8cHNeHW8TS3aqBk5qXoCNbTNJBYPIufSurtLUKQFX8Kr2ce1FXGMVsWyEOOMVxTk5M7IRSLlvbDA4qeWzDJgirECEKO9TkDbz1qEy2jjr3RUkEg2gEMWU47Hn+ea5w2iR3jwyRgOOnuK9HmhDE9axr7SYppBMRhwpTPoOv8wPyrSNS2jIcOqOB1PSVMRZBhgc1hLZuG5Br0C5tSH2nGMc1l3FlHDLu2jYentW0J9DKcOpze5VUKqFSf4ge/vSrw3P51PewhX+XFVYlIYLjOT0rdamLPU/AmpXFnpEUk4Z9O84xM3TyCec56bck8n1PfaD6MwOCG5Pr61heDtKt7XwrBA0KBpRvlGOpPQ9OuMGt5+9MkfZD55Pwq4Puiqln9+X8KuKPlFUhMwwf5UAgMmO5xQo9aTbkxn+62f8AP51BRYHSng9aaBTsUAVr+6hs7VpJgSvQKoyWPoK8ct7WFPFl4kYPljc6ArtwCRxj8a9T8TxGTTY8A/LMGJHbg1w4tMavPKyjzDCgyO/LdffgVjUnZ2NYQuuYzrvVrewm8tnHmE9PT61Yg8UWcWNxc8ckDioJtMs7ffLLEJGYkktyaxbxLJ9p+zldzbU2Z5PoMDHpWcVF9C3zLU7uy8YabIQrsyHHGR+nFdBBeQXUYeKRXU9wa8dhtobhVER6c8ZrpNFS7swGRyw43Ant/wDqpShEqM5dTvpMKpJxjtWZczwqxDyqMDJ57Vzuo6rcywNGrOMDAPb3NcrNcXkxKszso/vE8/jUxp36lOpbodvM1vK2Y5FY4zgdazLpI2JXg56iuahg1F3zG3l5GBh8VcGnarZ/6SXSQD7y56itVBLqZube6K2r2BiUSr90mpfC2hza5rEUMagxqQXZugH+RWjrJDaMjgffZeP1rs/hjbRQabcAxkXDMGZj3Ujj+v51tB6WZjPfQ7pI0iiSONQqKAAo6AAYqKQ9ambGBUEh4NWyETWPWX8P61cH3RVKwHEvPPH9auqMiqQmYg7UdAPqKUUx1JXAPcH8jmoKLAPWng0wU4CgCnrCNJpVwqYyFDc8cAgn9Aa4iIhru46nDgf+OLXobKrqVcBlYYKnuK81sZlmmuZAMAykY+igVhWj1NqT6Gi9hHdIdyAg8YNUJ9HWSy+xSW6SQhtyfwlD7Ef14rftD8o44q+LZGAwK5lJo6uS6OSi0xItPitBaxxop3ZwS5buc564ArQ0+xEcvzoFU/w1szwJApbHPqahtds0o6YFEp8zHGFjD1i1R22RrtBz2rGbRFktZmSZ4J8funBXAxzyc7ueRwB+NdZqUKrID2qFbBbiIMBg1UZWRMoa2RxEFjqUqTy3N2M5ykTnzd34kkgfjWpp8U7QBJVI9ic10K6SAe/0p0lssCnFXz3I9nY57U7eM2sUb4CeagI9s11Hw9j2JqTeroPy3Vy+ssoS3Vuf3wOB3wD/APWrvfB9i1joaGTAedjKeOgPT+WfxraF7oxnblZvN2qCQ8VOTkVXkP8AOtmYFmx+7L9RV+MfLVGw/wBXJ/vf0rSiX5RTQmc6OlI/CMfbNIppJSfLfHXacVJRYU08GolOVpwOKAHM4UZxkV5NotyJZ7tSRuNwzcdOa9YfBU8A+o9a8NtZn03Xp4XyGWUqwPXOaiorxKg7SPRrZ9gHeteKUBQTXN2lwJFHPFXzfxwIS7AAdzXC9z0Iy0LGoSGQKGJC55plldWiTiJpNuOuKxNS8SWaRPECZSyk4H+NchBfObp/s9oWRs5xkn6561UabZLqpHpOp3FrIhIfOeKr6bdrHM0BIKgZFeeak05WNmSRow2fnJIzW9ouuWjMI3xE54HPFX7N8pPtU5HcSOvUVl3knXJqbzt0Ywayb65CKSxwAM1MNWVOWhmSJHe+J9Mtn+4HBfJxkFgMV6qoCqABgAcAV5b4NkOo+KpJdqFYVLB2HK9uPrk16iOMV2wVkcEndjyeBULmnscAVCxzVMRf07/Vv/vf0FasY+SszTf9U/8AvVqp9wU0SzlVqGa6t0yGmQHoQDk5+lYNxq80+VVvLTptU8n6mqP2hVxtGfetY0G9yXU7HUf2pAgAG5uOoHFQS64ACI4xn1JzWCJS+KY77pFiHQ/ep+ySDnbNOXWLmYkK+1f9nj9a848VQNDqMd4gUBhhiBzn3rtS3HTGea5LxI/2jbApGXbA/n/SicUoji22aGgXvmKqk9qoeJGvTfpBEWKMMqMdf8ayNGvTaXfkSHawPfvXZwNFcyrKQC6jANeXNckrnbF80bHPWWh3TgmV4/mGPmJyK6Ky0G8sog0EcRGOW3YqWa1kmGIch6zNviSCQhIUCZwCzD+hoU+bc1iox3Rb1Gwv5YSkkUW31Lng/lXLXei3cKmVEXKnqrVvp/bU1wEul+T1TkVrCNFtSjjqOarntsTNRlsipol482hRzSHBAI59jXNeINWZiYlfr6Vo3tzHYaaYYTgZJ/WuKlna4mySDV043dzGcrKx6R8L4UEl1cO2GYBVBJ5PP4HpXpgPNeO+H5CLLapKtjII6giuqsfEd7DxI3mr/n1Ndvs3bQ5ebU7d+1REis61123ugAQVb0q2HVuQcg1nJNblJmxpmDG3+9Wqv3ayNLP7tv8AerWU/LSQM8ZBOMAfjUmAGpqYZ+BjHXNKjbyW754r0Wc6J4AcmmxDfPI2M7RilVvLikkY4AFNtAywliOXNZstD5PunPArk9VGdUgGP7x/T/69dY+7Y2egrmNTXF/buerMy/8AjpP9Kxrr3GXS+JHP3dkZp5JEYh1ORUuna3NYTbLknHStF0Czqezrg/h/+uql/p6XKcYDjoa87nWzOzle6OotPEFu5BDjmpZdbR92X+Qds9a8zlt7q1fjI+hqE3V0DlnbmmqS6Ml1GtGerWusxSZGcDHFZ+qa7DBE+HGemK4CG+vAAqbvSrcFlPOwe5Y4PbPNP2aW4c7eiH3FzNeluoj61kByJwvvW9cKsNuVAwW+UYrDVN99getawd9jOasdjoUhAj4/GtWLzEu5IsHaGOM+nb9Kr6JZskakjFa5hxfkk53IG+nb+lehFe7qczepbtiFFasF08QG05HoelZC+mRVpH2jAquVPcm9jsdE1GGRmiZtkjNkA9+O1dEv3a8tMhDcGui0jxO0QEN6xdO0nUj6+v8AP61hOhbWJUanc4tTiJzz6U+24Xk0NgQ49aWEDbg1uShl7KyQJHxl2APuKsxncEAGOM/nWbdP5l3Gg6L2rShmQSEF1BY4UE+lQ9y+hI6NxnpWHrFv+7jm2lmjkBGPc7SfyY10LRn1yPWprbT1ura8QjnyG2kjocjFTV+Bjp/EjjJ7VmtWdRlk+YAd/wDIqmysFBxlTyDXV29ujoGU5UgEVVgsEPm2rAbojlf909Pw6j8K8S56SRydwoZeVzVE26Z+5muwn0hcniqUmjkHNOMxONzERVQcKB+FSqeK0TpxzjbVeeydpUtkOHflj6L3NaKSYuWxmSnzI3m/gXKp7+p/pTPDunNd3rTMMIpxn/P4VrX1mIrbYF2qo4HoK6TStDbSbSGKaMCRolkfA6lhn9M4/CunD+9KxhW0Rat0WOMAKOKS4AW4iY9SpGatKuGAxwO1VtQ+UwsR0JGa9TocSFHYjAqwmMYPWqUT5wKtpgNyaEJg+Q2QMfSmBmHepZFzz1FREEAcEimiWV3+aRhnhRT4m28Y7c0xB8rk9TUZlwH29hioNCuCHvd/bPH4U6SJbmJ43UEH1pIV2sT6CnREnPAqWikzNh02W1cpbXM0KMdxEbkAn3FdL4e1KW1muIdQuHkEqkKwVRtHHYYzyP1rNHX3plyoWFZcn5GBODzjvUOPQq5pCFtM8m2diy+WPLcjBZfUj1/z3qO6n8qeC4HQt5T49GPB/PH5mmzJNdxJNJMJmU5RiAWx6buvP5Z7GqTMtxbyQvnBBVh0NeZiKLpu/RnZRq8yt1RsMVYZqIohFVLK6aW1Uy48xflfHTcODj2qfzVJ68VyHQRziKGJ5ZCFVRkmqtvb+WHnlXE0pyc/wjsv4fzJpHlF5dZ4NvC3H+247/Qfz+lJcXB2EKCT0wB+FUiWSacEu9aSIfwDe2Rx7D6/4Guz1mFzBYyFiB5OwJ6YJ5/Iiue8P2XlXkSt80kmSx/DgfyFP8X+IRYTQLCUnmcKgTJAUKOTn6/1r08PT5GrnFVmpIn2ANiqGsnbbRtj/loPw4NZMurao8afLFHIeSUXoPxJqNjfXUgE8rMp5x2/Ku85rF6GXLDBrTUDy9xPasaNSjAHk1qhiYVJx6UITJC4Ix3pGYjgHNQqcttHY1K2M5PShMVioz7I5PYVUiYtCM9WOTUUlyZGkjQ8thM+lSg7VIXhRwKSZo0SAlVc5x2pludrEmhz+6GMknmmQMdx9CM0MSJc5bIFPBDKV68UwHB45oLc8Gk0MbbmeDcImzg8ox4NFyFkbz4hl87XXuDT5ONjj2Vv8/X+dQzRS790IYvjoATuFZzgpR5ZbFRlZ3W5XglxdSlM+W6hyQOARgcn3GMfQ0l5dPuW3iOJJON390dzWPqEkoncgyo6kBlC5KcYGc/U/TPtSvexR3VxtLFt5XLdgDwPwryalHlZ3QqKRsecsUQjTAVRgewrQsrKTBuJSQSMIhHT3/H9Kh0iwYhZ7gFWPKoR09z71Yu9cs7fdDE4lmU4Kr0X6n+nWuzDYa3vyMK1a/uxCbVf7CtVigcvckYLnqAPWuatRcaprH2m4LNg5yxzwO3NTKkmpXjSyDCnkmtm2hSFNqjHHWu5QSOZyH4XO7HepcDg1Gfu4FOVvl9askrSnZP04zWgJMw49Bms66HzggjNSecQ4UH7yZxSegi5E4XLk4AGeaPMzhj16gelZlzcYEVvuwZDub/dFWRIWGc9azuVY5+wuGN3PvyNvUEYIJrSWXop6D0rEs5A0s7orKjyFgSDyOmefcGryzKOSce9EWWzRacMp5xiltSCruT7cVRzEyZD/hV2P91bqMdeaokmVifb1oU9ieaZk7Qc/lQCQ4PqOPahiRZTEkZVuhGKFkMAzIrEY2ll4qFHIfIOQOtT+YpzzwRRo1Zgm09DJvWja9+0TDfHkHjk4HbNV7KC2kv7jV5lMNs0u6BD9527nH1/zxzclihDiRs7B/AP4j6UKqGQTXBBYDCxgfKg9MVh7KLkpdjVzaViW4vLm5jcoPKhxgDufrVG101Ng4+XruPVj61e+eZgxQ+WOinv707LZ56+ldCMbj0RY48IAPXFTR5zwahLBRknaMd6r3GpQWcUTElzMwSMJzuNAjQit7u8Fw1uimG3x5zAgsMjIwuckdBntnvg4itVW4gfFxIlztYosjLGm4dAdw57dx1pfC5vB4jiWMgKEdZB03BsnB4OQcZweODjpVrVrqRBPdQwMY2jKxBmUNGSrcHcCcHtjHpkdCN2dhme7eYqumcEZGRg/wD1qgnm8qe0Cg/NuBH5VFY6vDcaatxOotlDbAXbgn2qDVrr7LcQT7d0YQhT23E//WqZSVhpaiXFx5mvCHaAI1APv3/rWoGAYDNcxb3bTXrXL43vjAHpjFbkUh4JzWSLZt+JNBi0/wAP2LWsSg2w8uVkXqG5LE+m4k/V65mC0D8tyKKKmDGX4rKFQPkHBp0jbpNo6dAB0xRRW8SWO5A746UhYHqaKKokchXPHXFKQxABOM96KKkCZLeEqGbkgY64wKSUW6wkIoGOcA9aKKaBkSuCv17E9KRpQTgdRRRTQjM8RIsmjSuzcxspX65A/rWNE9zaTWGnXKh4/tUU0TqcjGTkfr+neiis57lR2OgttYuLC/MtvcPE0sY2bVVtwG7jB78Nj6+/LrjUoY7AyT+cyRpuRWTG4tyGz3PAXPXCj60UUXC2pm6LpZmsYZr198QyYYWHyjJPJHeti6iiu7N4mHVStFFZzdolrc5HTZDHctE+NynGDXQJITgciiilB6DZ/9k=\", \"gender\": \"M\", \"id_number\": \"xxxxxxxx4016\", \"father_name\": \"Kailash Narayan\", \"document_type\": \"aadhaar\", \"id_proof_type\": \"ID_AND_ADDRESS_PROOF\", \"current_address\": \"S/O Kailash Narayan,nana pul maina,Gram maina,Maina,Ashta,Maina,Sehore,Madhya Pradesh,466125\", \"last_refresh_date\": \"2026-01-14 17:28:29\", \"permanent_address\": \"S/O Kailash Narayan,nana pul maina,Gram maina,Maina,Ashta,Maina,Sehore,Madhya Pradesh,466125\", \"current_address_details\": {\"state\": \"Madhya Pradesh\", \"address\": \"S/O Kailash Narayan,nana pul maina,Gram maina,Maina,Ashta,Maina,Sehore,Madhya Pradesh,466125\", \"pincode\": \"466125\", \"district_or_city\": \"Sehore\", \"locality_or_post_office\": \"Maina\"}, \"permanent_address_details\": {\"state\": \"Madhya Pradesh\", \"address\": \"S/O Kailash Narayan,nana pul maina,Gram maina,Maina,Ashta,Maina,Sehore,Madhya Pradesh,466125\", \"pincode\": \"466125\", \"district_or_city\": \"Sehore\", \"locality_or_post_office\": \"Maina\"}}}, \"action_ref\": \"digilocker-1\", \"retry_count\": 1, \"completed_at\": \"2026-01-17 14:01:18\", \"processing_done\": true, \"face_match_status\": \"done\", \"validation_result\": [], \"face_match_obj_type\": \"source\", \"obj_analysis_status\": \"na\", \"execution_request_id\": \"RID260117135937829T345H3Z2XH4IOB\"}], \"created_at\": \"2026-01-17 13:59:38\", \"updated_at\": \"2026-01-17 14:31:15\", \"template_id\": \"KTP260117113014326ZFB2HYF14M8V8Z\", \"auditor_name\": \"Bharat Stock Market Research\", \"reference_id\": \"KYC_1768638577\", \"auto_approved\": false, \"customer_name\": \"admin\", \"workflow_name\": \"AadharPanVerify\", \"expire_in_days\": 1, \"transaction_id\": \"KYC_1768638577\", \"auditor_identifier\": \"support@bharatstockmarketresearch.com\", \"customer_identifier\": \"9752008368\", \"reminder_registered\": false}','2026-01-17 08:29:37','2026-01-17 10:23:59'),(3,31,'KID260119223034742ENW6CKSEXOK74H','AMIT KUMAR','9286970120','amita.amitsahu@gmail.com','KYC_1768842034','KYC_1768842034','approval_pending','\"{\\\"type\\\":\\\"re-kyc\\\"}\"','{\"dob\": \"21/09/1986\", \"name\": \"Amit Kumar\", \"image\": \"/9j/4AAQSkZJRgABAgAAAQABAAD/2wBDAAgGBgcGBQgHBwcJCQgKDBQNDAsLDBkSEw8UHRofHh0aHBwgJC4nICIsIxwcKDcpLDAxNDQ0Hyc5PTgyPC4zNDL/2wBDAQkJCQwLDBgNDRgyIRwhMjIyMjIyMjIyMjIyMjIyMjIyMjIyMjIyMjIyMjIyMjIyMjIyMjIyMjIyMjIyMjIyMjL/wAARCADIAKADASIAAhEBAxEB/8QAHwAAAQUBAQEBAQEAAAAAAAAAAAECAwQFBgcICQoL/8QAtRAAAgEDAwIEAwUFBAQAAAF9AQIDAAQRBRIhMUEGE1FhByJxFDKBkaEII0KxwRVS0fAkM2JyggkKFhcYGRolJicoKSo0NTY3ODk6Q0RFRkdISUpTVFVWV1hZWmNkZWZnaGlqc3R1dnd4eXqDhIWGh4iJipKTlJWWl5iZmqKjpKWmp6ipqrKztLW2t7i5usLDxMXGx8jJytLT1NXW19jZ2uHi4+Tl5ufo6erx8vP09fb3+Pn6/8QAHwEAAwEBAQEBAQEBAQAAAAAAAAECAwQFBgcICQoL/8QAtREAAgECBAQDBAcFBAQAAQJ3AAECAxEEBSExBhJBUQdhcRMiMoEIFEKRobHBCSMzUvAVYnLRChYkNOEl8RcYGRomJygpKjU2Nzg5OkNERUZHSElKU1RVVldYWVpjZGVmZ2hpanN0dXZ3eHl6goOEhYaHiImKkpOUlZaXmJmaoqOkpaanqKmqsrO0tba3uLm6wsPExcbHyMnK0tPU1dbX2Nna4uPk5ebn6Onq8vP09fb3+Pn6/9oADAMBAAIRAxEAPwDsMUm01Ps5pfLrnMSsQaac5FWjHURTmgRXIOaUip/LyKPL4pgQHhaqT3Sxg81JdzrCp5rm7q6aRzjOKQ0i3calgkA1nSX0jE/NWNfa/p9plXnEjjqsfzH/AArLfxdak/uYJCO+9lX+tOzZVjp/tEhP3jUiXUg71y8XimJiN8KKvc/aEyPwq3H4i0+RmXzSpXqSMj81yKOVjOmi1MqcE1pwXglUc1y8TrKodGVlPRlOQauQTGJxg8VIjqVG4Ag08LVOxvFcAE1qKoYZGDRYkg8ul21OU6UbKQiHFFTmMU3YM0AXd1Lkc0beKTZ71QxNxpjdak2GkMdADM4FMlfYhapimBXMeNdeTQNH3rtNzKSsKH17k+w/wHemtQMHxP4ogsZnhRhLcf3QflT/AHj/AE6/TOa861DV5tQdmurhyoPyxpwo/wA/ifeq7u1w7S3E5yxyWfkmqDFS3FaqNirFqN4+33j0qeWDC5jcOp6kQhj/AFx+dUooC7ABsE1fjjezDrO8qxtwVBOH/LIpgUlcgkFz+Sj9Km2RGHcJDvP/AEyUfqGz+lQTJDyYmDE/w88f5/GoVjOeY80tBmjp2q3emSnyZPkP3kJyD+f867zTdSi1GzWdcKTkMhOSK83EOFwVYH9KsWLvG7OCVRfvYpNJhY9VglMbhga6jT7kSRjmvNfD+sLep5Lv+9XpnqR/Wu80hSUHpWbVhM3CwxSA5pNvy05F96kkdTTUgUYppU0hFzNGaTBoxVDF3DpRn3pu00pHNAwJ4rwzx/rDan4quY926G0b7PGmCACpwxI9d2ee4A9K9rvpmtbG4uFTe0UbOFJxuwM4z2r5wvlk+0s8rM8jkszt1Ynkk1cARGkct06ggnngDpWxaaIGPzpkkdu1WNJsv3YfZ1/St6GMoR6VhVrNOyOmnTT1ZnweGYiNxOD7ZzVqHwxYqPmQsPetmI4421MATnHFcrqT6s29nHsYh8O6ehDJEBio5tMt1X/VLj6VuyOyLg4NZszsxOFNTzSfUfKjDuLGMKSE5+lcxeI9rMVH3WOcV27oWHIrn9XtM5bGa66M9dTGpFWMbT7x7W5SZDh0bI5r3jRPmtY3xjcoOK8Fgg/02Fc7QWHPpXvOkSxpbomQCAOBXTM5mbZPFNU4PSlHK5HSm45zWRJNuGKQsKjxxRQI0ARjGeaDjNRp0BpWNMofxSHFNGTQxOaAHEjaa8K8T6YE8X3EG3ajyFlx3B5r2q9vIrK0eeY4RfQZJPYV5Xr08N/4kguI94PlHKsMY5/+vRzWLhFsLaJIoQBjCjqT0q3HdafEoaSUZ6etVRbLMQJXKxjqM4zSPFo2dhnbPQANjP0z1/CuSyb1OrVLQ3reazuCBCQw+n9KvG2jj+6ynHXB6cZrlLR7GFwbSYjPTJ6/j0rcs7vchXDEngiokkiotsuyW8IXczBVJxk1lXk1nbMVkYA9elLqF8EUIQ2BwB0rnr64tpmLTswA6lT/AFohFMJNouz3tl5ReNt2PY1mStFcJleVNMjl09omkht5JYkxvcMWAz+AqRFtpj5lquAeoHatklEzu2YkFuItchTtvBFehWdyUmT5u9cW0RGt25yBkHk11OnwubqNWOQeRWzmtEZOm7NnoNpJ5kCk+lSHGarWqlIVFSknNMwJQaXjrUYpaAL8S5WnOmBUcD8U924+lMocijbSOuBQrcYpsrHbQBkeI4Vawgc8+XOHx6/Kw/rXBapAY7+zc4AkiZgMc9RXf69GZtLyCf3bh8AZz1H9c/hXBawQb23OcssW3HoMj/Cuaf8AEOqlb2Yl5Z/aYQkZ2/LyQKgl060u9Otbdo3tp7VyyssKyo+cEllYjceB1Jz3zWvabWjVjjJ9amkmWPhYwzVkpuOxrypoo3SWEGj22n21rvjgB2zSnLkkkngdOTnAJ/CmafHIj+ZJx6VbMEknzyc/yAqNMzzkA/InAApSlzDjGxT1SFppQ0bjeOaLaWCXS59Ou7ON4JOWEY2yZ9Q2f5g1PqMDJEZQMFajs41vYw6j8R2NOMnFBKNyqFENtPDa28xkuGLT3FzJ5kkhJzknA7k9u9QW+ni1yQuM9a21E0R2vhl9cc1DcSqQQeBR7ST3J5Ekc75QfXLRegLEZ/Cut0eLzbyFeAEyfqP8kVyTE/2lAcZIk7dehrv/AA/BiFpzn5jtXI9Op/Pj8K2teUSJStBnQogC0jDmlzxTGJzW5xDgKcBzUQb3qQNQBath8xFSutQWz5kNWGamUG3imSDin7s96jcjpmgBHiWSNkcZRhhge4NeYa1G1rf28Ui4Yblce4x/PNeoZ471zPjKxS50drxVbzrZg+V7rnBz7AEt7Y+tRKN9TSE7aHNwklQBWpBFuxnkmsm1wyDPSrb33kZ5GR71xyWtjtT0L1+E+y+UDgcbiB2zzVW2lhhfECApnnJHP0FZba0ZWIRSWJOMYPQc/j0qq8moTukwZEwpwAe5xjj8+vtTUH1FzrodFqFwLlcBY1HG4sNoA/KqNn5MF6JIhgbNrY4B5GPr3/OqN7LcPGFzsOOSzYI+nrVMancWyHzirgDll9aOV9A5u51k7I6buOaxLsZPB6VRj1lpnEeMcZFWJJQybjwKXK4sOZNGfbW0tzrMKQoWYZY47D1r0zTrb7NaRxE5KjJPuTk/zrk/CdtvvLm7J+VQI1+vU/0rtUJArsitEziqSbdiT86a30NLvqN5dpAx1qjMUD2NPxTFen7xQImt8+awqy2earW7ATsKnluI0zuYUyxRnFMIOearSataxKSXFZtx4nt0yEwTRYLG2eDVO8MDW0sNxtMcilGU8ggjBFc5ceJpnzsAFYmoa0+0vPNhfrTsOxDFi0upbUyFxGxCserL/CT+HX3zUOpL5nlFTklsBfX/ADiopCJtH/tWMNu87ZGT/wAtEHB/XP8A3z71m3OsI8QKZ/w6VzypvnujojP3bM1F0ucZcyspI5AOB9Knh0+3IIeUhvdulU7DXFmk2sxIbAUDnHqf8+lbJisLhQ0kikH3rNuUXqaRatoULiytUzmXJx3asx9PSV/lY7PQHrWzcadYQSiSJ1G4k9cjpVC+vYbZflZWb2o529EN2tqUEthFqCbuAASDnrxVq6uRHD7DpWOdUV51+b1zT7mVvsqX0vFt5whX3bBP9K1VNyauZc6SdjvvDd7awafHAXHmcsx9Sf8AOPwrp0kVxlGBryK2ulODHID9DW3Y63cWxGGLL6GtmjnseiU0oS2c9K5618VxMAJUwa1LfWbScnDAE+tImzLwFOAyajWeJujg/jUgZe1BJj3muLBcsIzk1kXOqzTEkuR+Ncne6+iyHyR5jf3j0rIuNXvbg8zFB6J8v8q3jSbLckjr7i+VFLSyhR/tNWNca7bx/cJkPtwK5xmZ8lnJJ65pgxWipLqS5mvJrdzckqGESY/h6n8a0/DHh1vEEs91dysbWAhcBuXbrjPbjH51zEZ5PrivSvhpcLJp9/ZkHKzLIT/vLgf+gH86VRcsboUXd6j/ABPawWOhQRQxLHDHIoVFGAMnH9a4W706dFaWIB4zyRjkV6r4t07z9JeMDleV/wB7HH64rk7FRJAkigbXUGvPnNw1OunFSVjircSo48lh16g/49Ksve3DKqqrkKfmA9u9dVceH4JctFiJz14yDWY+kahbOPLjVkz/AA01XjIPZuJh/wBo3EfysGKcgDPHXp+tNb7RNblXIDEgknt/nFay6ZeOykw7cdC3Y1ct/DyeX/pcnmd9i5x+dP2sIi5JM5mzspJ2CxrlM/NIen0r0S30mGfwrHbvGCkhVsH3IwfyxWcLFZHjt4k2qWACqK7MInleWoARSoUDoOc0lU59RTjy6Hmmu+FpNKSS7s5D5aEeYhPzLnoQe4/X69aw49VuE/jBx2I616N46nEGj3MQwvmiLBHf5jkY+i15YepOa7aXvR1Od6PQ27fXY2OJEKn1Fa1tfRy8xSgn681xWQDkU9JWUgqSPeqdJPYOc9Eh1CePGJDWnba/MhAc5FecQavcwn725fRhmta31yFyBJmM+vUVk6UkPmTMNjk9QKbu4xjvSsBntTQoHFdhkKSfSmHOSO9PwM9MUhXJ7igATjjr+PWvXPhpZNF4fkuZEUefcNsYDqigDn8Q1eRhfm6V794MsfsPg3SImJIkgE4YjHEhMg/9DrnxDtGxdNal7Urf7RaOmOq8fWvOI1+wajJauMQysXi/2T3X869Lv7y2sbOS5uZkigQ/NJIwAHoPqemK5G9sLfX7E31hMjoR5iEHkH+h9QelcE48yOmEuVkEUZcYqU2LMMbTUWmSC4UxudtxHw6/1rU2uO9cLunY61qZMmmHIJB4qGWAxgjgVtOXKkHpWNLMk9yLa3zJITglRnb/AIn2oV3ogegumx/v2lU8x9/f/OK6KziOUU+7k/oP61FbaWtnZIN3yg7mHqfetWyi3sZCu3dgBT1GB0/nXbCPLGxxzlzO55f8T7gjVbazHAEKyn0+84H9a4Bvc/pXZfEe4M/jG6iI4t0jiGe42h/5sa458Z9q9GkrQRzy3IuKcCQT60pCgdOtIR0FakCgnJzQWx/jSY55o785pAW8+1JnnkUE4PHSkIOSen1qwHBvYU4MCd1RlSeh4p4OwdOKAGlsOME/StC21zVbODybTU723j/uQ3DqB+RrPx379TRnPbFJpMLk808t3MZppHllx96Qlj+Zq9o+uahoV4LixkAc8OjrlHHoR6fTB9xWWW24IFP3ZU8UnFNWYXe56Ymr6ZrSR32nXMNlqC8tazuAQT1UHjevuOfUDpVmTxHHZ3X2W/RIpR1Mb7lP9R+IryfC7gSMEdaQkg8Hn1rkng4ye50QxDjoeywzQasVVpWitW/j+6ZSP4V9vf8AAd8Ovta0TQ7IolzBG2SDFb8njruwc5z6n6V44J5VIAdl4zwxqMZOCx68E0o4NR6inXcjsNV8f31yjQWQ8mE5IZuWINdN4X+I1ncwpbaswtbkZ/ff8s3Pv/dJ/LjqOBXk/GCvp0qMjL8HrW/sIWsZc7uaeuah/aetXt7vLiaZnQkYOwn5R+AwKzDyeaGDA9c00A555NapWViW7inn6U3OelDKfxo65oAC1AcDmm4OetKBz9aALRBzkGlyCCO9HKjvj3pvH0/CqAUZFK3QDFBHORQQeM8UCHAqARnFNPsaDyMk80Z47UAO3IRyfpzSDnkE8e1NC8dfwo6cZ/KgBSRnpzTCOcgHilxxzSYPP9KADeoByDn60g9RzTWGSaUKD3oGO5zyPwpuCDS8gc9PSm5yenegBDweTj8aOpzxn60HjqBTenINIB2c84ph3HpzRjvnNB6UCG44604HnrSYwOlB6ZGaQy9t+Vuf5U3BNJuyeOn1pOmeKoRLjntihQOeTUeSe/WhSfXH0oAfhew59qNox/Kmk89aOAQMg0ALgYByc0oCnBU8fSmfxECgcHvigAZR94Hmjg0h54BpDkUAOK5/GmjrtA5o3cc9aa5+YEHt2oAcQAME0w8dgKM855zQXzgsM0ABIIpduR2/OmnGcgfrTScdKQDtmcUhGOPSm5J5ApBndzRcBxHvQcFff60jY/Cm8HnjNICNZM46fhUylj91iKKKSKF3OO+acJCOAoooqhCib2H50qyEsvGD70UUAxxcbzlcE0bge5oooFYbkDqcUDbtPNFFMBDnPJyKa3B4HSiigBVBYUpHOTRRQK4mAeRik4xjBz9aKKQCAe9NbGRzzRRQCY4U0gYoooA//9k=\", \"gender\": \"M\", \"id_number\": \"xxxxxxxx3776\", \"document_type\": \"aadhaar\", \"id_proof_type\": \"ID_AND_ADDRESS_PROOF\", \"current_address\": \"C/O: Anand Kumar,Near Gas Godam,Mohenpur,Nawabganj,Mohanpur,Bareilly,Uttar Pradesh,243123\", \"last_refresh_date\": \"2026-01-19 22:31:37\", \"permanent_address\": \"C/O: Anand Kumar,Near Gas Godam,Mohenpur,Nawabganj,Mohanpur,Bareilly,Uttar Pradesh,243123\", \"current_address_details\": {\"state\": \"Uttar Pradesh\", \"address\": \"C/O: Anand Kumar,Near Gas Godam,Mohenpur,Nawabganj,Mohanpur,Bareilly,Uttar Pradesh,243123\", \"pincode\": \"243123\", \"district_or_city\": \"Bareilly\", \"locality_or_post_office\": \"Mohanpur\"}, \"permanent_address_details\": {\"state\": \"Uttar Pradesh\", \"address\": \"C/O: Anand Kumar,Near Gas Godam,Mohenpur,Nawabganj,Mohanpur,Bareilly,Uttar Pradesh,243123\", \"pincode\": \"243123\", \"district_or_city\": \"Bareilly\", \"locality_or_post_office\": \"Mohanpur\"}}',NULL,'2026-01-20 17:08:31','{\"id\": \"KID260119223034742ENW6CKSEXOK74H\", \"status\": \"approval_pending\", \"actions\": [{\"id\": \"KIA260119223034750FLK8G2JK2N8SDF\", \"type\": \"digilocker\", \"status\": \"approval_pending\", \"details\": {\"pan\": {\"dob\": \"21/09/1986\", \"name\": \"AMIT KUMAR\", \"gender\": \"M\", \"id_number\": \"DALPK2916P\", \"document_type\": \"pan\", \"id_proof_type\": \"ID_PROOF\"}, \"aadhaar\": {\"dob\": \"21/09/1986\", \"name\": \"Amit Kumar\", \"image\": \"/9j/4AAQSkZJRgABAgAAAQABAAD/2wBDAAgGBgcGBQgHBwcJCQgKDBQNDAsLDBkSEw8UHRofHh0aHBwgJC4nICIsIxwcKDcpLDAxNDQ0Hyc5PTgyPC4zNDL/2wBDAQkJCQwLDBgNDRgyIRwhMjIyMjIyMjIyMjIyMjIyMjIyMjIyMjIyMjIyMjIyMjIyMjIyMjIyMjIyMjIyMjIyMjL/wAARCADIAKADASIAAhEBAxEB/8QAHwAAAQUBAQEBAQEAAAAAAAAAAAECAwQFBgcICQoL/8QAtRAAAgEDAwIEAwUFBAQAAAF9AQIDAAQRBRIhMUEGE1FhByJxFDKBkaEII0KxwRVS0fAkM2JyggkKFhcYGRolJicoKSo0NTY3ODk6Q0RFRkdISUpTVFVWV1hZWmNkZWZnaGlqc3R1dnd4eXqDhIWGh4iJipKTlJWWl5iZmqKjpKWmp6ipqrKztLW2t7i5usLDxMXGx8jJytLT1NXW19jZ2uHi4+Tl5ufo6erx8vP09fb3+Pn6/8QAHwEAAwEBAQEBAQEBAQAAAAAAAAECAwQFBgcICQoL/8QAtREAAgECBAQDBAcFBAQAAQJ3AAECAxEEBSExBhJBUQdhcRMiMoEIFEKRobHBCSMzUvAVYnLRChYkNOEl8RcYGRomJygpKjU2Nzg5OkNERUZHSElKU1RVVldYWVpjZGVmZ2hpanN0dXZ3eHl6goOEhYaHiImKkpOUlZaXmJmaoqOkpaanqKmqsrO0tba3uLm6wsPExcbHyMnK0tPU1dbX2Nna4uPk5ebn6Onq8vP09fb3+Pn6/9oADAMBAAIRAxEAPwDsMUm01Ps5pfLrnMSsQaac5FWjHURTmgRXIOaUip/LyKPL4pgQHhaqT3Sxg81JdzrCp5rm7q6aRzjOKQ0i3calgkA1nSX0jE/NWNfa/p9plXnEjjqsfzH/AArLfxdak/uYJCO+9lX+tOzZVjp/tEhP3jUiXUg71y8XimJiN8KKvc/aEyPwq3H4i0+RmXzSpXqSMj81yKOVjOmi1MqcE1pwXglUc1y8TrKodGVlPRlOQauQTGJxg8VIjqVG4Ag08LVOxvFcAE1qKoYZGDRYkg8ul21OU6UbKQiHFFTmMU3YM0AXd1Lkc0beKTZ71QxNxpjdak2GkMdADM4FMlfYhapimBXMeNdeTQNH3rtNzKSsKH17k+w/wHemtQMHxP4ogsZnhRhLcf3QflT/AHj/AE6/TOa861DV5tQdmurhyoPyxpwo/wA/ifeq7u1w7S3E5yxyWfkmqDFS3FaqNirFqN4+33j0qeWDC5jcOp6kQhj/AFx+dUooC7ABsE1fjjezDrO8qxtwVBOH/LIpgUlcgkFz+Sj9Km2RGHcJDvP/AEyUfqGz+lQTJDyYmDE/w88f5/GoVjOeY80tBmjp2q3emSnyZPkP3kJyD+f867zTdSi1GzWdcKTkMhOSK83EOFwVYH9KsWLvG7OCVRfvYpNJhY9VglMbhga6jT7kSRjmvNfD+sLep5Lv+9XpnqR/Wu80hSUHpWbVhM3CwxSA5pNvy05F96kkdTTUgUYppU0hFzNGaTBoxVDF3DpRn3pu00pHNAwJ4rwzx/rDan4quY926G0b7PGmCACpwxI9d2ee4A9K9rvpmtbG4uFTe0UbOFJxuwM4z2r5wvlk+0s8rM8jkszt1Ynkk1cARGkct06ggnngDpWxaaIGPzpkkdu1WNJsv3YfZ1/St6GMoR6VhVrNOyOmnTT1ZnweGYiNxOD7ZzVqHwxYqPmQsPetmI4421MATnHFcrqT6s29nHsYh8O6ehDJEBio5tMt1X/VLj6VuyOyLg4NZszsxOFNTzSfUfKjDuLGMKSE5+lcxeI9rMVH3WOcV27oWHIrn9XtM5bGa66M9dTGpFWMbT7x7W5SZDh0bI5r3jRPmtY3xjcoOK8Fgg/02Fc7QWHPpXvOkSxpbomQCAOBXTM5mbZPFNU4PSlHK5HSm45zWRJNuGKQsKjxxRQI0ARjGeaDjNRp0BpWNMofxSHFNGTQxOaAHEjaa8K8T6YE8X3EG3ajyFlx3B5r2q9vIrK0eeY4RfQZJPYV5Xr08N/4kguI94PlHKsMY5/+vRzWLhFsLaJIoQBjCjqT0q3HdafEoaSUZ6etVRbLMQJXKxjqM4zSPFo2dhnbPQANjP0z1/CuSyb1OrVLQ3reazuCBCQw+n9KvG2jj+6ynHXB6cZrlLR7GFwbSYjPTJ6/j0rcs7vchXDEngiokkiotsuyW8IXczBVJxk1lXk1nbMVkYA9elLqF8EUIQ2BwB0rnr64tpmLTswA6lT/AFohFMJNouz3tl5ReNt2PY1mStFcJleVNMjl09omkht5JYkxvcMWAz+AqRFtpj5lquAeoHatklEzu2YkFuItchTtvBFehWdyUmT5u9cW0RGt25yBkHk11OnwubqNWOQeRWzmtEZOm7NnoNpJ5kCk+lSHGarWqlIVFSknNMwJQaXjrUYpaAL8S5WnOmBUcD8U924+lMocijbSOuBQrcYpsrHbQBkeI4Vawgc8+XOHx6/Kw/rXBapAY7+zc4AkiZgMc9RXf69GZtLyCf3bh8AZz1H9c/hXBawQb23OcssW3HoMj/Cuaf8AEOqlb2Yl5Z/aYQkZ2/LyQKgl060u9Otbdo3tp7VyyssKyo+cEllYjceB1Jz3zWvabWjVjjJ9amkmWPhYwzVkpuOxrypoo3SWEGj22n21rvjgB2zSnLkkkngdOTnAJ/CmafHIj+ZJx6VbMEknzyc/yAqNMzzkA/InAApSlzDjGxT1SFppQ0bjeOaLaWCXS59Ou7ON4JOWEY2yZ9Q2f5g1PqMDJEZQMFajs41vYw6j8R2NOMnFBKNyqFENtPDa28xkuGLT3FzJ5kkhJzknA7k9u9QW+ni1yQuM9a21E0R2vhl9cc1DcSqQQeBR7ST3J5Ekc75QfXLRegLEZ/Cut0eLzbyFeAEyfqP8kVyTE/2lAcZIk7dehrv/AA/BiFpzn5jtXI9Op/Pj8K2teUSJStBnQogC0jDmlzxTGJzW5xDgKcBzUQb3qQNQBath8xFSutQWz5kNWGamUG3imSDin7s96jcjpmgBHiWSNkcZRhhge4NeYa1G1rf28Ui4Yblce4x/PNeoZ471zPjKxS50drxVbzrZg+V7rnBz7AEt7Y+tRKN9TSE7aHNwklQBWpBFuxnkmsm1wyDPSrb33kZ5GR71xyWtjtT0L1+E+y+UDgcbiB2zzVW2lhhfECApnnJHP0FZba0ZWIRSWJOMYPQc/j0qq8moTukwZEwpwAe5xjj8+vtTUH1FzrodFqFwLlcBY1HG4sNoA/KqNn5MF6JIhgbNrY4B5GPr3/OqN7LcPGFzsOOSzYI+nrVMancWyHzirgDll9aOV9A5u51k7I6buOaxLsZPB6VRj1lpnEeMcZFWJJQybjwKXK4sOZNGfbW0tzrMKQoWYZY47D1r0zTrb7NaRxE5KjJPuTk/zrk/CdtvvLm7J+VQI1+vU/0rtUJArsitEziqSbdiT86a30NLvqN5dpAx1qjMUD2NPxTFen7xQImt8+awqy2earW7ATsKnluI0zuYUyxRnFMIOearSataxKSXFZtx4nt0yEwTRYLG2eDVO8MDW0sNxtMcilGU8ggjBFc5ceJpnzsAFYmoa0+0vPNhfrTsOxDFi0upbUyFxGxCserL/CT+HX3zUOpL5nlFTklsBfX/ADiopCJtH/tWMNu87ZGT/wAtEHB/XP8A3z71m3OsI8QKZ/w6VzypvnujojP3bM1F0ucZcyspI5AOB9Knh0+3IIeUhvdulU7DXFmk2sxIbAUDnHqf8+lbJisLhQ0kikH3rNuUXqaRatoULiytUzmXJx3asx9PSV/lY7PQHrWzcadYQSiSJ1G4k9cjpVC+vYbZflZWb2o529EN2tqUEthFqCbuAASDnrxVq6uRHD7DpWOdUV51+b1zT7mVvsqX0vFt5whX3bBP9K1VNyauZc6SdjvvDd7awafHAXHmcsx9Sf8AOPwrp0kVxlGBryK2ulODHID9DW3Y63cWxGGLL6GtmjnseiU0oS2c9K5618VxMAJUwa1LfWbScnDAE+tImzLwFOAyajWeJujg/jUgZe1BJj3muLBcsIzk1kXOqzTEkuR+Ncne6+iyHyR5jf3j0rIuNXvbg8zFB6J8v8q3jSbLckjr7i+VFLSyhR/tNWNca7bx/cJkPtwK5xmZ8lnJJ65pgxWipLqS5mvJrdzckqGESY/h6n8a0/DHh1vEEs91dysbWAhcBuXbrjPbjH51zEZ5PrivSvhpcLJp9/ZkHKzLIT/vLgf+gH86VRcsboUXd6j/ABPawWOhQRQxLHDHIoVFGAMnH9a4W706dFaWIB4zyRjkV6r4t07z9JeMDleV/wB7HH64rk7FRJAkigbXUGvPnNw1OunFSVjircSo48lh16g/49Ksve3DKqqrkKfmA9u9dVceH4JctFiJz14yDWY+kahbOPLjVkz/AA01XjIPZuJh/wBo3EfysGKcgDPHXp+tNb7RNblXIDEgknt/nFay6ZeOykw7cdC3Y1ct/DyeX/pcnmd9i5x+dP2sIi5JM5mzspJ2CxrlM/NIen0r0S30mGfwrHbvGCkhVsH3IwfyxWcLFZHjt4k2qWACqK7MInleWoARSoUDoOc0lU59RTjy6Hmmu+FpNKSS7s5D5aEeYhPzLnoQe4/X69aw49VuE/jBx2I616N46nEGj3MQwvmiLBHf5jkY+i15YepOa7aXvR1Od6PQ27fXY2OJEKn1Fa1tfRy8xSgn681xWQDkU9JWUgqSPeqdJPYOc9Eh1CePGJDWnba/MhAc5FecQavcwn725fRhmta31yFyBJmM+vUVk6UkPmTMNjk9QKbu4xjvSsBntTQoHFdhkKSfSmHOSO9PwM9MUhXJ7igATjjr+PWvXPhpZNF4fkuZEUefcNsYDqigDn8Q1eRhfm6V794MsfsPg3SImJIkgE4YjHEhMg/9DrnxDtGxdNal7Urf7RaOmOq8fWvOI1+wajJauMQysXi/2T3X869Lv7y2sbOS5uZkigQ/NJIwAHoPqemK5G9sLfX7E31hMjoR5iEHkH+h9QelcE48yOmEuVkEUZcYqU2LMMbTUWmSC4UxudtxHw6/1rU2uO9cLunY61qZMmmHIJB4qGWAxgjgVtOXKkHpWNLMk9yLa3zJITglRnb/AIn2oV3ogegumx/v2lU8x9/f/OK6KziOUU+7k/oP61FbaWtnZIN3yg7mHqfetWyi3sZCu3dgBT1GB0/nXbCPLGxxzlzO55f8T7gjVbazHAEKyn0+84H9a4Bvc/pXZfEe4M/jG6iI4t0jiGe42h/5sa458Z9q9GkrQRzy3IuKcCQT60pCgdOtIR0FakCgnJzQWx/jSY55o785pAW8+1JnnkUE4PHSkIOSen1qwHBvYU4MCd1RlSeh4p4OwdOKAGlsOME/StC21zVbODybTU723j/uQ3DqB+RrPx379TRnPbFJpMLk808t3MZppHllx96Qlj+Zq9o+uahoV4LixkAc8OjrlHHoR6fTB9xWWW24IFP3ZU8UnFNWYXe56Ymr6ZrSR32nXMNlqC8tazuAQT1UHjevuOfUDpVmTxHHZ3X2W/RIpR1Mb7lP9R+IryfC7gSMEdaQkg8Hn1rkng4ye50QxDjoeywzQasVVpWitW/j+6ZSP4V9vf8AAd8Ovta0TQ7IolzBG2SDFb8njruwc5z6n6V44J5VIAdl4zwxqMZOCx68E0o4NR6inXcjsNV8f31yjQWQ8mE5IZuWINdN4X+I1ncwpbaswtbkZ/ff8s3Pv/dJ/LjqOBXk/GCvp0qMjL8HrW/sIWsZc7uaeuah/aetXt7vLiaZnQkYOwn5R+AwKzDyeaGDA9c00A555NapWViW7inn6U3OelDKfxo65oAC1AcDmm4OetKBz9aALRBzkGlyCCO9HKjvj3pvH0/CqAUZFK3QDFBHORQQeM8UCHAqARnFNPsaDyMk80Z47UAO3IRyfpzSDnkE8e1NC8dfwo6cZ/KgBSRnpzTCOcgHilxxzSYPP9KADeoByDn60g9RzTWGSaUKD3oGO5zyPwpuCDS8gc9PSm5yenegBDweTj8aOpzxn60HjqBTenINIB2c84ph3HpzRjvnNB6UCG44604HnrSYwOlB6ZGaQy9t+Vuf5U3BNJuyeOn1pOmeKoRLjntihQOeTUeSe/WhSfXH0oAfhew59qNox/Kmk89aOAQMg0ALgYByc0oCnBU8fSmfxECgcHvigAZR94Hmjg0h54BpDkUAOK5/GmjrtA5o3cc9aa5+YEHt2oAcQAME0w8dgKM855zQXzgsM0ABIIpduR2/OmnGcgfrTScdKQDtmcUhGOPSm5J5ApBndzRcBxHvQcFff60jY/Cm8HnjNICNZM46fhUylj91iKKKSKF3OO+acJCOAoooqhCib2H50qyEsvGD70UUAxxcbzlcE0bge5oooFYbkDqcUDbtPNFFMBDnPJyKa3B4HSiigBVBYUpHOTRRQK4mAeRik4xjBz9aKKQCAe9NbGRzzRRQCY4U0gYoooA//9k=\", \"gender\": \"M\", \"id_number\": \"xxxxxxxx3776\", \"document_type\": \"aadhaar\", \"id_proof_type\": \"ID_AND_ADDRESS_PROOF\", \"current_address\": \"C/O: Anand Kumar,Near Gas Godam,Mohenpur,Nawabganj,Mohanpur,Bareilly,Uttar Pradesh,243123\", \"last_refresh_date\": \"2026-01-19 22:31:37\", \"permanent_address\": \"C/O: Anand Kumar,Near Gas Godam,Mohenpur,Nawabganj,Mohanpur,Bareilly,Uttar Pradesh,243123\", \"current_address_details\": {\"state\": \"Uttar Pradesh\", \"address\": \"C/O: Anand Kumar,Near Gas Godam,Mohenpur,Nawabganj,Mohanpur,Bareilly,Uttar Pradesh,243123\", \"pincode\": \"243123\", \"district_or_city\": \"Bareilly\", \"locality_or_post_office\": \"Mohanpur\"}, \"permanent_address_details\": {\"state\": \"Uttar Pradesh\", \"address\": \"C/O: Anand Kumar,Near Gas Godam,Mohenpur,Nawabganj,Mohanpur,Bareilly,Uttar Pradesh,243123\", \"pincode\": \"243123\", \"district_or_city\": \"Bareilly\", \"locality_or_post_office\": \"Mohanpur\"}}}, \"action_ref\": \"digilocker-1\", \"retry_count\": 1, \"completed_at\": \"2026-01-19 22:33:27\", \"processing_done\": true, \"face_match_result\": {\"confidence\": 99, \"match_result\": \"matched\"}, \"face_match_status\": \"done\", \"validation_result\": [], \"face_match_obj_type\": \"match_required\", \"obj_analysis_status\": \"na\", \"execution_request_id\": \"RID260119223034750UXM32RPS19115V\"}, {\"id\": \"KIA260119223034750WKIXHVQ1SU63BK\", \"type\": \"selfie\", \"method\": \"otp_none\", \"status\": \"approval_pending\", \"file_id\": \"FIL260119223400895AMX6XHVUEZHS88\", \"action_ref\": \"selfie-1\", \"retry_count\": 1, \"completed_at\": \"2026-01-19 22:34:01\", \"processing_done\": true, \"face_match_status\": \"done\", \"validation_result\": {\"LIVENESS_CHECK\": {\"score\": 0.972485899925232, \"result\": \"PASS\"}}, \"face_match_obj_type\": \"source\", \"obj_analysis_status\": \"na\"}, {\"id\": \"KIA260119223034750LN8UGBQC3XEG26\", \"type\": \"image\", \"status\": \"approval_pending\", \"file_id\": \"FIL260119223418129UOQFQS23XAQ61M\", \"action_ref\": \"image-1\", \"rules_data\": {\"next_action_rules\": [{\"name\": \"\", \"passed\": true, \"condition\": [], \"terminate\": true, \"unique_id\": \"75a5112f-2f2d-4129-a2d1-6e50ea904a5c\", \"skip_message\": \"\", \"terminate_type\": \"SUCCESS\", \"skip_current_step\": false}], \"strict_validation_types\": [\"signature\"]}, \"retry_count\": 1, \"completed_at\": \"2026-01-19 22:34:18\", \"processing_done\": true, \"face_match_status\": \"done\", \"validation_result\": [], \"face_match_obj_type\": \"none\", \"obj_analysis_status\": \"na\"}], \"created_at\": \"2026-01-19 22:30:35\", \"updated_at\": \"2026-01-19 22:34:20\", \"template_id\": \"KTP260117173950282V63GYO2L5OGZGN\", \"reference_id\": \"KYC_1768842034\", \"auto_approved\": false, \"customer_name\": \"AMIT KUMAR\", \"workflow_name\": \"AadharPanVerify\", \"expire_in_days\": 1, \"transaction_id\": \"KYC_1768842034\", \"customer_identifier\": \"9286970120\", \"reminder_registered\": false}','2026-01-19 17:00:34','2026-01-19 17:08:31'),(4,33,'KID260121204445655C5N94EI65KGJ65','saket','9286970120','saket@gmail.com','KYC_1769008485','KYC_1769008485','initiated','\"{\\\"type\\\":\\\"re-kyc\\\"}\"',NULL,NULL,NULL,'\"{\\\"id\\\":\\\"KID260121204445655C5N94EI65KGJ65\\\",\\\"created_at\\\":\\\"2026-01-21 20:44:45\\\",\\\"status\\\":\\\"requested\\\",\\\"customer_identifier\\\":\\\"9286970120\\\",\\\"reference_id\\\":\\\"KYC_1769008485\\\",\\\"transaction_id\\\":\\\"KYC_1769008485\\\",\\\"customer_name\\\":\\\"saket\\\",\\\"expire_in_days\\\":1,\\\"reminder_registered\\\":false,\\\"access_token\\\":{\\\"entity_id\\\":\\\"KID260121204445655C5N94EI65KGJ65\\\",\\\"id\\\":\\\"GWT260121204445672LSHQOZF23P1TTS\\\",\\\"valid_till\\\":\\\"2026-01-22 20:44:45\\\",\\\"created_at\\\":\\\"2026-01-21 20:44:45\\\"},\\\"workflow_name\\\":\\\"AadharPanVerify\\\",\\\"auto_approved\\\":false,\\\"template_id\\\":\\\"KTP260117173950282V63GYO2L5OGZGN\\\"}\"','2026-01-21 15:14:45','2026-01-21 15:14:45'),(6,35,'KID2601271210203333YK8PHUBPY8REM','Amit kumar','9286970120','amita.amitsahu@gmail.com','KYC_1769496020','KYC_1769496020','requested','\"{\\\"type\\\":\\\"re-kyc\\\"}\"',NULL,NULL,'2026-01-28 08:04:01','{\"id\": \"KID2601271210203333YK8PHUBPY8REM\", \"status\": \"requested\", \"actions\": [{\"id\": \"KIA2601271210203343IA1HV8FKNHQAR\", \"type\": \"digilocker\", \"status\": \"requested\", \"details\": [], \"action_ref\": \"digilocker-1\", \"retry_count\": 0, \"processing_done\": false, \"face_match_status\": \"new\", \"validation_result\": [], \"face_match_obj_type\": \"match_required\", \"obj_analysis_status\": \"na\", \"execution_request_id\": \"RID260127121020334KZANWTLBOQNRVE\"}, {\"id\": \"KIA260127121020334E5WLNZER4JQLZP\", \"type\": \"selfie\", \"method\": \"otp_none\", \"status\": \"requested\", \"action_ref\": \"selfie-1\", \"retry_count\": 0, \"processing_done\": false, \"face_match_status\": \"new\", \"validation_result\": [], \"face_match_obj_type\": \"source\", \"obj_analysis_status\": \"na\"}, {\"id\": \"KIA260127121020334HQ4SIIDI1FM7ZG\", \"type\": \"image\", \"status\": \"requested\", \"action_ref\": \"image-1\", \"rules_data\": {\"next_action_rules\": [{\"name\": \"\", \"condition\": [], \"terminate\": true, \"unique_id\": \"75a5112f-2f2d-4129-a2d1-6e50ea904a5c\", \"skip_message\": \"\", \"terminate_type\": \"SUCCESS\", \"skip_current_step\": false}], \"strict_validation_types\": [\"signature\"]}, \"retry_count\": 0, \"processing_done\": false, \"face_match_status\": \"na\", \"validation_result\": [], \"face_match_obj_type\": \"none\", \"obj_analysis_status\": \"na\"}], \"created_at\": \"2026-01-27 12:10:20\", \"updated_at\": \"2026-01-27 12:10:20\", \"template_id\": \"KTP260117173950282V63GYO2L5OGZGN\", \"reference_id\": \"KYC_1769496020\", \"auto_approved\": false, \"customer_name\": \"Amit kumar\", \"workflow_name\": \"AadharPanVerify\", \"expire_in_days\": 1, \"transaction_id\": \"KYC_1769496020\", \"customer_identifier\": \"9286970120\", \"reminder_registered\": false}','2026-01-27 06:40:20','2026-01-27 08:04:01'),(7,35,'KID26012713340711921H5UFRWIT71LP','Amit kumar','9286970120','amita.amitsahu@gmail.com','KYC_1769501046','KYC_1769501046','requested','\"{\\\"type\\\":\\\"re-kyc\\\"}\"',NULL,NULL,'2026-01-28 10:52:24','{\"id\": \"KID26012713340711921H5UFRWIT71LP\", \"status\": \"requested\", \"actions\": [{\"id\": \"KIA2601271334071203WQRFID133CLQC\", \"type\": \"digilocker\", \"status\": \"requested\", \"details\": [], \"action_ref\": \"digilocker-1\", \"retry_count\": 0, \"processing_done\": false, \"face_match_status\": \"new\", \"validation_result\": [], \"face_match_obj_type\": \"match_required\", \"obj_analysis_status\": \"na\", \"execution_request_id\": \"RID260127133407120PJVECA8BEZNDWC\"}, {\"id\": \"KIA260127133407121UUZYLGEA7U85CR\", \"type\": \"selfie\", \"method\": \"otp_none\", \"status\": \"requested\", \"action_ref\": \"selfie-1\", \"retry_count\": 0, \"processing_done\": false, \"face_match_status\": \"new\", \"validation_result\": [], \"face_match_obj_type\": \"source\", \"obj_analysis_status\": \"na\"}, {\"id\": \"KIA2601271334071217HGKNAARCAJPOZ\", \"type\": \"image\", \"status\": \"requested\", \"action_ref\": \"image-1\", \"rules_data\": {\"next_action_rules\": [{\"name\": \"\", \"condition\": [], \"terminate\": true, \"unique_id\": \"75a5112f-2f2d-4129-a2d1-6e50ea904a5c\", \"skip_message\": \"\", \"terminate_type\": \"SUCCESS\", \"skip_current_step\": false}], \"strict_validation_types\": [\"signature\"]}, \"retry_count\": 0, \"processing_done\": false, \"face_match_status\": \"na\", \"validation_result\": [], \"face_match_obj_type\": \"none\", \"obj_analysis_status\": \"na\"}], \"created_at\": \"2026-01-27 13:34:07\", \"updated_at\": \"2026-01-27 13:34:07\", \"template_id\": \"KTP260117173950282V63GYO2L5OGZGN\", \"reference_id\": \"KYC_1769501046\", \"auto_approved\": false, \"customer_name\": \"Amit kumar\", \"workflow_name\": \"AadharPanVerify\", \"expire_in_days\": 1, \"transaction_id\": \"KYC_1769501046\", \"customer_identifier\": \"9286970120\", \"reminder_registered\": false}','2026-01-27 08:04:07','2026-01-27 10:52:24'),(8,35,'KID260127162229685PT19L2Y1GK5ZNR','Amit kumar','9286970120','amita.amitsahu@gmail.com','KYC_1769511149','KYC_1769511149','requested','\"{\\\"type\\\":\\\"re-kyc\\\"}\"',NULL,NULL,'2026-01-28 11:23:26','{\"id\": \"KID260127162229685PT19L2Y1GK5ZNR\", \"status\": \"requested\", \"actions\": [{\"id\": \"KIA260127162229686LWU5UZ6YQJQ75G\", \"type\": \"digilocker\", \"status\": \"requested\", \"details\": [], \"action_ref\": \"digilocker-1\", \"retry_count\": 0, \"processing_done\": false, \"face_match_status\": \"new\", \"validation_result\": [], \"face_match_obj_type\": \"match_required\", \"obj_analysis_status\": \"na\", \"execution_request_id\": \"RID260127162229686OHB41IHQIJBM5V\"}, {\"id\": \"KIA260127162229686W9JM5DTHXXVLZ4\", \"type\": \"selfie\", \"method\": \"otp_none\", \"status\": \"requested\", \"action_ref\": \"selfie-1\", \"retry_count\": 0, \"processing_done\": false, \"face_match_status\": \"new\", \"validation_result\": [], \"face_match_obj_type\": \"source\", \"obj_analysis_status\": \"na\"}, {\"id\": \"KIA260127162229686DO1KN5273P1H86\", \"type\": \"image\", \"status\": \"requested\", \"action_ref\": \"image-1\", \"rules_data\": {\"next_action_rules\": [{\"name\": \"\", \"condition\": [], \"terminate\": true, \"unique_id\": \"75a5112f-2f2d-4129-a2d1-6e50ea904a5c\", \"skip_message\": \"\", \"terminate_type\": \"SUCCESS\", \"skip_current_step\": false}], \"strict_validation_types\": [\"signature\"]}, \"retry_count\": 0, \"processing_done\": false, \"face_match_status\": \"na\", \"validation_result\": [], \"face_match_obj_type\": \"none\", \"obj_analysis_status\": \"na\"}], \"created_at\": \"2026-01-27 16:22:30\", \"updated_at\": \"2026-01-27 16:22:29\", \"template_id\": \"KTP260117173950282V63GYO2L5OGZGN\", \"reference_id\": \"KYC_1769511149\", \"auto_approved\": false, \"customer_name\": \"Amit kumar\", \"workflow_name\": \"AadharPanVerify\", \"expire_in_days\": 1, \"transaction_id\": \"KYC_1769511149\", \"customer_identifier\": \"9286970120\", \"reminder_registered\": false}','2026-01-27 10:52:29','2026-01-27 11:23:26'),(9,17,'KID2601290955418807G5K1S56AT8I9D','sharad','9286970155','bhaisaniyasharad@gmail.com','KYC_1769660741','KYC_1769660741','requested','\"{\\\"type\\\":\\\"re-kyc\\\"}\"',NULL,NULL,'2026-01-30 04:25:49','{\"id\": \"KID2601290955418807G5K1S56AT8I9D\", \"status\": \"requested\", \"actions\": [{\"id\": \"KIA260129095541884U74FP947S45UAE\", \"type\": \"digilocker\", \"status\": \"requested\", \"details\": [], \"action_ref\": \"digilocker-1\", \"retry_count\": 0, \"processing_done\": false, \"face_match_status\": \"new\", \"validation_result\": [], \"face_match_obj_type\": \"match_required\", \"obj_analysis_status\": \"na\", \"execution_request_id\": \"RID260129095541884P43Q13QZMBOW8O\"}, {\"id\": \"KIA260129095541884AXOD1WH7JB47U6\", \"type\": \"selfie\", \"method\": \"otp_none\", \"status\": \"requested\", \"action_ref\": \"selfie-1\", \"retry_count\": 0, \"processing_done\": false, \"face_match_status\": \"new\", \"validation_result\": [], \"face_match_obj_type\": \"source\", \"obj_analysis_status\": \"na\"}, {\"id\": \"KIA260129095541885ACYOBOCVIOSJC8\", \"type\": \"image\", \"status\": \"requested\", \"action_ref\": \"image-1\", \"rules_data\": {\"next_action_rules\": [{\"name\": \"\", \"condition\": [], \"terminate\": true, \"unique_id\": \"75a5112f-2f2d-4129-a2d1-6e50ea904a5c\", \"skip_message\": \"\", \"terminate_type\": \"SUCCESS\", \"skip_current_step\": false}], \"strict_validation_types\": [\"signature\"]}, \"retry_count\": 0, \"processing_done\": false, \"face_match_status\": \"na\", \"validation_result\": [], \"face_match_obj_type\": \"none\", \"obj_analysis_status\": \"na\"}], \"created_at\": \"2026-01-29 09:55:42\", \"updated_at\": \"2026-01-29 09:55:41\", \"template_id\": \"KTP260117173950282V63GYO2L5OGZGN\", \"reference_id\": \"KYC_1769660741\", \"auto_approved\": false, \"customer_name\": \"sharad\", \"workflow_name\": \"AadharPanVerify\", \"expire_in_days\": 1, \"transaction_id\": \"KYC_1769660741\", \"customer_identifier\": \"9286970155\", \"reminder_registered\": false}','2026-01-29 04:25:41','2026-01-29 04:25:49');
/*!40000 ALTER TABLE `kyc_verifications` ENABLE KEYS */;
UNLOCK TABLES;

--
-- Table structure for table `marquees`
--

DROP TABLE IF EXISTS `marquees`;
/*!40101 SET @saved_cs_client     = @@character_set_client */;
/*!50503 SET character_set_client = utf8mb4 */;
CREATE TABLE `marquees` (
  `id` bigint unsigned NOT NULL AUTO_INCREMENT,
  `title` varchar(255) COLLATE utf8mb4_unicode_ci DEFAULT NULL,
  `description` varchar(255) COLLATE utf8mb4_unicode_ci DEFAULT NULL,
  `content` text COLLATE utf8mb4_unicode_ci NOT NULL,
  `is_active` tinyint(1) NOT NULL DEFAULT '1',
  `start_at` timestamp NULL DEFAULT NULL,
  `end_at` timestamp NULL DEFAULT NULL,
  `display_order` int NOT NULL DEFAULT '1',
  `created_by` bigint unsigned DEFAULT NULL,
  `updated_by` bigint unsigned DEFAULT NULL,
  `created_at` timestamp NULL DEFAULT NULL,
  `updated_at` timestamp NULL DEFAULT NULL,
  PRIMARY KEY (`id`)
) ENGINE=InnoDB AUTO_INCREMENT=8 DEFAULT CHARSET=utf8mb4 COLLATE=utf8mb4_unicode_ci;
/*!40101 SET character_set_client = @saved_cs_client */;

--
-- Dumping data for table `marquees`
--

LOCK TABLES `marquees` WRITE;
/*!40000 ALTER TABLE `marquees` DISABLE KEYS */;
INSERT INTO `marquees` VALUES (4,'Disclaimer:',NULL,'This website is for informational purposes only. We do not provide any financial, legal, or investment advice. Please consult a professional before making any decisions. ⚠️ Important: All information provided on this website is for general educational purposes only. • Investing in financial markets involves risks. Always consult with a professional advisor. • Past performance is not indicative of future results. Use this data at your own discretion. • BSMR does not take responsibility for any financial losses incurred using our tools or advice.',1,NULL,NULL,1,1,1,'2026-01-17 17:27:49','2026-01-20 10:45:49'),(7,'Starting soon',NULL,'Soon we are going to launch our services. stay with us.',1,NULL,NULL,1,1,NULL,'2026-01-23 13:08:01','2026-01-23 13:08:01');
/*!40000 ALTER TABLE `marquees` ENABLE KEYS */;
UNLOCK TABLES;

--
-- Table structure for table `media`
--

DROP TABLE IF EXISTS `media`;
/*!40101 SET @saved_cs_client     = @@character_set_client */;
/*!50503 SET character_set_client = utf8mb4 */;
CREATE TABLE `media` (
  `id` bigint unsigned NOT NULL AUTO_INCREMENT,
  `uuid` char(36) COLLATE utf8mb4_unicode_ci DEFAULT NULL,
  `model_type` varchar(255) COLLATE utf8mb4_unicode_ci NOT NULL,
  `model_id` bigint unsigned NOT NULL,
  `collection_name` varchar(255) COLLATE utf8mb4_unicode_ci NOT NULL,
  `name` varchar(255) COLLATE utf8mb4_unicode_ci NOT NULL,
  `file_name` varchar(255) COLLATE utf8mb4_unicode_ci NOT NULL,
  `mime_type` varchar(255) COLLATE utf8mb4_unicode_ci DEFAULT NULL,
  `disk` varchar(255) COLLATE utf8mb4_unicode_ci NOT NULL,
  `conversions_disk` varchar(255) COLLATE utf8mb4_unicode_ci DEFAULT NULL,
  `size` bigint unsigned NOT NULL,
  `manipulations` longtext CHARACTER SET utf8mb4 COLLATE utf8mb4_bin NOT NULL,
  `custom_properties` longtext CHARACTER SET utf8mb4 COLLATE utf8mb4_bin NOT NULL,
  `generated_conversions` longtext CHARACTER SET utf8mb4 COLLATE utf8mb4_bin NOT NULL,
  `responsive_images` longtext CHARACTER SET utf8mb4 COLLATE utf8mb4_bin NOT NULL,
  `order_column` int unsigned DEFAULT NULL,
  `created_at` timestamp NULL DEFAULT NULL,
  `updated_at` timestamp NULL DEFAULT NULL,
  PRIMARY KEY (`id`),
  KEY `media_model_type_model_id_index` (`model_type`,`model_id`),
  CONSTRAINT `media_chk_1` CHECK (json_valid(`manipulations`)),
  CONSTRAINT `media_chk_2` CHECK (json_valid(`custom_properties`)),
  CONSTRAINT `media_chk_3` CHECK (json_valid(`generated_conversions`)),
  CONSTRAINT `media_chk_4` CHECK (json_valid(`responsive_images`))
) ENGINE=InnoDB AUTO_INCREMENT=158 DEFAULT CHARSET=utf8mb4 COLLATE=utf8mb4_unicode_ci;
/*!40101 SET character_set_client = @saved_cs_client */;

--
-- Dumping data for table `media`
--

LOCK TABLES `media` WRITE;
/*!40000 ALTER TABLE `media` DISABLE KEYS */;
INSERT INTO `media` VALUES (1,'2724f930-0a4f-45b8-a17c-86f4ccd20b78','App\\Models\\Blog',1,'thumbnail','download (1)','download-(1).jpg','image/jpeg','public','public',1923,'[]','[]','[]','[]',1,'2025-12-05 05:55:55','2025-12-05 05:55:55'),(9,'20684c9f-62d7-46a1-be80-f86f6a543dd0','App\\Models\\User',20,'profile_images','profile_image_20','metawishlogo.png','image/png','public','public',3370,'[]','[]','{\"thumb\":true,\"medium\":true}','[]',1,'2025-12-06 02:16:17','2025-12-06 02:16:18'),(16,'7bf8b4ce-51eb-4af8-9189-da99476daa90','App\\Models\\Package',1,'image','1752822925_VEDARO Logo png (1)','1752822925_VEDARO-Logo-png-(1).png','image/png','public','public',50491,'[]','[]','[]','[]',1,'2025-12-09 04:14:38','2025-12-09 04:14:38'),(17,'b30ab910-8e04-4d72-b66c-fb7035fa56a2','App\\Models\\Package',3,'image','chain-784422_1280','chain-784422_1280.jpg','image/jpeg','public','public',342328,'[]','[]','[]','[]',1,'2025-12-09 04:46:31','2025-12-09 04:46:31'),(18,'371dad93-7140-44c3-a495-c51fcb32082e','App\\Models\\Package',5,'image','download (2)','download-(2).jpg','image/jpeg','public','public',3878,'[]','[]','[]','[]',1,'2025-12-09 05:46:40','2025-12-09 05:46:40'),(19,'745989c9-24af-4450-baf4-e4f6288b5132','App\\Models\\HeroBanner',0,'global_media','Black-Dal-Makhani-1024x683','Black-Dal-Makhani-1024x683.webp','image/webp','public','public',94178,'[]','[]','[]','[]',1,'2025-12-12 05:58:33','2025-12-12 05:58:33'),(23,'13f6fdca-3705-4dae-bdb0-7bfb9e6fe94e','App\\Models\\HeroBanner',0,'global_media','1752822925_VEDARO Logo png (1)','1752822925_VEDARO-Logo-png-(1).png','image/png','public','public',50491,'[]','[]','[]','[]',2,'2025-12-12 06:06:01','2025-12-12 06:06:01'),(43,'9fd04514-e7a3-4bcf-8552-8e806a505671','App\\Models\\Review',2,'review_images','bangles','bangles.png','image/png','public','public',1332841,'[]','[]','[]','[]',1,'2025-12-15 02:36:47','2025-12-15 02:36:47'),(44,'785ef3d0-0014-437d-8b0a-f3a185574902','App\\Models\\Review',3,'review_images','Screenshot (6)','Screenshot-(6).png','image/png','public','public',254907,'[]','[]','[]','[]',1,'2025-12-15 02:45:58','2025-12-15 02:45:58'),(45,'7cf865c9-2fe2-4eb9-8b81-e985ef13991e','App\\Models\\Review',4,'review_images','50','50.jpg','image/jpeg','public','public',1731,'[]','[]','[]','[]',1,'2025-12-15 02:47:06','2025-12-15 02:47:06'),(49,'96bcf4c1-5a90-4038-917f-4734c46f1123','App\\Models\\HowItWorksStep',1,'how_it_works_step','kanchanara-dVAW3YDHtSw-unsplash','step_1_1765796719.jpg','image/jpeg','public','public',378250,'[]','[]','[]','[]',1,'2025-12-15 05:35:19','2025-12-15 05:35:19'),(60,'7d726796-7d06-4393-a15b-3753a658a38d','App\\Models\\HeroBanner',11,'mobile_background','1752822925_VEDARO Logo png (1)','1752822925_VEDARO-Logo-png-(1).png','image/png','public','public',50491,'[]','[]','[]','[]',2,'2025-12-16 01:04:47','2025-12-16 01:04:47'),(75,'5aa87036-22ab-487b-9004-407088d54d38','App\\Models\\Review',6,'review_images','stock-market-6693060_1280','stock-market-6693060_1280.jpg','image/jpeg','public','public',268936,'[]','[]','[]','[]',1,'2025-12-16 02:11:26','2025-12-16 02:11:26'),(86,'d1209fc7-5d49-4415-a311-a2edbf34cf01','App\\Models\\User',2,'profile_images','profile_image_2','chain-784422_1280.jpg','image/jpeg','public','public',342328,'[]','[]','{\"thumb\":true,\"medium\":true}','[]',1,'2025-12-30 06:28:53','2025-12-30 06:28:53'),(87,'6eb19eb9-fc1c-4a64-bfe3-eb5de3e9b18f','App\\Models\\WhyChooseSection',1,'why_choose_image','markus','markus.jpg','image/jpeg','public','public',940991,'[]','[]','[]','[]',1,'2026-01-01 07:02:50','2026-01-01 07:02:50'),(97,'8f176d29-f389-4d67-809c-cbaee76e46fb','App\\Models\\HeroBanner',9,'mobile_background','—Pngtree—online stock exchange market app_19871133','—Pngtree—online-stock-exchange-market-app_19871133.jpg','image/jpeg','public','public',903005,'[]','[]','[]','[]',2,'2026-01-06 17:11:13','2026-01-06 17:11:13'),(98,'d8be45f8-a8f7-43be-a5dd-2aef8d2908d7','App\\Models\\HeroBanner',10,'background','—Pngtree—person analyzing stock market data_19781914 (1)','—Pngtree—person-analyzing-stock-market-data_19781914-(1).jpg','image/jpeg','public','public',770032,'[]','[]','[]','[]',1,'2026-01-06 17:12:13','2026-01-06 17:12:13'),(100,'347aeac5-4cf5-4799-9f61-f431756fa1a9','App\\Models\\HeroBanner',12,'mobile_background','home_banner','home_banner.png','image/png','public','public',287054,'[]','[]','[]','[]',4,'2026-01-08 04:53:08','2026-01-08 04:53:08'),(101,'545f7fa6-3442-4a71-b1f8-78b931579f9a','App\\Models\\HeroBanner',12,'background','home_banner','home_banner.png','image/png','public','public',287054,'[]','[]','[]','[]',5,'2026-01-08 04:53:56','2026-01-08 04:53:56'),(102,'d27a60f7-fdfe-4d97-9d7b-1817bf5c6581','App\\Models\\PageSection',1,'desktop','bangles','bangles.png','image/png','public','public',1332841,'[]','[]','[]','[]',3,'2026-01-08 05:00:00','2026-01-08 05:00:00'),(103,'56aa8ca4-7459-4e47-8b4d-460ca0d343c7','App\\Models\\PageSection',1,'mobile','chain-784422_1280','chain-784422_1280.jpg','image/jpeg','public','public',342328,'[]','[]','[]','[]',4,'2026-01-08 05:00:00','2026-01-08 05:00:00'),(105,'2c49aab2-b46f-4b63-815f-2f6f04d76675','App\\Models\\HowItWorksStep',3,'how_it_works_step','8e2039cd82c06d0f6e7c08c9eaaf8f6338a955f5','step_3_1767875034.png','image/png','public','public',138432,'[]','[]','[]','[]',1,'2026-01-08 12:23:54','2026-01-08 12:23:54'),(106,'92233a97-ec41-4211-9e43-304d8c30974a','App\\Models\\HowItWorksStep',2,'how_it_works_step','ChatGPT Image Jan 8, 2026, 06_08_22 PM','step_2_1767877660.png','image/png','public','public',572207,'[]','[]','[]','[]',1,'2026-01-08 13:07:40','2026-01-08 13:07:40'),(107,'5c0535f1-78c8-4541-9c3e-0ee1b3c7c173','App\\Models\\HowItWorksStep',4,'how_it_works_step','3230cfd1a5d73e62771db280693ac5ddd8367432','step_4_1767877972.png','image/png','public','public',372068,'[]','[]','[]','[]',1,'2026-01-08 13:12:52','2026-01-08 13:12:52'),(108,'89a6c463-926a-4c17-b098-5dd7530f5e86','App\\Models\\HowItWorksStep',5,'how_it_works_step','ea6c7c6637a5e2e464e4932130409389c4567c02','step_5_1767877972.png','image/png','public','public',229757,'[]','[]','[]','[]',1,'2026-01-08 13:12:52','2026-01-08 13:12:52'),(115,'6e59f8b4-99a4-4aff-9e81-144c2269cf04','App\\Models\\AboutWhyPlatformSection',1,'why_platform_image','4a43ed6ca35ab71a73284c7fa9da7c5470fbdaec','4a43ed6ca35ab71a73284c7fa9da7c5470fbdaec.jpg','image/jpeg','public','public',101394,'[]','[]','[]','[]',1,'2026-01-09 06:30:48','2026-01-09 06:30:48'),(121,'00c0aa3f-338b-4a9a-90cb-54c93403bd22','App\\Models\\DownloadAppSection',1,'image','ChatGPT Image Jan 9, 2026, 12_40_53 PM','ChatGPT-Image-Jan-9,-2026,-12_40_53-PM.webp','image/webp','public','public',383638,'[]','[]','[]','[]',1,'2026-01-09 07:18:17','2026-01-09 07:18:17'),(126,'b5fba397-911b-49d3-8810-7e35eee39965','App\\Models\\HomeKeyFeatureItem',24,'feature_images','7c77344e9fb9b07caf998c80cca7152a44b8845e (2)','7c77344e9fb9b07caf998c80cca7152a44b8845e-(2).png','image/png','public','public',318799,'[]','[]','[]','[]',1,'2026-01-09 07:35:26','2026-01-09 07:35:26'),(127,'6977240f-54db-4bc8-813f-1f97ae391ede','App\\Models\\HomeKeyFeatureItem',25,'feature_images','736b83f7a4fab9c40d8be54fbf6f4a0934c0fea8 (1)','736b83f7a4fab9c40d8be54fbf6f4a0934c0fea8-(1).png','image/png','public','public',230894,'[]','[]','[]','[]',1,'2026-01-09 07:35:44','2026-01-09 07:35:44'),(128,'3621daaf-c682-450b-9de3-1fabd66d7d71','App\\Models\\HomeKeyFeatureItem',26,'feature_images','7cc6232188b8153ef33f93476a5c42b183242a10 (1)','7cc6232188b8153ef33f93476a5c42b183242a10-(1).png','image/png','public','public',260090,'[]','[]','[]','[]',1,'2026-01-09 07:35:59','2026-01-09 07:35:59'),(129,'de96697b-312b-406a-8f0d-fdc7dac9304e','App\\Models\\Blog',4,'thumbnail','b1c169ada0afe99ee71c719b16aff5bec86fc635','b1c169ada0afe99ee71c719b16aff5bec86fc635.jpg','image/jpeg','public','public',59757,'[]','[]','[]','[]',1,'2026-01-09 08:14:27','2026-01-09 08:14:27'),(130,'c6216c98-04cb-4f3c-99cc-6f210ebc33df','App\\Models\\Blog',3,'thumbnail','e7ce9c05efd8c425c557f811dc836086c06227a7','e7ce9c05efd8c425c557f811dc836086c06227a7.jpg','image/jpeg','public','public',85383,'[]','[]','[]','[]',1,'2026-01-09 08:16:35','2026-01-09 08:16:35'),(131,'6a1e0fe0-e585-4c69-a1b0-239d330c1cfb','App\\Models\\Blog',2,'thumbnail','45be8c3383a7b2a3ef318ad0ebe24ab29dd3c070','45be8c3383a7b2a3ef318ad0ebe24ab29dd3c070.jpg','image/jpeg','public','public',440707,'[]','[]','[]','[]',1,'2026-01-09 08:21:03','2026-01-09 08:21:03'),(132,'d72fc251-ebdf-4317-9935-9663d38e1d35','App\\Models\\OfferBanner',1,'offer_banner_desktop','1723523618003','1723523618003.png','image/png','public','public',596265,'[]','[]','{\"web\":true,\"mobile\":true,\"thumb\":true}','[]',1,'2026-01-13 06:53:55','2026-01-13 06:53:56'),(133,'29544356-0631-4dec-bf70-3d100a51783a','App\\Models\\OfferBanner',1,'offer_banner_mobile','1723523618003','1723523618003.png','image/png','public','public',596265,'[]','[]','{\"web\":true,\"mobile\":true,\"thumb\":true}','[]',2,'2026-01-13 06:53:56','2026-01-13 06:53:57'),(134,'f2900b6f-b418-4982-a203-d3d3944ff42f','App\\Models\\HeroBanner',8,'background','istockphoto-2189341260-612x612','istockphoto-2189341260-612x612.jpg','image/jpeg','public','public',17462,'[]','[]','[]','[]',1,'2026-01-13 07:03:22','2026-01-13 07:03:22'),(135,'7c408841-ec67-4ca2-9217-8f88d0a7973d','App\\Models\\HeroBanner',8,'mobile_background','istockphoto-2189341260-612x612','istockphoto-2189341260-612x612.jpg','image/jpeg','public','public',17462,'[]','[]','[]','[]',2,'2026-01-13 07:03:22','2026-01-13 07:03:22'),(136,'62f5ae47-6d5a-4e4e-8733-68de1228821d','App\\Models\\News',1,'thumbnail','markus','markus.jpg','image/jpeg','public','public',940991,'[]','[]','[]','[]',1,'2026-01-13 10:38:32','2026-01-13 10:38:32'),(138,'ab872802-f3ad-4edd-bd63-722e4a3c76fc','App\\Models\\HeroBanner',9,'background','—Pngtree—online stock exchange market app_19871133 (2)','—Pngtree—online-stock-exchange-market-app_19871133-(2).jpg','image/jpeg','public','public',903005,'[]','[]','[]','[]',3,'2026-01-13 17:12:56','2026-01-13 17:12:56'),(141,'fb2a902c-5f1c-4f90-a3c5-a8a3c5872927','App\\Models\\HeroBanner',11,'background','ChatGPT Image Jan 3, 2026, 12_38_53 PM','ChatGPT-Image-Jan-3,-2026,-12_38_53-PM.png','image/png','public','public',2464076,'[]','[]','[]','[]',3,'2026-01-13 17:16:21','2026-01-13 17:16:21'),(142,'4b94c43c-27a9-4c9c-a156-8bb1c514a738','App\\Models\\HeroBanner',2,'background','pngtree-live-stock-market-data-on-screen-background-image_20716580','pngtree-live-stock-market-data-on-screen-background-image_20716580.webp','image/webp','public','public',23440,'[]','[]','[]','[]',1,'2026-01-13 17:17:15','2026-01-13 17:17:15'),(144,'ec8109cd-2d0c-49b1-9c36-3b66f4b3ad76','App\\Models\\OfferBanner',2,'offer_banner_desktop','Gemini_Generated_Image_lbbarelbbarelbba','Gemini_Generated_Image_lbbarelbbarelbba.png','image/png','public','public',1374085,'[]','[]','{\"web\":true,\"mobile\":true,\"thumb\":true}','[]',1,'2026-01-14 07:25:30','2026-01-14 07:25:31'),(145,'5d83bebd-5658-4e44-8752-5f12efbed0a2','App\\Models\\OfferBanner',2,'offer_banner_mobile','Gemini_Generated_Image_cbdphpcbdphpcbdp','Gemini_Generated_Image_cbdphpcbdphpcbdp.png','image/png','public','public',1373102,'[]','[]','{\"web\":true,\"mobile\":true,\"thumb\":true}','[]',2,'2026-01-14 07:25:31','2026-01-14 07:25:32'),(146,'96e0eb14-eb4f-440a-8cb6-8f7bacf51b0c','App\\Models\\Blog',5,'thumbnail','Hierarchical-Tree-Structure-In-HTML-CSS','Hierarchical-Tree-Structure-In-HTML-CSS.png','image/png','public','public',83422,'[]','[]','[]','[]',1,'2026-01-14 19:44:48','2026-01-14 19:44:48'),(148,'9e7297f6-7fa5-4bd3-847d-75c9efafdcd7','App\\Models\\Blog',7,'thumbnail','6','6.jpg','image/jpeg','public','public',171733,'[]','[]','[]','[]',1,'2026-01-17 17:18:06','2026-01-17 17:18:06'),(150,'250c1c08-9eeb-47fe-a1e4-c35627e1acff','App\\Models\\HeroBanner',20,'background','u-turn','u-turn.webp','image/webp','public','public',16300,'[]','[]','[]','[]',1,'2026-01-18 09:34:39','2026-01-18 09:34:39'),(151,'85581007-cc43-43dd-a321-c515e7eec2be','App\\Models\\User',1,'profile_image','coinstash-australia','coinstash-australia.jpg','image/jpeg','public','public',236761,'[]','[]','[]','[]',3,'2026-01-19 11:32:33','2026-01-19 11:32:33'),(153,'87ba6c60-6087-4c70-bdac-bb4bb0a8d6d2','App\\Models\\User',1,'profile_images','profile_image_1','viktor-forgacs.jpg','image/jpeg','public','public',176602,'[]','[]','[]','[]',4,'2026-01-21 12:08:04','2026-01-21 12:08:04'),(156,'1495d5a0-a541-41a7-bf2a-dcbecc8b6a13','App\\Models\\OfferBanner',3,'offer_banner_desktop','happy-republic-day-wishes-and-patriotic-quotes-with-the-indian-national-flag-background-sr25012507-cover','happy-republic-day-wishes-and-patriotic-quotes-with-the-indian-national-flag-background-sr25012507-cover.webp','image/webp','public','public',160944,'[]','[]','[]','[]',1,'2026-01-26 13:36:11','2026-01-26 13:36:11'),(157,'4c79341e-ae21-43d1-8246-d51adc24b444','App\\Models\\User',35,'profile_image','saket','saket.jpg','image/jpeg','public','public',24489,'[]','[]','[]','[]',1,'2026-01-27 10:55:00','2026-01-27 10:55:00');
/*!40000 ALTER TABLE `media` ENABLE KEYS */;
UNLOCK TABLES;

--
-- Table structure for table `message_campaign_logs`
--

DROP TABLE IF EXISTS `message_campaign_logs`;
/*!40101 SET @saved_cs_client     = @@character_set_client */;
/*!50503 SET character_set_client = utf8mb4 */;
CREATE TABLE `message_campaign_logs` (
  `id` bigint unsigned NOT NULL AUTO_INCREMENT,
  `message_campaign_id` bigint unsigned NOT NULL,
  `user_id` bigint unsigned NOT NULL,
  `delivered_at` timestamp NULL DEFAULT NULL,
  `seen_at` timestamp NULL DEFAULT NULL,
  `status` varchar(20) COLLATE utf8mb4_unicode_ci NOT NULL DEFAULT 'sent',
  `created_at` timestamp NULL DEFAULT NULL,
  `updated_at` timestamp NULL DEFAULT NULL,
  PRIMARY KEY (`id`),
  UNIQUE KEY `message_campaign_logs_message_campaign_id_user_id_unique` (`message_campaign_id`,`user_id`),
  KEY `message_campaign_logs_user_id_foreign` (`user_id`),
  CONSTRAINT `message_campaign_logs_message_campaign_id_foreign` FOREIGN KEY (`message_campaign_id`) REFERENCES `message_campaigns` (`id`) ON DELETE CASCADE,
  CONSTRAINT `message_campaign_logs_user_id_foreign` FOREIGN KEY (`user_id`) REFERENCES `users` (`id`) ON DELETE CASCADE
) ENGINE=InnoDB AUTO_INCREMENT=15 DEFAULT CHARSET=utf8mb4 COLLATE=utf8mb4_unicode_ci;
/*!40101 SET character_set_client = @saved_cs_client */;

--
-- Dumping data for table `message_campaign_logs`
--

LOCK TABLES `message_campaign_logs` WRITE;
/*!40000 ALTER TABLE `message_campaign_logs` DISABLE KEYS */;
INSERT INTO `message_campaign_logs` VALUES (1,2,1,NULL,'2026-01-22 07:40:36','seen','2026-01-22 07:40:36','2026-01-22 07:40:36'),(2,1,1,NULL,'2026-01-22 07:40:44','seen','2026-01-22 07:40:44','2026-01-22 07:40:44'),(3,16,1,NULL,'2026-01-22 07:43:17','seen','2026-01-22 07:43:17','2026-01-22 07:43:17'),(4,16,17,NULL,'2026-01-22 18:00:34','seen','2026-01-22 18:00:34','2026-01-22 18:00:34'),(5,2,17,NULL,'2026-01-22 18:00:49','seen','2026-01-22 18:00:49','2026-01-22 18:00:49'),(6,18,1,NULL,'2026-01-23 13:09:57','seen','2026-01-23 13:09:57','2026-01-23 13:09:57'),(7,19,1,NULL,'2026-01-26 13:54:12','seen','2026-01-26 13:54:12','2026-01-26 13:54:12'),(8,20,1,NULL,'2026-01-26 13:54:22','seen','2026-01-26 13:54:22','2026-01-26 13:54:22'),(9,1,17,NULL,'2026-01-26 15:16:44','seen','2026-01-26 15:16:44','2026-01-26 15:16:44'),(10,16,35,NULL,'2026-01-26 18:47:59','seen','2026-01-26 18:47:59','2026-01-26 18:47:59'),(11,2,35,NULL,'2026-01-26 18:48:05','seen','2026-01-26 18:48:05','2026-01-26 18:48:05'),(12,1,35,NULL,'2026-01-26 18:48:08','seen','2026-01-26 18:48:08','2026-01-26 18:48:08'),(13,21,35,NULL,'2026-01-27 07:12:14','seen','2026-01-27 07:12:14','2026-01-27 07:12:14'),(14,21,1,NULL,'2026-01-27 07:31:36','seen','2026-01-27 07:31:36','2026-01-27 07:31:36');
/*!40000 ALTER TABLE `message_campaign_logs` ENABLE KEYS */;
UNLOCK TABLES;

--
-- Table structure for table `message_campaigns`
--

DROP TABLE IF EXISTS `message_campaigns`;
/*!40101 SET @saved_cs_client     = @@character_set_client */;
/*!50503 SET character_set_client = utf8mb4 */;
CREATE TABLE `message_campaigns` (
  `id` bigint unsigned NOT NULL AUTO_INCREMENT,
  `title` varchar(255) COLLATE utf8mb4_unicode_ci NOT NULL,
  `description` varchar(255) COLLATE utf8mb4_unicode_ci DEFAULT NULL,
  `message` text COLLATE utf8mb4_unicode_ci,
  `image` varchar(255) COLLATE utf8mb4_unicode_ci DEFAULT NULL,
  `content` longtext COLLATE utf8mb4_unicode_ci NOT NULL,
  `type` varchar(20) COLLATE utf8mb4_unicode_ci NOT NULL DEFAULT 'info',
  `is_active` tinyint(1) NOT NULL DEFAULT '1',
  `starts_at` timestamp NULL DEFAULT NULL,
  `ends_at` timestamp NULL DEFAULT NULL,
  `created_by` bigint unsigned DEFAULT NULL,
  `created_at` timestamp NULL DEFAULT NULL,
  `updated_at` timestamp NULL DEFAULT NULL,
  PRIMARY KEY (`id`)
) ENGINE=InnoDB AUTO_INCREMENT=23 DEFAULT CHARSET=utf8mb4 COLLATE=utf8mb4_unicode_ci;
/*!40101 SET character_set_client = @saved_cs_client */;

--
-- Dumping data for table `message_campaigns`
--

LOCK TABLES `message_campaigns` WRITE;
/*!40000 ALTER TABLE `message_campaigns` DISABLE KEYS */;
INSERT INTO `message_campaigns` VALUES (1,'New Offer','Update New Offer.','Offer (50% OFF)','https://bharatstockmarketresearch.com/public/storage/campaigns/oO7gUZIYXJyEL9CyQwI5WrYprCu2zFLkZWNm13cZ.webp','Test Offer','offer',1,'2026-01-13 17:57:00','2026-01-27 17:57:00',1,'2026-01-13 12:27:59','2026-01-13 12:27:59'),(2,'New Info','Test for Update this...','test','https://bharatstockmarketresearch.com/public/storage/campaigns/iiNSKfeFnSU6qf4iFHA7WCQA80eT0TSCS2FGZ1Hi.png','test','info',1,'2026-01-01 13:03:00','2026-01-30 13:03:00',1,'2026-01-14 07:33:56','2026-01-14 07:33:56'),(3,'Hello world','world','world',NULL,'sklfjdslkflfjdsfjl','info',1,'2026-01-15 12:35:00','2026-01-16 12:35:00',1,'2026-01-15 07:05:27','2026-01-15 07:05:27'),(4,'455112','656652','6525525',NULL,'ggjgjhgjhgjhgjhgjgjghjhj','info',1,NULL,NULL,1,'2026-01-15 07:58:16','2026-01-15 14:40:16'),(5,'BSMR','SHORT TERM TIPS','SHORT TERM',NULL,'THIS IS TESTING CALL FOR SHORT TERM TIPS.','info',1,NULL,NULL,1,'2026-01-15 14:41:00','2026-01-15 14:41:00'),(6,'TESTING','TESGN',NULL,NULL,'FDFD','info',1,NULL,NULL,1,'2026-01-15 14:43:22','2026-01-15 14:43:22'),(7,'Cum magnam ipsum co','Voluptate quia occae','Expedita esse et ad','https://bharatstockmarketresearch.com/public/storage/campaigns/IQ2YrtuDAhDN9dQhgJhvAWlLQjMUo9bFTMxUYYE7.jpg','Id nostrum excepturi','info',1,'2012-08-11 17:50:00','2008-11-21 23:07:00',1,'2026-01-16 06:55:26','2026-01-16 06:55:26'),(8,'Voluptatem aut sunt','Architecto beatae au','Soluta quibusdam ani',NULL,'Quisquam odio vero c','success',1,'2026-03-21 18:13:00','1981-08-15 02:07:00',1,'2026-01-16 07:02:12','2026-01-16 07:02:12'),(9,'Ipsum nostrud commod','Ut doloremque aut as','Nulla velit neque d','https://bharatstockmarketresearch.com/storage/campaigns/JtEW0KnSRnPeDBIFcuwFmWSGX90i7rq7JcBOyrDk.jpg','Exercitationem ut co','danger',0,'2026-01-25 00:01:00','2026-03-14 11:38:00',1,'2026-01-16 07:02:51','2026-01-16 07:03:55'),(10,'bharat','lfjdslfjls1`','short',NULL,'yjlljlfldshsklng,smn,fndsnfms','info',1,NULL,NULL,1,'2026-01-17 17:23:42','2026-01-17 17:23:42'),(11,'Bharat','stock','market',NULL,'research','info',1,NULL,NULL,1,'2026-01-17 17:26:35','2026-01-17 17:26:35'),(12,'bsmr',NULL,NULL,NULL,'hi there','info',1,NULL,NULL,1,'2026-01-20 16:45:45','2026-01-20 16:45:45'),(13,'hjkhkjhj','kljlkjlk','lkjkljkl',NULL,'bnmbmbmnbnm','info',1,NULL,NULL,1,'2026-01-20 16:46:26','2026-01-20 16:46:26'),(14,'New Stocks','nifty calls','nifty option calls',NULL,'Nifty option call added. Please check','info',1,NULL,NULL,1,'2026-01-21 13:58:26','2026-01-21 13:58:26'),(15,'LONG TERM CALL',NULL,NULL,NULL,'THE NEW LONG TERM CALL ADDED. CHECK NOW','success',1,NULL,NULL,1,'2026-01-21 15:47:37','2026-01-21 16:06:14'),(16,'New Offer','Awailable Now','40 - 50% OFF','https://bharatstockmarketresearch.com/storage/campaigns/ygUa8G34vGsfvfKwYoCUp1hfLvo10A6GObXa49T0.jpg','Test','offer',1,'2026-01-21 13:12:00','2026-01-29 13:12:00',1,'2026-01-22 07:42:42','2026-01-22 07:42:42'),(17,'MR. SHARAD',NULL,'HELLO',NULL,'HELLO','info',1,NULL,NULL,1,'2026-01-22 17:50:41','2026-01-22 17:50:41'),(18,'Alert',NULL,NULL,NULL,'We are starting our services soon.','info',1,NULL,NULL,1,'2026-01-23 13:09:44','2026-01-23 13:09:44'),(19,'Republic Day','offer','test',NULL,'26/01/2026','info',1,NULL,NULL,1,'2026-01-26 13:39:33','2026-01-26 13:39:33'),(20,'Republic day','Data','test',NULL,'value','info',1,NULL,NULL,1,'2026-01-26 13:40:37','2026-01-26 13:40:37'),(21,'india','demo','test',NULL,'move','info',1,NULL,NULL,1,'2026-01-27 07:11:56','2026-01-27 07:11:56'),(22,'Test',NULL,'One',NULL,'Bsnsn','info',1,NULL,NULL,1,'2026-01-30 05:27:06','2026-01-30 05:27:06');
/*!40000 ALTER TABLE `message_campaigns` ENABLE KEYS */;
UNLOCK TABLES;

--
-- Table structure for table `migrations`
--

DROP TABLE IF EXISTS `migrations`;
/*!40101 SET @saved_cs_client     = @@character_set_client */;
/*!50503 SET character_set_client = utf8mb4 */;
CREATE TABLE `migrations` (
  `id` int unsigned NOT NULL AUTO_INCREMENT,
  `migration` varchar(255) COLLATE utf8mb4_unicode_ci NOT NULL,
  `batch` int NOT NULL,
  PRIMARY KEY (`id`)
) ENGINE=InnoDB AUTO_INCREMENT=94 DEFAULT CHARSET=utf8mb4 COLLATE=utf8mb4_unicode_ci;
/*!40101 SET character_set_client = @saved_cs_client */;

--
-- Dumping data for table `migrations`
--

LOCK TABLES `migrations` WRITE;
/*!40000 ALTER TABLE `migrations` DISABLE KEYS */;
INSERT INTO `migrations` VALUES (1,'0001_01_01_000000_create_users_table',1),(2,'0001_01_01_000001_create_cache_table',1),(3,'0001_01_01_000002_create_jobs_table',1),(4,'2025_12_05_060157_create_permission_tables',2),(6,'2025_12_05_062346_add_extra_details_to_users_table',3),(9,'2025_12_05_103745_create_personal_access_tokens_table',4),(10,'2025_12_05_103954_create_blog_categories_table',5),(11,'2025_12_05_104026_create_blogs_table',5),(12,'2025_12_05_104627_create_media_table',5),(15,'2025_12_08_073448_create_packages_table',6),(16,'2025_12_08_075504_create_package_categories_table',6),(17,'2025_12_10_055155_create_service_plans_table',7),(18,'2025_12_10_055200_create_service_plan_durations_table',7),(19,'2025_12_10_055214_create_service_plan_features_table',7),(20,'2025_12_10_103216_create_header_menus_table',8),(21,'2025_12_10_104855_create_header_settings_table',9),(22,'2025_12_11_065138_create_footer_columns_table',10),(23,'2025_12_11_065210_create_footer_links_table',10),(24,'2025_12_11_065225_create_footer_settings_table',10),(26,'2025_12_11_065247_create_footer_social_links_table',11),(27,'2025_12_12_085218_create_footer_brand_settings_table',12),(28,'2025_12_12_105210_create_hero_banners_table',13),(29,'2025_12_12_124234_create_inquiries_table',14),(31,'2025_12_12_125141_create_faqs_table',15),(32,'2025_12_13_084355_create_about_mission_values_table',16),(33,'2025_12_13_084426_create_about_core_value_sections_table',16),(34,'2025_12_13_084451_create_about_core_values_table',16),(35,'2025_12_13_084519_create_about_why_platform_sections_table',16),(36,'2025_12_13_084544_create_about_why_platform_contents_table',16),(37,'2025_12_13_103415_create_page_sections_table',17),(38,'2025_12_13_120739_create_home_counters_table',18),(39,'2025_12_13_123752_create_why_choose_sections_table',19),(42,'2025_12_13_125110_create_how_it_works_sections_table',20),(43,'2025_12_13_125124_create_how_it_works_steps_table',20),(44,'2025_12_15_061421_create_home_key_feature_sections_table',21),(45,'2025_12_15_061443_create_home_key_feature_items_table',21),(46,'2025_12_15_075658_create_reviews_table',22),(48,'2025_12_15_112352_create_download_app_section_table',23),(50,'2025_12_15_172534_create_contact_details_table',24),(52,'2025_12_17_081938_create_chat_messages_table',25),(55,'2025_12_18_053339_create_notifications_table',26),(56,'2025_12_18_053354_create_notification_users_table',26),(57,'2025_12_26_064048_create_user_subscriptions_table',27),(58,'2025_12_26_065130_add_duration_days_to_service_plan_durations',28),(59,'2025_12_26_083304_create_tip_categories_table',29),(60,'2025_12_26_083419_create_tips_table',29),(62,'2025_12_26_083709_create_tip_updates_table',30),(63,'2025_12_29_065245_create_policies_table',31),(67,'2025_12_29_080854_create_investor_charter_policies_table',32),(68,'2025_12_29_080903_create_investor_charter_pages_table',32),(69,'2025_12_29_080914_create_investor_charter_policy_logs_table',32),(70,'2025_12_26_083614_create_tip_plan_access_table',33),(71,'2026_01_06_052254_add_type_and_derivatives_to_tips_table',33),(72,'2026_01_06_083445_alter_tips_add_version_and_status_table',34),(73,'2026_01_07_112230_create_popups_table',35),(74,'2026_01_12_132230_create_marquees_table',36),(75,'2026_01_13_060307_create_offer_banners_table',36),(76,'2026_01_13_071804_create_message_campaigns_table',37),(77,'2026_01_13_071826_create_message_campaign_logs_table',37),(78,'2026_01_13_093620_create_news_table',37),(79,'2026_01_13_093816_create_news_categories_table',37),(80,'2026_01_14_060127_add_symbol_token_to_tips_table',38),(81,'2026_01_16_110107_create_kyc_verifications_table',39),(82,'2026_01_17_100428_add_fields_to_user_subscriptions_table',40),(83,'2026_01_19_054308_create_invoices_table',40),(84,'2026_01_21_072902_alter_reviews_table_add_approval_system',41),(85,'2026_01_21_075805_create_risk_reward_masters_table',41),(86,'2026_01_22_131825_create_certificates_table',42),(87,'2026_01_28_065224_add_trade_status_to_tips_table',43),(88,'2026_01_28_071641_add_trade_status_to_tips_table',44),(89,'2026_01_28_084621_add_bsmr_id_to_users_table',45),(90,'2026_01_29_050000_create_watchlists_table',46),(91,'2026_01_29_050503_create_watchlist_scripts_table',47),(92,'2026_01_29_060732_update_watchlist_scripts_table_add_price_fields',48),(93,'2026_01_30_093240_create_announcements_table',49);
/*!40000 ALTER TABLE `migrations` ENABLE KEYS */;
UNLOCK TABLES;

--
-- Table structure for table `model_has_permissions`
--

DROP TABLE IF EXISTS `model_has_permissions`;
/*!40101 SET @saved_cs_client     = @@character_set_client */;
/*!50503 SET character_set_client = utf8mb4 */;
CREATE TABLE `model_has_permissions` (
  `permission_id` bigint unsigned NOT NULL,
  `model_type` varchar(255) COLLATE utf8mb4_unicode_ci NOT NULL,
  `model_id` bigint unsigned NOT NULL,
  PRIMARY KEY (`permission_id`,`model_id`,`model_type`),
  KEY `model_has_permissions_model_id_model_type_index` (`model_id`,`model_type`),
  CONSTRAINT `model_has_permissions_permission_id_foreign` FOREIGN KEY (`permission_id`) REFERENCES `permissions` (`id`) ON DELETE CASCADE
) ENGINE=InnoDB DEFAULT CHARSET=utf8mb4 COLLATE=utf8mb4_unicode_ci;
/*!40101 SET character_set_client = @saved_cs_client */;

--
-- Dumping data for table `model_has_permissions`
--

LOCK TABLES `model_has_permissions` WRITE;
/*!40000 ALTER TABLE `model_has_permissions` DISABLE KEYS */;
/*!40000 ALTER TABLE `model_has_permissions` ENABLE KEYS */;
UNLOCK TABLES;

--
-- Table structure for table `model_has_roles`
--

DROP TABLE IF EXISTS `model_has_roles`;
/*!40101 SET @saved_cs_client     = @@character_set_client */;
/*!50503 SET character_set_client = utf8mb4 */;
CREATE TABLE `model_has_roles` (
  `role_id` bigint unsigned NOT NULL,
  `model_type` varchar(255) COLLATE utf8mb4_unicode_ci NOT NULL,
  `model_id` bigint unsigned NOT NULL,
  PRIMARY KEY (`role_id`,`model_id`,`model_type`),
  KEY `model_has_roles_model_id_model_type_index` (`model_id`,`model_type`),
  CONSTRAINT `model_has_roles_role_id_foreign` FOREIGN KEY (`role_id`) REFERENCES `roles` (`id`) ON DELETE CASCADE
) ENGINE=InnoDB DEFAULT CHARSET=utf8mb4 COLLATE=utf8mb4_unicode_ci;
/*!40101 SET character_set_client = @saved_cs_client */;

--
-- Dumping data for table `model_has_roles`
--

LOCK TABLES `model_has_roles` WRITE;
/*!40000 ALTER TABLE `model_has_roles` DISABLE KEYS */;
INSERT INTO `model_has_roles` VALUES (1,'App\\Models\\User',1),(3,'App\\Models\\User',17),(3,'App\\Models\\User',18),(3,'App\\Models\\User',20),(3,'App\\Models\\User',21),(3,'App\\Models\\User',22),(3,'App\\Models\\User',23),(3,'App\\Models\\User',24),(3,'App\\Models\\User',25),(1,'App\\Models\\User',27),(3,'App\\Models\\User',28),(3,'App\\Models\\User',29),(3,'App\\Models\\User',30),(3,'App\\Models\\User',31),(3,'App\\Models\\User',32),(3,'App\\Models\\User',33),(4,'App\\Models\\User',34);
/*!40000 ALTER TABLE `model_has_roles` ENABLE KEYS */;
UNLOCK TABLES;

--
-- Table structure for table `news`
--

DROP TABLE IF EXISTS `news`;
/*!40101 SET @saved_cs_client     = @@character_set_client */;
/*!50503 SET character_set_client = utf8mb4 */;
CREATE TABLE `news` (
  `id` bigint unsigned NOT NULL AUTO_INCREMENT,
  `category_id` bigint unsigned NOT NULL,
  `title` varchar(255) COLLATE utf8mb4_unicode_ci NOT NULL,
  `slug` varchar(255) COLLATE utf8mb4_unicode_ci NOT NULL,
  `short_description` text COLLATE utf8mb4_unicode_ci,
  `content` longtext COLLATE utf8mb4_unicode_ci NOT NULL,
  `content_json` longtext CHARACTER SET utf8mb4 COLLATE utf8mb4_bin,
  `news_type` enum('regular','breaking','exclusive','live') COLLATE utf8mb4_unicode_ci NOT NULL DEFAULT 'regular',
  `location` varchar(255) COLLATE utf8mb4_unicode_ci DEFAULT NULL,
  `source_name` varchar(255) COLLATE utf8mb4_unicode_ci DEFAULT NULL,
  `source_url` varchar(255) COLLATE utf8mb4_unicode_ci DEFAULT NULL,
  `video_url` varchar(255) COLLATE utf8mb4_unicode_ci DEFAULT NULL,
  `meta_title` varchar(255) COLLATE utf8mb4_unicode_ci DEFAULT NULL,
  `meta_description` text COLLATE utf8mb4_unicode_ci,
  `meta_keywords` longtext CHARACTER SET utf8mb4 COLLATE utf8mb4_bin,
  `canonical_url` varchar(255) COLLATE utf8mb4_unicode_ci DEFAULT NULL,
  `status` enum('draft','published','scheduled','archived') COLLATE utf8mb4_unicode_ci NOT NULL DEFAULT 'draft',
  `is_featured` tinyint(1) NOT NULL DEFAULT '0',
  `is_trending` tinyint(1) NOT NULL DEFAULT '0',
  `allow_comments` tinyint(1) NOT NULL DEFAULT '1',
  `priority_weight` int NOT NULL DEFAULT '0',
  `view_count` int NOT NULL DEFAULT '0',
  `share_count` int NOT NULL DEFAULT '0',
  `reading_time` int NOT NULL DEFAULT '0',
  `published_at` timestamp NULL DEFAULT NULL,
  `scheduled_for` timestamp NULL DEFAULT NULL,
  `table_of_contents` longtext CHARACTER SET utf8mb4 COLLATE utf8mb4_bin,
  `deleted_at` timestamp NULL DEFAULT NULL,
  `created_at` timestamp NULL DEFAULT NULL,
  `updated_at` timestamp NULL DEFAULT NULL,
  PRIMARY KEY (`id`),
  UNIQUE KEY `news_slug_unique` (`slug`),
  CONSTRAINT `news_chk_1` CHECK (json_valid(`content_json`)),
  CONSTRAINT `news_chk_2` CHECK (json_valid(`meta_keywords`)),
  CONSTRAINT `news_chk_3` CHECK (json_valid(`table_of_contents`))
) ENGINE=InnoDB AUTO_INCREMENT=2 DEFAULT CHARSET=utf8mb4 COLLATE=utf8mb4_unicode_ci;
/*!40101 SET character_set_client = @saved_cs_client */;

--
-- Dumping data for table `news`
--

LOCK TABLES `news` WRITE;
/*!40000 ALTER TABLE `news` DISABLE KEYS */;
INSERT INTO `news` VALUES (1,2,'Headline','headline','Regular News','<p>News Taza Khabar..</p>',NULL,'regular','Indore Madhya Pradesh','UTI','https://www.gyzabec.org','https://www.vajemisusu.org.au','test news','test news description',NULL,'https://www.bajiri.info','published',1,1,1,0,16,0,0,'2026-01-13 10:38:32',NULL,NULL,NULL,'2026-01-13 10:38:32','2026-01-28 05:23:01');
/*!40000 ALTER TABLE `news` ENABLE KEYS */;
UNLOCK TABLES;

--
-- Table structure for table `news_categories`
--

DROP TABLE IF EXISTS `news_categories`;
/*!40101 SET @saved_cs_client     = @@character_set_client */;
/*!50503 SET character_set_client = utf8mb4 */;
CREATE TABLE `news_categories` (
  `id` bigint unsigned NOT NULL AUTO_INCREMENT,
  `name` varchar(255) COLLATE utf8mb4_unicode_ci NOT NULL,
  `slug` varchar(255) COLLATE utf8mb4_unicode_ci NOT NULL,
  `description` text COLLATE utf8mb4_unicode_ci,
  `color_code` varchar(255) COLLATE utf8mb4_unicode_ci NOT NULL DEFAULT '#4f46e5',
  `icon` varchar(255) COLLATE utf8mb4_unicode_ci DEFAULT NULL,
  `is_active` tinyint(1) NOT NULL DEFAULT '1',
  `order_priority` int NOT NULL DEFAULT '0',
  `meta_title` varchar(255) COLLATE utf8mb4_unicode_ci DEFAULT NULL,
  `meta_description` text COLLATE utf8mb4_unicode_ci,
  `deleted_at` timestamp NULL DEFAULT NULL,
  `created_at` timestamp NULL DEFAULT NULL,
  `updated_at` timestamp NULL DEFAULT NULL,
  PRIMARY KEY (`id`),
  UNIQUE KEY `news_categories_name_unique` (`name`),
  UNIQUE KEY `news_categories_slug_unique` (`slug`)
) ENGINE=InnoDB AUTO_INCREMENT=4 DEFAULT CHARSET=utf8mb4 COLLATE=utf8mb4_unicode_ci;
/*!40101 SET character_set_client = @saved_cs_client */;

--
-- Dumping data for table `news_categories`
--

LOCK TABLES `news_categories` WRITE;
/*!40000 ALTER TABLE `news_categories` DISABLE KEYS */;
INSERT INTO `news_categories` VALUES (1,'Sports & Others','sports-others',NULL,'#4ce666',NULL,1,0,NULL,NULL,NULL,'2026-01-13 10:38:08','2026-01-13 10:54:12'),(2,'Stock Market News','stock-market-news',NULL,'#1457ad',NULL,1,0,NULL,NULL,NULL,'2026-01-13 11:49:28','2026-01-13 11:50:11'),(3,'Major world','major-world',NULL,'#4ce687',NULL,1,0,NULL,NULL,NULL,'2026-01-26 13:26:58','2026-01-26 13:27:13');
/*!40000 ALTER TABLE `news_categories` ENABLE KEYS */;
UNLOCK TABLES;

--
-- Table structure for table `notification_users`
--

DROP TABLE IF EXISTS `notification_users`;
/*!40101 SET @saved_cs_client     = @@character_set_client */;
/*!50503 SET character_set_client = utf8mb4 */;
CREATE TABLE `notification_users` (
  `id` bigint unsigned NOT NULL AUTO_INCREMENT,
  `notification_id` bigint unsigned NOT NULL,
  `user_id` bigint unsigned NOT NULL,
  `read_at` timestamp NULL DEFAULT NULL,
  `is_active` tinyint(1) NOT NULL DEFAULT '1',
  `created_at` timestamp NULL DEFAULT NULL,
  `updated_at` timestamp NULL DEFAULT NULL,
  PRIMARY KEY (`id`),
  KEY `notification_users_user_id_read_at_index` (`user_id`,`read_at`),
  KEY `notification_users_notification_id_index` (`notification_id`),
  CONSTRAINT `notification_users_notification_id_foreign` FOREIGN KEY (`notification_id`) REFERENCES `notifications` (`id`) ON DELETE CASCADE,
  CONSTRAINT `notification_users_user_id_foreign` FOREIGN KEY (`user_id`) REFERENCES `users` (`id`) ON DELETE CASCADE
) ENGINE=InnoDB AUTO_INCREMENT=15 DEFAULT CHARSET=utf8mb4 COLLATE=utf8mb4_unicode_ci;
/*!40101 SET character_set_client = @saved_cs_client */;

--
-- Dumping data for table `notification_users`
--

LOCK TABLES `notification_users` WRITE;
/*!40000 ALTER TABLE `notification_users` DISABLE KEYS */;
INSERT INTO `notification_users` VALUES (1,1,1,'2025-12-18 01:49:17',1,'2025-12-18 01:47:50','2025-12-18 01:49:17'),(2,2,1,'2025-12-18 01:49:17',1,'2025-12-18 01:48:21','2025-12-18 01:49:17'),(3,3,1,'2025-12-25 03:58:06',1,'2025-12-25 03:58:00','2025-12-25 03:58:06'),(4,4,1,'2025-12-25 04:13:10',1,'2025-12-25 04:12:56','2025-12-25 04:13:10'),(5,5,1,'2025-12-26 04:37:31',1,'2025-12-26 04:37:26','2025-12-26 04:37:31'),(6,6,1,'2025-12-29 13:11:17',1,'2025-12-29 13:11:12','2025-12-29 13:11:17'),(7,7,1,'2026-01-03 13:05:47',1,'2025-12-30 14:13:06','2026-01-03 13:05:47'),(8,8,1,'2026-01-03 13:05:47',1,'2026-01-02 07:33:33','2026-01-03 13:05:47'),(9,9,1,'2026-01-03 13:05:47',1,'2026-01-03 13:05:26','2026-01-03 13:05:47'),(10,10,1,'2026-01-12 02:42:33',1,'2026-01-12 02:42:06','2026-01-12 02:42:33'),(11,11,1,'2026-01-15 15:31:34',1,'2026-01-15 15:24:23','2026-01-15 15:31:34'),(12,12,1,'2026-01-15 15:31:34',1,'2026-01-15 15:26:39','2026-01-15 15:31:34'),(13,13,1,'2026-01-28 06:03:35',1,'2026-01-15 15:27:22','2026-01-15 15:31:34'),(14,14,1,'2026-01-21 11:39:18',1,'2026-01-21 11:09:07','2026-01-21 11:39:18');
/*!40000 ALTER TABLE `notification_users` ENABLE KEYS */;
UNLOCK TABLES;

--
-- Table structure for table `notifications`
--

DROP TABLE IF EXISTS `notifications`;
/*!40101 SET @saved_cs_client     = @@character_set_client */;
/*!50503 SET character_set_client = utf8mb4 */;
CREATE TABLE `notifications` (
  `id` bigint unsigned NOT NULL AUTO_INCREMENT,
  `type` varchar(255) COLLATE utf8mb4_unicode_ci NOT NULL,
  `reason` varchar(255) COLLATE utf8mb4_unicode_ci DEFAULT NULL,
  `title` varchar(255) COLLATE utf8mb4_unicode_ci DEFAULT NULL,
  `message` text COLLATE utf8mb4_unicode_ci NOT NULL,
  `url` varchar(255) COLLATE utf8mb4_unicode_ci DEFAULT NULL,
  `sender_id` bigint unsigned DEFAULT NULL,
  `data` longtext CHARACTER SET utf8mb4 COLLATE utf8mb4_bin,
  `created_at` timestamp NULL DEFAULT NULL,
  `updated_at` timestamp NULL DEFAULT NULL,
  PRIMARY KEY (`id`),
  CONSTRAINT `notifications_chk_1` CHECK (json_valid(`data`))
) ENGINE=InnoDB AUTO_INCREMENT=15 DEFAULT CHARSET=utf8mb4 COLLATE=utf8mb4_unicode_ci;
/*!40101 SET character_set_client = @saved_cs_client */;

--
-- Dumping data for table `notifications`
--

LOCK TABLES `notifications` WRITE;
/*!40000 ALTER TABLE `notifications` DISABLE KEYS */;
INSERT INTO `notifications` VALUES (1,'chat',NULL,'New Support Message','sss','/admin/chat?user=1',1,'{\"from_user_id\":1,\"from_user_name\":\"admin\",\"chat_id\":25}','2025-12-18 01:47:50','2025-12-18 01:47:50'),(2,'chat',NULL,'New Support Message','test..','/admin/chat?user=27',27,'{\"from_user_id\":27,\"from_user_name\":\"User #27\",\"chat_id\":26}','2025-12-18 01:48:21','2025-12-18 01:48:21'),(3,'chat',NULL,'New Support Message','afsd','/admin/chat?user=1',1,'{\"from_user_id\":1,\"from_user_name\":\"admin\",\"chat_id\":27}','2025-12-25 03:58:00','2025-12-25 03:58:00'),(4,'chat',NULL,'New Support Message','dgfdf','/admin/chat?user=1',1,'{\"from_user_id\":1,\"from_user_name\":\"admin\",\"chat_id\":29}','2025-12-25 04:12:56','2025-12-25 04:12:56'),(5,'chat',NULL,'New Support Message','hello','/admin/chat?user=1',1,'{\"from_user_id\":1,\"from_user_name\":\"admin\",\"chat_id\":1}','2025-12-26 04:37:26','2025-12-26 04:37:26'),(6,'chat',NULL,'New Support Message','new live test','/admin/chat?user=1',1,'{\"from_user_id\":1,\"from_user_name\":\"admin\",\"chat_id\":2}','2025-12-29 13:11:12','2025-12-29 13:11:12'),(7,'chat',NULL,'New Support Message','hi','/admin/chat?user=27',27,'{\"from_user_id\":27,\"from_user_name\":\"Test User\",\"chat_id\":3}','2025-12-30 14:13:06','2025-12-30 14:13:06'),(8,'chat',NULL,'New Support Message','test new','/admin/chat?user=1',1,'{\"from_user_id\":1,\"from_user_name\":\"admin\",\"chat_id\":4}','2026-01-02 07:33:33','2026-01-02 07:33:33'),(9,'chat',NULL,'New Support Message','test','/admin/chat?user=1',1,'{\"from_user_id\":1,\"from_user_name\":\"admin\",\"chat_id\":5}','2026-01-03 13:05:26','2026-01-03 13:05:26'),(10,'chat',NULL,'New Support Message','HELLO','/admin/chat?user=1',1,'{\"from_user_id\":1,\"from_user_name\":\"admin\",\"chat_id\":7}','2026-01-12 02:42:06','2026-01-12 02:42:06'),(11,'chat',NULL,'New Support Message','hello i need help','/admin/chat?user=17',17,'{\"from_user_id\":17,\"from_user_name\":\"sharad\",\"chat_id\":9}','2026-01-15 15:24:23','2026-01-15 15:24:23'),(12,'chat',NULL,'New Support Message','hi,i am here','/admin/chat?user=17',17,'{\"from_user_id\":17,\"from_user_name\":\"sharad\",\"chat_id\":10}','2026-01-15 15:26:39','2026-01-15 15:26:39'),(13,'chat',NULL,'New Support Message','fcgjhkjh.jh','/admin/chat?user=17',17,'{\"from_user_id\":17,\"from_user_name\":\"sharad\",\"chat_id\":22}','2026-01-15 15:27:22','2026-01-15 15:27:22'),(14,'chat',NULL,'New Support Message','test','/admin/chat?user=17',17,'{\"from_user_id\":17,\"from_user_name\":\"sharad\",\"chat_id\":23}','2026-01-21 11:09:07','2026-01-21 11:09:07');
/*!40000 ALTER TABLE `notifications` ENABLE KEYS */;
UNLOCK TABLES;

--
-- Table structure for table `offer_banners`
--

DROP TABLE IF EXISTS `offer_banners`;
/*!40101 SET @saved_cs_client     = @@character_set_client */;
/*!50503 SET character_set_client = utf8mb4 */;
CREATE TABLE `offer_banners` (
  `id` bigint unsigned NOT NULL AUTO_INCREMENT,
  `slug` varchar(150) COLLATE utf8mb4_unicode_ci NOT NULL,
  `heading` varchar(255) COLLATE utf8mb4_unicode_ci NOT NULL,
  `sub_heading` varchar(255) COLLATE utf8mb4_unicode_ci DEFAULT NULL,
  `content` text COLLATE utf8mb4_unicode_ci NOT NULL,
  `highlight_text` varchar(255) COLLATE utf8mb4_unicode_ci DEFAULT NULL,
  `button1_text` varchar(100) COLLATE utf8mb4_unicode_ci NOT NULL,
  `button1_link` varchar(255) COLLATE utf8mb4_unicode_ci NOT NULL,
  `button1_target` enum('_self','_blank') COLLATE utf8mb4_unicode_ci DEFAULT '_self',
  `button2_text` varchar(100) COLLATE utf8mb4_unicode_ci NOT NULL,
  `button2_link` varchar(255) COLLATE utf8mb4_unicode_ci NOT NULL,
  `button2_target` enum('_self','_blank') COLLATE utf8mb4_unicode_ci DEFAULT '_self',
  `position` int NOT NULL DEFAULT '0',
  `is_active` tinyint(1) NOT NULL DEFAULT '1',
  `device_visibility` enum('all','desktop','mobile') COLLATE utf8mb4_unicode_ci NOT NULL DEFAULT 'all',
  `start_date` datetime DEFAULT NULL,
  `end_date` datetime DEFAULT NULL,
  `view_count` bigint unsigned NOT NULL DEFAULT '0',
  `click_count` bigint unsigned NOT NULL DEFAULT '0',
  `created_by` bigint unsigned DEFAULT NULL,
  `updated_by` bigint unsigned DEFAULT NULL,
  `created_at` timestamp NULL DEFAULT NULL,
  `updated_at` timestamp NULL DEFAULT NULL,
  `deleted_at` timestamp NULL DEFAULT NULL,
  PRIMARY KEY (`id`),
  UNIQUE KEY `offer_banners_slug_unique` (`slug`)
) ENGINE=InnoDB AUTO_INCREMENT=4 DEFAULT CHARSET=utf8mb4 COLLATE=utf8mb4_unicode_ci;
/*!40101 SET character_set_client = @saved_cs_client */;

--
-- Dumping data for table `offer_banners`
--

LOCK TABLES `offer_banners` WRITE;
/*!40000 ALTER TABLE `offer_banners` DISABLE KEYS */;
INSERT INTO `offer_banners` VALUES (1,'trade-smarter-with-instant-updates-1768287235','Trade smarter with instant updates','New Trending','New Offer For Sometimes',NULL,'join now','/','_self','claim offer','/','_self',1,1,'all','2026-01-13 12:23:00','2026-02-06 12:23:00',0,0,NULL,NULL,'2026-01-13 06:53:55','2026-01-14 08:27:35','2026-01-14 08:27:35'),(2,'limited-time-offer-1768375530','Unlock Premium Insights at 50% Off','Join over 10,000+ traders and investors getting real-time market signals. Start your journey today with our most popular annual plan.','Join over 10,000+ traders and investors getting real-time market signals. Start your journey today with our most popular annual plan.','LIMITED TIME OFFER','Claim Discount','https://www.google.com',NULL,'View Plans','/services',NULL,0,0,'all','2026-01-13 13:56:00',NULL,0,0,NULL,NULL,'2026-01-14 07:25:30','2026-01-26 13:33:11',NULL),(3,'eveniet-iste-laboru-1768546213','Unlock Premium Insights at 50% Off','HURRY UP!!','Traders and investors getting real-time market signals. Start your journey today with our most popular annual plan.','LIMITED TIME OFFER','Claim Discount','/services',NULL,'View Plans','/services',NULL,0,1,'all','2026-01-23 07:29:00','2026-10-23 15:05:00',0,0,NULL,NULL,'2026-01-16 06:50:13','2026-01-26 18:48:52',NULL);
/*!40000 ALTER TABLE `offer_banners` ENABLE KEYS */;
UNLOCK TABLES;

--
-- Table structure for table `package_categories`
--

DROP TABLE IF EXISTS `package_categories`;
/*!40101 SET @saved_cs_client     = @@character_set_client */;
/*!50503 SET character_set_client = utf8mb4 */;
CREATE TABLE `package_categories` (
  `id` bigint unsigned NOT NULL AUTO_INCREMENT,
  `name` varchar(255) COLLATE utf8mb4_unicode_ci NOT NULL,
  `slug` varchar(255) COLLATE utf8mb4_unicode_ci NOT NULL,
  `description` longtext COLLATE utf8mb4_unicode_ci,
  `created_at` timestamp NULL DEFAULT NULL,
  `updated_at` timestamp NULL DEFAULT NULL,
  PRIMARY KEY (`id`),
  UNIQUE KEY `package_categories_slug_unique` (`slug`)
) ENGINE=InnoDB AUTO_INCREMENT=3 DEFAULT CHARSET=utf8mb4 COLLATE=utf8mb4_unicode_ci;
/*!40101 SET character_set_client = @saved_cs_client */;

--
-- Dumping data for table `package_categories`
--

LOCK TABLES `package_categories` WRITE;
/*!40000 ALTER TABLE `package_categories` DISABLE KEYS */;
INSERT INTO `package_categories` VALUES (1,'Intraday','intraday',NULL,'2025-12-08 02:49:22','2025-12-08 02:49:22'),(2,'Niffty','niffty',NULL,'2025-12-08 23:43:04','2025-12-08 23:43:04');
/*!40000 ALTER TABLE `package_categories` ENABLE KEYS */;
UNLOCK TABLES;

--
-- Table structure for table `packages`
--

DROP TABLE IF EXISTS `packages`;
/*!40101 SET @saved_cs_client     = @@character_set_client */;
/*!50503 SET character_set_client = utf8mb4 */;
CREATE TABLE `packages` (
  `id` bigint unsigned NOT NULL AUTO_INCREMENT,
  `package_type` varchar(255) COLLATE utf8mb4_unicode_ci DEFAULT NULL,
  `name` varchar(255) COLLATE utf8mb4_unicode_ci NOT NULL,
  `slug` varchar(255) COLLATE utf8mb4_unicode_ci NOT NULL,
  `description` longtext COLLATE utf8mb4_unicode_ci,
  `features` longtext CHARACTER SET utf8mb4 COLLATE utf8mb4_bin,
  `amount` decimal(10,2) NOT NULL,
  `discount_percentage` int DEFAULT NULL,
  `discount_amount` decimal(10,2) DEFAULT NULL,
  `final_amount` decimal(10,2) DEFAULT NULL,
  `trial_days` int DEFAULT NULL,
  `duration` int DEFAULT NULL,
  `validity_type` enum('days','months','years') COLLATE utf8mb4_unicode_ci NOT NULL DEFAULT 'days',
  `meta_title` varchar(255) COLLATE utf8mb4_unicode_ci DEFAULT NULL,
  `meta_description` varchar(255) COLLATE utf8mb4_unicode_ci DEFAULT NULL,
  `is_featured` tinyint(1) NOT NULL DEFAULT '0',
  `status` tinyint(1) NOT NULL DEFAULT '1',
  `max_devices` int NOT NULL DEFAULT '1',
  `telegram_support` tinyint(1) NOT NULL DEFAULT '0',
  `sort_order` int NOT NULL DEFAULT '0',
  `created_at` timestamp NULL DEFAULT NULL,
  `updated_at` timestamp NULL DEFAULT NULL,
  PRIMARY KEY (`id`),
  UNIQUE KEY `packages_slug_unique` (`slug`),
  CONSTRAINT `packages_chk_1` CHECK (json_valid(`features`))
) ENGINE=InnoDB AUTO_INCREMENT=6 DEFAULT CHARSET=utf8mb4 COLLATE=utf8mb4_unicode_ci;
/*!40101 SET character_set_client = @saved_cs_client */;

--
-- Dumping data for table `packages`
--

LOCK TABLES `packages` WRITE;
/*!40000 ALTER TABLE `packages` DISABLE KEYS */;
INSERT INTO `packages` VALUES (1,'Intraday','new test update check','new-test','test update the description.','\"[\\\"Feature1\\\",\\\"Feature2\\\"]\"',200.00,10,20.00,180.00,3,3,'days','test package','test',1,1,3,1,1,'2025-12-09 00:07:57','2025-12-09 04:50:55'),(3,'Niffty','Premium Package','premium-plan','This is the updated premium package','\"[\\\"new 1\\\",\\\"new 2\\\",\\\"new 3\\\"]\"',450.00,10,45.00,405.00,5,30,'days','Premium Package SEO Title','Premium package SEO description',1,1,5,1,1,'2025-12-09 04:46:31','2025-12-09 05:43:27'),(4,'Niffty','Dana Bonner','dana-bonner','Laboris ipsum culpa','\"[\\\"Feature1\\\",\\\"Feature2\\\"]\"',100.00,10,10.00,90.00,14,97,'days','Nisi nesciunt cupidatat autem duis consequatur Officia nos','Exercitation sed numquam possimus temporibus',0,0,69,0,53,'2025-12-09 04:48:21','2025-12-09 05:51:57'),(5,'Intraday','Kane Wynn','kane-wynn','Nemo repudiandae nul','\"[\\\"test feature 1\\\",\\\"test feature 2\\\",\\\"test feature 3\\\"]\"',100.00,5,5.00,95.00,10,31,'months','Blanditiis fugiat numquam consectetur quis nulla laudantium','Odit voluptatem consequatur Lorem aliqua Maiores',1,1,18,1,74,'2025-12-09 05:46:40','2025-12-09 05:46:40');
/*!40000 ALTER TABLE `packages` ENABLE KEYS */;
UNLOCK TABLES;

--
-- Table structure for table `page_sections`
--

DROP TABLE IF EXISTS `page_sections`;
/*!40101 SET @saved_cs_client     = @@character_set_client */;
/*!50503 SET character_set_client = utf8mb4 */;
CREATE TABLE `page_sections` (
  `id` bigint unsigned NOT NULL AUTO_INCREMENT,
  `page_type` varchar(255) COLLATE utf8mb4_unicode_ci NOT NULL,
  `section_key` varchar(255) COLLATE utf8mb4_unicode_ci DEFAULT NULL,
  `title` varchar(255) COLLATE utf8mb4_unicode_ci DEFAULT NULL,
  `subtitle` varchar(255) COLLATE utf8mb4_unicode_ci DEFAULT NULL,
  `badge` varchar(255) COLLATE utf8mb4_unicode_ci DEFAULT NULL,
  `slug` varchar(255) COLLATE utf8mb4_unicode_ci DEFAULT NULL,
  `description` text COLLATE utf8mb4_unicode_ci,
  `content` longtext COLLATE utf8mb4_unicode_ci,
  `button_1_text` varchar(255) COLLATE utf8mb4_unicode_ci DEFAULT NULL,
  `button_1_link` varchar(255) COLLATE utf8mb4_unicode_ci DEFAULT NULL,
  `button_2_text` varchar(255) COLLATE utf8mb4_unicode_ci DEFAULT NULL,
  `button_2_link` varchar(255) COLLATE utf8mb4_unicode_ci DEFAULT NULL,
  `meta_title` varchar(255) COLLATE utf8mb4_unicode_ci DEFAULT NULL,
  `meta_description` text COLLATE utf8mb4_unicode_ci,
  `sort_order` int NOT NULL DEFAULT '0',
  `status` tinyint(1) NOT NULL DEFAULT '1',
  `created_at` timestamp NULL DEFAULT NULL,
  `updated_at` timestamp NULL DEFAULT NULL,
  PRIMARY KEY (`id`)
) ENGINE=InnoDB AUTO_INCREMENT=5 DEFAULT CHARSET=utf8mb4 COLLATE=utf8mb4_unicode_ci;
/*!40101 SET character_set_client = @saved_cs_client */;

--
-- Dumping data for table `page_sections`
--

LOCK TABLES `page_sections` WRITE;
/*!40000 ALTER TABLE `page_sections` DISABLE KEYS */;
INSERT INTO `page_sections` VALUES (1,'home','home','home','home','home',NULL,'short description','<p>Write section content</p>','home','/home','about','/about',NULL,NULL,0,1,'2025-12-13 05:34:07','2026-01-08 05:00:00'),(3,'about',NULL,'Test','Test','WHY WE BUILT THIS PLATFORM',NULL,'WHY WE BUILT THIS PLATFORM','<p>dfdf</p>','test','WHY WE BUILT THIS PLATFORM',NULL,NULL,NULL,NULL,0,1,'2026-01-03 12:50:23','2026-01-12 02:43:39'),(4,'services','1','MY TEST ON','MY TEST 1','TESTING',NULL,'THIS IS YOUR NEW TEST','<p>KLKJFLSJFKLDJLFSJKLFJSKLFJSLKFJLKDSFJLSFJKLFJLKDSJFKLDSJFKLDSJFLKJFLSJKLF</p>',NULL,NULL,NULL,NULL,NULL,NULL,0,1,'2026-01-12 02:45:56','2026-01-12 02:45:56');
/*!40000 ALTER TABLE `page_sections` ENABLE KEYS */;
UNLOCK TABLES;

--
-- Table structure for table `password_reset_tokens`
--

DROP TABLE IF EXISTS `password_reset_tokens`;
/*!40101 SET @saved_cs_client     = @@character_set_client */;
/*!50503 SET character_set_client = utf8mb4 */;
CREATE TABLE `password_reset_tokens` (
  `email` varchar(255) COLLATE utf8mb4_unicode_ci NOT NULL,
  `token` varchar(255) COLLATE utf8mb4_unicode_ci NOT NULL,
  `created_at` timestamp NULL DEFAULT NULL,
  PRIMARY KEY (`email`)
) ENGINE=InnoDB DEFAULT CHARSET=utf8mb4 COLLATE=utf8mb4_unicode_ci;
/*!40101 SET character_set_client = @saved_cs_client */;

--
-- Dumping data for table `password_reset_tokens`
--

LOCK TABLES `password_reset_tokens` WRITE;
/*!40000 ALTER TABLE `password_reset_tokens` DISABLE KEYS */;
/*!40000 ALTER TABLE `password_reset_tokens` ENABLE KEYS */;
UNLOCK TABLES;

--
-- Table structure for table `permissions`
--

DROP TABLE IF EXISTS `permissions`;
/*!40101 SET @saved_cs_client     = @@character_set_client */;
/*!50503 SET character_set_client = utf8mb4 */;
CREATE TABLE `permissions` (
  `id` bigint unsigned NOT NULL AUTO_INCREMENT,
  `name` varchar(255) COLLATE utf8mb4_unicode_ci NOT NULL,
  `guard_name` varchar(255) COLLATE utf8mb4_unicode_ci NOT NULL,
  `created_at` timestamp NULL DEFAULT NULL,
  `updated_at` timestamp NULL DEFAULT NULL,
  PRIMARY KEY (`id`),
  UNIQUE KEY `permissions_name_guard_name_unique` (`name`,`guard_name`)
) ENGINE=InnoDB AUTO_INCREMENT=7 DEFAULT CHARSET=utf8mb4 COLLATE=utf8mb4_unicode_ci;
/*!40101 SET character_set_client = @saved_cs_client */;

--
-- Dumping data for table `permissions`
--

LOCK TABLES `permissions` WRITE;
/*!40000 ALTER TABLE `permissions` DISABLE KEYS */;
INSERT INTO `permissions` VALUES (1,'manage users','web','2025-12-05 00:36:27','2025-12-05 00:36:27'),(2,'manage stocks','web','2025-12-05 00:36:27','2025-12-05 00:36:27'),(3,'view dashboard','web','2025-12-05 00:36:27','2025-12-05 00:36:27'),(5,'view roles','web','2025-12-05 02:35:44','2025-12-05 02:35:44'),(6,'manage home','web','2025-12-25 03:56:57','2025-12-25 03:56:57');
/*!40000 ALTER TABLE `permissions` ENABLE KEYS */;
UNLOCK TABLES;

--
-- Table structure for table `personal_access_tokens`
--

DROP TABLE IF EXISTS `personal_access_tokens`;
/*!40101 SET @saved_cs_client     = @@character_set_client */;
/*!50503 SET character_set_client = utf8mb4 */;
CREATE TABLE `personal_access_tokens` (
  `id` bigint unsigned NOT NULL AUTO_INCREMENT,
  `tokenable_type` varchar(255) COLLATE utf8mb4_unicode_ci NOT NULL,
  `tokenable_id` bigint unsigned NOT NULL,
  `name` text COLLATE utf8mb4_unicode_ci NOT NULL,
  `token` varchar(64) COLLATE utf8mb4_unicode_ci NOT NULL,
  `abilities` text COLLATE utf8mb4_unicode_ci,
  `last_used_at` timestamp NULL DEFAULT NULL,
  `expires_at` timestamp NULL DEFAULT NULL,
  `created_at` timestamp NULL DEFAULT NULL,
  `updated_at` timestamp NULL DEFAULT NULL,
  PRIMARY KEY (`id`),
  UNIQUE KEY `personal_access_tokens_token_unique` (`token`),
  KEY `personal_access_tokens_tokenable_type_tokenable_id_index` (`tokenable_type`,`tokenable_id`),
  KEY `personal_access_tokens_expires_at_index` (`expires_at`)
) ENGINE=InnoDB AUTO_INCREMENT=54 DEFAULT CHARSET=utf8mb4 COLLATE=utf8mb4_unicode_ci;
/*!40101 SET character_set_client = @saved_cs_client */;

--
-- Dumping data for table `personal_access_tokens`
--

LOCK TABLES `personal_access_tokens` WRITE;
/*!40000 ALTER TABLE `personal_access_tokens` DISABLE KEYS */;
INSERT INTO `personal_access_tokens` VALUES (1,'App\\Models\\User',1,'api-token','1246bb88c4a337d752f548c91f8ec4105a96d5ceba6e7106e6fe19a1ef38554a','[\"*\"]','2025-12-06 02:56:46',NULL,'2025-12-06 02:50:41','2025-12-06 02:56:46'),(2,'App\\Models\\User',1,'api-token','f32a7710d5b51d5da73e53a097f832bac517b8e3cabe2d6b96ec6820b4e18ccd','[\"*\"]','2025-12-09 05:25:22',NULL,'2025-12-08 00:55:01','2025-12-09 05:25:22'),(3,'App\\Models\\User',1,'api-token','a50eb27e8d2578a5087ad5db73a5a85a906754e9b308da2ccc2d097ca67563d8','[\"*\"]','2025-12-11 04:16:17',NULL,'2025-12-11 00:40:33','2025-12-11 04:16:17'),(4,'App\\Models\\User',1,'api-token','1b96bdd89328f1bc6ff35b307b3941f5701f57b79f6193ca8d1c8391e490a10d','[\"*\"]','2025-12-16 02:41:05',NULL,'2025-12-16 02:11:12','2025-12-16 02:41:05'),(5,'App\\Models\\User',1,'auth-token','698950c89be05c915221a7d3d4a0ac6e21a4bc3783db6c9d5e6078c734a11b7b','[\"*\"]',NULL,NULL,'2026-01-20 07:11:10','2026-01-20 07:11:10'),(6,'App\\Models\\User',1,'auth-token','b181290cfbcfb26341cda4fe48ffa09f446fd0bcd0923700d110f39ccfaacf1f','[\"*\"]',NULL,NULL,'2026-01-20 07:11:34','2026-01-20 07:11:34'),(7,'App\\Models\\User',1,'auth-token','110a9a4fd5bd5167d1eb553d380eeda1bb7888498d64a486fc8aec1205f728ce','[\"*\"]',NULL,NULL,'2026-01-20 07:11:37','2026-01-20 07:11:37'),(8,'App\\Models\\User',1,'auth-token','bceb7e101a1d9d076ee70ef4eee632a9c9de7cf5ff5c47c6c0ff1b87c1c84a8c','[\"*\"]',NULL,NULL,'2026-01-20 07:11:38','2026-01-20 07:11:38'),(9,'App\\Models\\User',1,'auth-token','cad03b2f1fbe9ee426af127127ebcf6687600629485bf1035854e22e7a313b56','[\"*\"]',NULL,NULL,'2026-01-20 07:11:56','2026-01-20 07:11:56'),(10,'App\\Models\\User',1,'auth-token','b37c69f3220e3b57c95b67f4c20666f89ccf9498badf937fa8cf0652f41e8e2e','[\"*\"]',NULL,NULL,'2026-01-20 07:11:58','2026-01-20 07:11:58'),(11,'App\\Models\\User',1,'auth-token','1c48390f81fba3b9f11958c62ec4e50b8f8c8bd5c296feaa6fa09ffefdfb5f2d','[\"*\"]',NULL,NULL,'2026-01-20 07:11:59','2026-01-20 07:11:59'),(12,'App\\Models\\User',1,'auth-token','134050e7ba49849716f9fb13aff98812a3ca3e532e5f3c5a99cba122ec70718e','[\"*\"]',NULL,NULL,'2026-01-20 07:11:59','2026-01-20 07:11:59'),(13,'App\\Models\\User',1,'auth-token','af527c3f00e0c06576c6b9453a7083a50db17535dba76a0ad0a6927d4511e6f7','[\"*\"]',NULL,NULL,'2026-01-20 07:11:59','2026-01-20 07:11:59'),(14,'App\\Models\\User',1,'auth-token','ec31cfc8b0ee0a752d6e25e08b7370f73761afbf5016875387906975136cac6c','[\"*\"]',NULL,NULL,'2026-01-20 07:12:28','2026-01-20 07:12:28'),(15,'App\\Models\\User',1,'auth-token','c13ccf32c53c59ca987bfadce28269f5eb9d3e1fc25aa92f4cd7daa0d0583bd8','[\"*\"]',NULL,NULL,'2026-01-20 07:13:01','2026-01-20 07:13:01'),(16,'App\\Models\\User',32,'auth-token','985cdcee148c3a5a36838b23c19518babe92e31aae105605262320dea7586c1c','[\"*\"]',NULL,NULL,'2026-01-20 08:03:01','2026-01-20 08:03:01'),(17,'App\\Models\\User',32,'auth-token','11a8062b522d755d2957acdb31dec84f1e32bd45d976db41905537bc3c284d2a','[\"*\"]',NULL,NULL,'2026-01-20 08:05:29','2026-01-20 08:05:29'),(18,'App\\Models\\User',32,'auth-token','aa207d5ff85a50551ac7b6d6856e80e4495f1ae2dd2c63165ee2860b5627f84e','[\"*\"]',NULL,NULL,'2026-01-20 08:27:42','2026-01-20 08:27:42'),(19,'App\\Models\\User',1,'auth-token','8d46fb55f40402a406643a26b1d4290229ba186d3722c0954b3cc98bbc08836b','[\"*\"]',NULL,NULL,'2026-01-20 08:28:40','2026-01-20 08:28:40'),(20,'App\\Models\\User',1,'auth-token','29e297c7ad0bf8c7614e2a733dc11d6970ae1a278505249785c4e98d48807208','[\"*\"]',NULL,NULL,'2026-01-20 08:30:22','2026-01-20 08:30:22'),(21,'App\\Models\\User',32,'auth-token','d2f04f054c768f0152844c5af806f8fbff02bac2b5e4b1db92a8e1db844f6268','[\"*\"]',NULL,NULL,'2026-01-20 08:39:51','2026-01-20 08:39:51'),(22,'App\\Models\\User',32,'auth-token','606e2adfb5571cb7fccc0df1d2bdd2feec41d5d7f526a8bb86d1fba0099cf0e7','[\"*\"]',NULL,NULL,'2026-01-20 08:48:19','2026-01-20 08:48:19'),(23,'App\\Models\\User',1,'auth-token','b0be2d6a2357fce5170aeda4a084b62c032c9771dc2bacaae50c9b5ae2469ccd','[\"*\"]',NULL,NULL,'2026-01-20 08:51:00','2026-01-20 08:51:00'),(24,'App\\Models\\User',1,'auth-token','6b270375005354cd96842b7eaa056b44d3ee63f29159521cf6e073e035a930e3','[\"*\"]',NULL,NULL,'2026-01-20 08:51:41','2026-01-20 08:51:41'),(25,'App\\Models\\User',1,'auth-token','7e417fff948e1bb0454b2ffa49dd8ff862682a43e63557c284c6c494a3d7f4e1','[\"*\"]',NULL,NULL,'2026-01-20 08:53:47','2026-01-20 08:53:47'),(26,'App\\Models\\User',1,'auth-token','b1ae8059f074a4ad789363f85a690ae4c78d66c73b515c94ef432389afbd7ed1','[\"*\"]',NULL,NULL,'2026-01-20 08:55:41','2026-01-20 08:55:41'),(27,'App\\Models\\User',32,'auth-token','570e254e86a8d7d2645d14d7d0f177495381d99e1a1069205d77a9b155ad7d2c','[\"*\"]',NULL,NULL,'2026-01-20 09:37:41','2026-01-20 09:37:41'),(28,'App\\Models\\User',1,'auth-token','775e54b769283755477118287a9eeddfa21f0d20a5f2a6f04cdce7fa890d1579','[\"*\"]',NULL,NULL,'2026-01-20 09:38:44','2026-01-20 09:38:44'),(31,'App\\Models\\User',1,'auth-token','a0ff594bf66830b57025ebd1d04c2d6285227434716a7a035a7d8064086d1c60','[\"*\"]',NULL,NULL,'2026-01-20 09:48:13','2026-01-20 09:48:13'),(32,'App\\Models\\User',1,'auth-token','6756e9c8c792ec1c353568acbc5ceda9bc68b3d8a093c19fa388dace7e94fdaf','[\"*\"]',NULL,NULL,'2026-01-20 09:49:18','2026-01-20 09:49:18'),(33,'App\\Models\\User',1,'auth-token','51845e5624327c71b92890d281b396589b837cc57dd60bc09de2535530250129','[\"*\"]',NULL,NULL,'2026-01-20 09:51:50','2026-01-20 09:51:50'),(35,'App\\Models\\User',32,'auth-token','998b389b7d1178fab5ed0e571fd8eaf0e36797ac3f2e1daafff1242823689f19','[\"*\"]',NULL,NULL,'2026-01-20 10:08:27','2026-01-20 10:08:27'),(36,'App\\Models\\User',1,'auth-token','611c5ca4696458bf9cd312a432cb40d52bfda7a0121540ba955e2df8d3e8252d','[\"*\"]',NULL,NULL,'2026-01-20 10:08:44','2026-01-20 10:08:44'),(50,'App\\Models\\User',17,'auth-token','72b4f1e25884964b35debd630d79bb7f41bae6c2f7d92463574238e4d437629e','[\"*\"]',NULL,NULL,'2026-01-20 12:35:00','2026-01-20 12:35:00'),(51,'App\\Models\\User',17,'auth-token','cd690b2014fa6ba40fd7629d3dfde7a865a84387dbcdc24e7f154b1efd0270db','[\"*\"]',NULL,NULL,'2026-01-21 11:00:37','2026-01-21 11:00:37'),(52,'App\\Models\\User',32,'auth-token','0cdcc3813b5680c889ba66b6ffacd25ccbd6efe0f256e25170ef516bf0722063','[\"*\"]','2026-01-24 12:36:03',NULL,'2026-01-24 12:34:09','2026-01-24 12:36:03'),(53,'App\\Models\\User',32,'auth-token','c4b6d201553e2352a32cfc1fd2cb287a76c4521d99c899dc9d046f1eef19a1c1','[\"*\"]',NULL,NULL,'2026-01-27 07:31:00','2026-01-27 07:31:00');
/*!40000 ALTER TABLE `personal_access_tokens` ENABLE KEYS */;
UNLOCK TABLES;

--
-- Table structure for table `policy_contents`
--

DROP TABLE IF EXISTS `policy_contents`;
/*!40101 SET @saved_cs_client     = @@character_set_client */;
/*!50503 SET character_set_client = utf8mb4 */;
CREATE TABLE `policy_contents` (
  `id` bigint unsigned NOT NULL AUTO_INCREMENT,
  `policy_master_id` bigint unsigned NOT NULL,
  `content` longtext COLLATE utf8mb4_unicode_ci NOT NULL,
  `updates_summary` text COLLATE utf8mb4_unicode_ci,
  `version_number` int NOT NULL DEFAULT '1',
  `is_active` tinyint(1) NOT NULL DEFAULT '0',
  `created_at` timestamp NULL DEFAULT NULL,
  `updated_at` timestamp NULL DEFAULT NULL,
  PRIMARY KEY (`id`),
  KEY `policy_contents_policy_master_id_foreign` (`policy_master_id`),
  CONSTRAINT `policy_contents_policy_master_id_foreign` FOREIGN KEY (`policy_master_id`) REFERENCES `policy_masters` (`id`) ON DELETE CASCADE
) ENGINE=InnoDB AUTO_INCREMENT=29 DEFAULT CHARSET=utf8mb4 COLLATE=utf8mb4_unicode_ci;
/*!40101 SET character_set_client = @saved_cs_client */;

--
-- Dumping data for table `policy_contents`
--

LOCK TABLES `policy_contents` WRITE;
/*!40000 ALTER TABLE `policy_contents` DISABLE KEYS */;
INSERT INTO `policy_contents` VALUES (1,1,'<p><strong>1. Collection of Information :</strong><br>We may collect Personal Information, Transaction Information and Non-Personal Information (defined below) from You when You register or set up an account with Us on the Platform or when You avail the Services. You can browse certain sections of the Platform without being a registered member, however, to avail certain Services on the Platform (such as investing in Stocks, P2P Lending etc.) You are required to register with Us. This Privacy Policy applies to the following information:</p><ul><li>Information You provide Us: You may provide certain information to Us voluntarily while registering on Our Platform or for using Our Services. Such information include any identification/ correspondence details including Your mobile number, email address, password, date of birth, gender, Permanent Account Number (PAN), signature, marital status, nominee details, residential/ current address, any national identifiers such as identity card / passport details / Aadhaar card details / Voter ID / driving license, and/or education details. We may also ask You to provide certain additional information about You or any person acting on Your behalf on a case-to-case basis (collectively “Personal Information”). Further, You hereby acknowledge and agree that Our affiliates or group or subsidiary companies registered with financial services regulators may retrieve from Your records available with third party including from Know Your Customer (KYC) Registration Agency (KRA) such as name, KYC details, KYC status, father’s name, occupation, address details and related documents.</li><li>Transactional Information: We may also ask You for certain financial information, including Your billing address, bank account details, income, expenses, and/or credit history, including transaction history, balances, and/or other payment related details or other payment method data, and debit instructions or other standing instructions to process payments for the Services. Further, if You choose to invest through the Platform, We will also collect information about Your transactions including transaction status/ ID and details and Your investing patterns and behaviour (collectively “Transaction Information”).</li><li>Non-Personal Information and Cookies: We may also collect certain non-personal information, such as Your internet protocol address, web request, operating system, browser type, URL, internet service provider, IP address, aggregate user data, browser type, software and hardware attributes, pages You request, and cookie information, etc. which will not identify with You specifically (“Non – Personal Information”), while You browse, access or use the Platform. We receive and store Non – Personal Information, using data collection devices such as “cookies” on certain pages of the Platform, in order to help and analyze Our web – page flow, track user trends, measure promotional effectiveness, and promote trust and safety. We offer certain additional features on the Platform that are only available through the use of a “cookie”. We place both permanent and temporary cookies in Your computer’s hard drive. We also use cookies to allow You to enter Your password less frequently during a session on the Platform. Most cookies are “session cookies,” meaning that they are automatically deleted from Your hard drive at the end of a session. You are always free to decline Our cookies if Your browser permits, although in that case, You may not be able to use certain features or Services being provided on the Platform or You may be required to re-enter Your password each time you log – in or access the Platform during a session. No Personal Data will be collected via cookies and other tracking technology; however, if You previously provided Personal Data, cookies may be tied to such information. When and if You download and/or use the Platform through Your mobile device, We may receive information about Your location, Your IP address, and/or Your mobile device, including a unique identifier number for Your device. We may use this information to provide You with location-based Services including but not limited to search results and other personalized content. You can withdraw Your consent at any time by disabling the location-tracking functions on Your mobile. However, this may affect Your use/ enjoyment of certain features on Our Platform. You acknowledge and agree that when You browse the Platform without being a registered member or without providing Your Personal Information, We may still collect and store Your Non-Personal Information.</li></ul><p><strong>2. Use of Information :</strong></p><p>We use the Personal Information, Non-Personal Information, Transactional Information and User Communications and such other information provided by You for the following: (i) to provide and improve the Services on the Platform that You request; (ii) to resolve disputes and troubleshoot problems; (iii) to help promote a safe service on the Platform and protect the security and integrity of the Platform, the Services and the users; (iv) collect money from You in relation to the Services, (v) inform You about online and offline offers, products, services, and updates; (vi) customize Your experience on the Platform or share marketing material with You; (vii) to detect, prevent and protect Us from any errors, fraud and other criminal or prohibited activity on the Platform; (viii) enforce and inform about our terms and conditions; (ix) to process and fulfil Your request for Services or respond to Your comments, and queries on the Platform; (x) to contact You; (xi) to allow Our business partners and/or associates to present customised messages to You; (xii) to communicate important notices or changes in the Services, use of the Platform and the terms/policies which govern the relationship between You and the Company and with Our affiliates for providing Services to You; and (xiii) for any other purpose after obtaining Your consent at the time of collection.</p><ul><li>Information You provide Us: You may provide certain information to Us voluntarily while registering on Our Platform or for using Our Services. Such information include any identification/ correspondence details including Your mobile number, email address, password, date of birth, gender, Permanent Account Number (PAN), signature, marital status, nominee details, residential/ current address, any national identifiers such as identity card / passport details / Aadhaar card details / Voter ID / driving license, and/or education details. We may also ask You to provide certain additional information about You or any person acting on Your behalf on a case-to-case basis (collectively “Personal Information”). Further, You hereby acknowledge and agree that Our affiliates or group or subsidiary companies registered with financial services regulators may retrieve from Your records available with third party including from Know Your Customer (KYC) Registration Agency (KRA) such as name, KYC details, KYC status, father’s name, occupation, address details and related documents.</li><li>&nbsp;</li></ul>',NULL,1,0,'2025-12-29 01:32:46','2026-01-27 12:52:47'),(2,1,'<p><strong>1. Collection of Information :</strong><br>We may collect Personal Information, Transaction Information and Non-Personal Information (defined below) from You when You register or set up an account with Us on the Platform or when You avail the Services. You can browse certain sections of the Platform without being a registered member, however, to avail certain Services on the Platform (such as investing in Stocks, P2P Lending etc.) You are required to register with Us. This Privacy Policy applies to the following information:</p><ul><li>Information You provide Us: You may provide certain information to Us voluntarily while registering on Our Platform or for using Our Services. Such information include any identification/ correspondence details including Your mobile number, email address, password, date of birth, gender, Permanent Account Number (PAN), signature, marital status, nominee details, residential/ current address, any national identifiers such as identity card / passport details / Aadhaar card details / Voter ID / driving license, and/or education details. We may also ask You to provide certain additional information about You or any person acting on Your behalf on a case-to-case basis (collectively “Personal Information”). Further, You hereby acknowledge and agree that Our affiliates or group or subsidiary companies registered with financial services regulators may retrieve from Your records available with third party including from Know Your Customer (KYC) Registration Agency (KRA) such as name, KYC details, KYC status, father’s name, occupation, address details and related documents.</li><li>Transactional Information: We may also ask You for certain financial information, including Your billing address, bank account details, income, expenses, and/or credit history, including transaction history, balances, and/or other payment related details or other payment method data, and debit instructions or other standing instructions to process payments for the Services. Further, if You choose to invest through the Platform, We will also collect information about Your transactions including transaction status/ ID and details and Your investing patterns and behaviour (collectively “Transaction Information”).</li><li>Non-Personal Information and Cookies: We may also collect certain non-personal information, such as Your internet protocol address, web request, operating system, browser type, URL, internet service provider, IP address, aggregate user data, browser type, software and hardware attributes, pages You request, and cookie information, etc. which will not identify with You specifically (“Non – Personal Information”), while You browse, access or use the Platform. We receive and store Non – Personal Information, using data collection devices such as “cookies” on certain pages of the Platform, in order to help and analyze Our web – page flow, track user trends, measure promotional effectiveness, and promote trust and safety. We offer certain additional features on the Platform that are only available through the use of a “cookie”. We place both permanent and temporary cookies in Your computer’s hard drive. We also use cookies to allow You to enter Your password less frequently during a session on the Platform. Most cookies are “session cookies,” meaning that they are automatically deleted from Your hard drive at the end of a session. You are always free to decline Our cookies if Your browser permits, although in that case, You may not be able to use certain features or Services being provided on the Platform or You may be required to re-enter Your password each time you log – in or access the Platform during a session. No Personal Data will be collected via cookies and other tracking technology; however, if You previously provided Personal Data, cookies may be tied to such information. When and if You download and/or use the Platform through Your mobile device, We may receive information about Your location, Your IP address, and/or Your mobile device, including a unique identifier number for Your device. We may use this information to provide You with location-based Services including but not limited to search results and other personalized content. You can withdraw Your consent at any time by disabling the location-tracking functions on Your mobile. However, this may affect Your use/ enjoyment of certain features on Our Platform. You acknowledge and agree that when You browse the Platform without being a registered member or without providing Your Personal Information, We may still collect and store Your Non-Personal Information.</li></ul><p><strong>2. Use of Information :</strong></p><p>We use the Personal Information, Non-Personal Information, Transactional Information and User Communications and such other information provided by You for the following: (i) to provide and improve the Services on the Platform that You request; (ii) to resolve disputes and troubleshoot problems; (iii) to help promote a safe service on the Platform and protect the security and integrity of the Platform, the Services and the users; (iv) collect money from You in relation to the Services, (v) inform You about online and offline offers, products, services, and updates; (vi) customize Your experience on the Platform or share marketing material with You; (vii) to detect, prevent and protect Us from any errors, fraud and other criminal or prohibited activity on the Platform; (viii) enforce and inform about our terms and conditions; (ix) to process and fulfil Your request for Services or respond to Your comments, and queries on the Platform; (x) to contact You; (xi) to allow Our business partners and/or associates to present customised messages to You; (xii) to communicate important notices or changes in the Services, use of the Platform and the terms/policies which govern the relationship between You and the Company and with Our affiliates for providing Services to You; and (xiii) for any other purpose after obtaining Your consent at the time of collection.</p><ul><li>Information You provide Us: You may provide certain information to Us voluntarily while registering on Our Platform or for using Our Services. Such information include any identification/ correspondence details including Your mobile number, email address, password, date of birth, gender, Permanent Account Number (PAN), signature, marital status, nominee details, residential/ current address, any national identifiers such as identity card / passport details / Aadhaar card details / Voter ID / driving license, and/or education details. We may also ask You to provide certain additional information about You or any person acting on Your behalf on a case-to-case basis (collectively “Personal Information”). Further, You hereby acknowledge and agree that Our affiliates or group or subsidiary companies registered with financial services regulators may retrieve from Your records available with third party including from Know Your Customer (KYC) Registration Agency (KRA) such as name, KYC details, KYC status, father’s name, occupation, address details and related documents.</li><li>&nbsp;</li></ul>','Changes in 1. Collection of the Information\r\n for the personal Information..',2,0,'2025-12-29 01:35:42','2026-01-27 12:52:47'),(3,2,'<h2><strong>1. Acceptance of Terms</strong><br>By accessing or using our website, services, or applications, you agree to be bound by these Terms and Conditions. If you do not agree with any part of these terms, you must not use our services.</h2><h2><strong>2. Eligibility</strong><br>You must be at least 18 years old to use our services. By using this website, you confirm that you meet this requirement and have the legal capacity to enter into a binding agreement.</h2><h2><strong>3. Use of Services</strong><br>You agree to use the services only for lawful purposes.</h2><p>&nbsp;</p><ul><li>You must not misuse, hack, or attempt unauthorized access to the platform.</li></ul><p><br>You are responsible for maintaining the confidentiality of your account credentials.</p><p><br>&nbsp;</p><h2><strong>4. Intellectual Property</strong></h2><p>All content, logos, designs, text, graphics, and software on this website are the intellectual property of the company and are protected by applicable copyright and trademark laws.</p><h2><strong>5. User Content</strong></h2><p>Any content submitted by users remains their responsibility. We reserve the right to remove content that violates these terms or applicable laws.</p><h2><strong>6. Payments &amp; Refunds</strong></h2><p>All payments made on the platform are subject to our pricing and refund policy. Fees once paid are non-refundable unless explicitly stated otherwise.</p><h2><strong>7. Limitation of Liability</strong></h2><p>We shall not be liable for any indirect, incidental, or consequential damages arising from the use or inability to use our services.</p><p><br>&nbsp;</p><h2><strong>8. Termination</strong></h2><p>We reserve the right to suspend or terminate your access to the services at any time, without prior notice, if you violate these Terms and Conditions.</p><p>&nbsp;</p>',NULL,1,0,'2025-12-29 01:49:44','2026-01-11 17:24:37'),(4,2,'<h2><strong>1. Acceptance of Terms</strong><br>By accessing or using our website, services, or applications, you agree to be bound by these Terms and Conditions. If you do not agree with any part of these terms, you must not use our services.</h2><h2><strong>2. Eligibility</strong><br>You must be at least 18 years old to use our services. By using this website, you confirm that you meet this requirement and have the legal capacity to enter into a binding agreement.</h2><ul><li><strong>3. Use of Services</strong><br>You agree to use the services only for lawful purposes.</li><li>&nbsp;</li><li>You must not misuse, hack, or attempt unauthorized access to the platform.</li><li><br>You are responsible for maintaining the confidentiality of your account credentials.</li></ul><p><br>&nbsp;</p><h2><strong>4. Intellectual Property</strong></h2><p>All content, logos, designs, text, graphics, and software on this website are the intellectual property of the company and are protected by applicable copyright and trademark laws.</p><h2><strong>5. User Content</strong></h2><p>Any content submitted by users remains their responsibility. We reserve the right to remove content that violates these terms or applicable laws.</p><h2><strong>6. Payments &amp; Refunds</strong></h2><p>All payments made on the platform are subject to our pricing and refund policy. Fees once paid are non-refundable unless explicitly stated otherwise.</p><h2><strong>7. Limitation of Liability</strong></h2><p>We shall not be liable for any indirect, incidental, or consequential damages arising from the use or inability to use our services.</p><p><br>&nbsp;</p><h2><strong>8. Termination</strong></h2><p>We reserve the right to suspend or terminate your access to the services at any time, without prior notice, if you violate these Terms and Conditions.</p><p>&nbsp;</p>',NULL,2,0,'2025-12-29 01:50:21','2026-01-11 17:24:37'),(5,2,'<h2><strong>1. Acceptance of Terms</strong><br>By accessing or using our website, services, or applications, you agree to be bound by these Terms and Conditions. If you do not agree with any part of these terms, you must not use our services.</h2><h2><strong>2. Eligibility</strong><br>You must be at least 18 years old to use our services. By using this website, you confirm that you meet this requirement and have the legal capacity to enter into a binding agreement.</h2><ul><li><strong>3. Use of Services</strong><br>You agree to use the services only for lawful purposes.</li><li>You must not misuse, hack, or attempt unauthorized access to the platform.</li><li>You are responsible for maintaining the confidentiality of your account credentials.&nbsp;</li></ul><h2><strong>4. Intellectual Property</strong></h2><p>All content, logos, designs, text, graphics, and software on this website are the intellectual property of the company and are protected by applicable copyright and trademark laws.</p><h2><strong>5. User Content</strong></h2><p>Any content submitted by users remains their responsibility. We reserve the right to remove content that violates these terms or applicable laws.</p><h2><strong>6. Payments &amp; Refunds</strong></h2><p>All payments made on the platform are subject to our pricing and refund policy. Fees once paid are non-refundable unless explicitly stated otherwise.</p><h2><strong>7. Limitation of Liability</strong></h2><p>We shall not be liable for any indirect, incidental, or consequential damages arising from the use or inability to use our services.</p><h2><strong>8. Termination</strong></h2><p>We reserve the right to suspend or terminate your access to the services at any time, without prior notice, if you violate these Terms and Conditions.</p><p>&nbsp;</p>',NULL,3,0,'2025-12-29 01:51:12','2026-01-11 17:24:37'),(6,2,'<h2><strong>1. Acceptance of Terms</strong><br>By accessing or using our website, services, or applications, you agree to be bound by these Terms and Conditions. If you do not agree with any part of these terms, you must not use our services.</h2><h2><strong>2. Eligibility</strong><br>You must be at least 18 years old to use our services. By using this website, you confirm that you meet this requirement and have the legal capacity to enter into a binding agreement.</h2><h2><strong>3. Use of Services</strong><br>You agree to use the services only for lawful purposes.</h2><ul><li>You must not misuse, hack, or attempt unauthorized access to the platform.</li><li>You are responsible for maintaining the confidentiality of your account credentials.&nbsp;</li></ul><h2><strong>4. Intellectual Property</strong></h2><p>All content, logos, designs, text, graphics, and software on this website are the intellectual property of the company and are protected by applicable copyright and trademark laws.</p><h2><strong>5. User Content</strong></h2><p>Any content submitted by users remains their responsibility. We reserve the right to remove content that violates these terms or applicable laws.</p><h2><strong>6. Payments &amp; Refunds</strong></h2><p>All payments made on the platform are subject to our pricing and refund policy. Fees once paid are non-refundable unless explicitly stated otherwise.</p><h2><strong>7. Limitation of Liability</strong></h2><p>We shall not be liable for any indirect, incidental, or consequential damages arising from the use or inability to use our services.</p><h2><strong>8. Termination</strong></h2><p>We reserve the right to suspend or terminate your access to the services at any time, without prior notice, if you violate these Terms and Conditions.</p><p>&nbsp;</p>',NULL,4,0,'2025-12-29 01:51:52','2026-01-11 17:24:37'),(7,3,'<ol><li><strong>Collection of Information</strong><br>We may collect Personal Information, Transaction Information and Non-Personal Information (defined below) from You when You register or set up an account with Us on the Platform or when You avail the Services. You can browse certain sections of the Platform without being a registered member, however, to avail certain Services on the Platform (such as investing in Stocks, P2P Lending etc.) You are required to register with Us. This Privacy Policy applies to the following information:</li></ol><ul><li>Information You provide Us: You may provide certain information to Us voluntarily while registering on Our Platform or for using Our Services. Such information include any identification/ correspondence details including Your mobile number, email address, password, date of birth, gender, Permanent Account Number (PAN), signature, marital status, nominee details, residential/ current address, any national identifiers such as identity card / passport details / Aadhaar card details / Voter ID / driving license, and/or education details. We may also ask You to provide certain additional information about You or any person acting on Your behalf on a case-to-case basis (collectively “Personal Information”). Further, You hereby acknowledge and agree that Our affiliates or group or subsidiary companies registered with financial services regulators may retrieve from Your records available with third party including from Know Your Customer (KYC) Registration Agency (KRA) such as name, KYC details, KYC status, father’s name, occupation, address details and related documents.</li><li>Transactional Information: We may also ask You for certain financial information, including Your billing address, bank account details, income, expenses, and/or credit history, including transaction history, balances, and/or other payment related details or other payment method data, and debit instructions or other standing instructions to process payments for the Services. Further, if You choose to invest through the Platform, We will also collect information about Your transactions including transaction status/ ID and details and Your investing patterns and behaviour (collectively “Transaction Information”).</li><li>Non-Personal Information and Cookies: We may also collect certain non-personal information, such as Your internet protocol address, web request, operating system, browser type, URL, internet service provider, IP address, aggregate user data, browser type, software and hardware attributes, pages You request, and cookie information, etc. which will not identify with You specifically (“Non – Personal Information”), while You browse, access or use the Platform. We receive and store Non – Personal Information, using data collection devices such as “cookies” on certain pages of the Platform, in order to help and analyze Our web – page flow, track user trends, measure promotional effectiveness, and promote trust and safety. We offer certain additional features on the Platform that are only available through the use of a “cookie”. We place both permanent and temporary cookies in Your computer’s hard drive. We also use cookies to allow You to enter Your password less frequently during a session on the Platform. Most cookies are “session cookies,” meaning that they are automatically deleted from Your hard drive at the end of a session. You are always free to decline Our cookies if Your browser permits, although in that case, You may not be able to use certain features or Services being provided on the Platform or You may be required to re-enter Your password each time you log – in or access the Platform during a session. No Personal Data will be collected via cookies and other tracking technology; however, if You previously provided Personal Data, cookies may be tied to such information. When and if You download and/or use the Platform through Your mobile device, We may receive information about Your location, Your IP address, and/or Your mobile device, including a unique identifier number for Your device. We may use this information to provide You with location-based Services including but not limited to search results and other personalized content. You can withdraw Your consent at any time by disabling the location-tracking functions on Your mobile. However, this may affect Your use/ enjoyment of certain features on Our Platform. You acknowledge and agree that when You browse the Platform without being a registered member or without providing Your Personal Information, We may still collect and store Your Non-Personal Information.</li><li>&nbsp;</li><li><strong>Use of Information</strong><br>We use the Personal Information, Non-Personal Information, Transactional Information and User Communications and such other information provided by You for the following: (i) to provide and improve the Services on the Platform that You request; (ii) to resolve disputes and troubleshoot problems; (iii) to help promote a safe service on the Platform and protect the security and integrity of the Platform, the Services and the users; (iv) collect money from You in relation to the Services, (v) inform You about online and offline offers, products, services, and updates; (vi) customize Your experience on the Platform or share marketing material with You; (vii) to detect, prevent and protect Us from any errors, fraud and other criminal or prohibited activity on the Platform; (viii) enforce and inform about our terms and conditions; (ix) to process and fulfil Your request for Services or respond to Your comments, and queries on the Platform; (x) to contact You; (xi) to allow Our business partners and/or associates to present customised messages to You; (xii) to communicate important notices or changes in the Services, use of the Platform and the terms/policies which govern the relationship between You and the Company and with Our affiliates for providing Services to You; and (xiii) for any other purpose after obtaining Your consent at the time of collection.</li><li>Information You provide Us: You may provide certain information to Us voluntarily while registering on Our Platform or for using Our Services. Such information include any identification/ correspondence details including Your mobile number, email address, password, date of birth, gender, Permanent Account Number (PAN), signature, marital status, nominee details, residential/ current address, any national identifiers such as identity card / passport details / Aadhaar card details / Voter ID / driving license, and/or education details. We may also ask You to provide certain additional information about You or any person acting on Your behalf on a case-to-case basis (collectively “Personal Information”). Further, You hereby acknowledge and agree that Our affiliates or group or subsidiary companies registered with financial services regulators may retrieve from Your records available with third party including from Know Your Customer (KYC) Registration Agency (KRA) such as name, KYC details, KYC status, father’s name, occupation, address details and related documents.</li><li>Transactional Information: We may also ask You for certain financial information, including Your billing address, bank account details, income, expenses, and/or credit history, including transaction history, balances, and/or other payment related details or other payment method data, and debit instructions or other standing instructions to process payments for the Services. Further, if You choose to invest through the Platform, We will also collect information about Your transactions including transaction status/ ID and details and Your investing patterns and behaviour (collectively “Transaction Information”).</li><li>Non-Personal Information and Cookies: We may also collect certain non-personal information, such as Your internet protocol address, web request, operating system, browser type, URL, internet service provider, IP address, aggregate user data, browser type, software and hardware attributes, pages You request, and cookie information, etc. which will not identify with You specifically (“Non – Personal Information”), while You browse, access or use the Platform. We receive and store Non – Personal Information, using data collection devices such as “cookies” on certain pages of the Platform, in order to help and analyze Our web – page flow, track user trends, measure promotional effectiveness, and promote trust and safety. We offer certain additional features on the Platform that are only available through the use of a “cookie”. We place both permanent and temporary cookies in Your computer’s hard drive. We also use cookies to allow You to enter Your password less frequently during a session on the Platform. Most cookies are “session cookies,” meaning that they are automatically deleted from Your hard drive at the end of a session. You are always free to decline Our cookies if Your browser permits, although in that case, You may not be able to use certain features or Services being provided on the Platform or You may be required to re-enter Your password each time you log – in or access the Platform during a session. No Personal Data will be collected via cookies and other tracking technology; however, if You previously provided Personal Data, cookies may be tied to such information. When and if You download and/or use the Platform through Your mobile device, We may receive information about Your location, Your IP address, and/or Your mobile device, including a unique identifier number for Your device. We may use this information to provide You with location-based Services including but not limited to search results and other personalized content. You can withdraw Your consent at any time by disabling the location-tracking functions on Your mobile. However, this may affect Your use/ enjoyment of certain features on Our Platform. You acknowledge and agree that when You browse the Platform without being a registered member or without providing Your Personal Information, We may still collect and store Your Non-Personal Information.<br><br><strong>Governing Law</strong></li></ul><p>This policy will be governed by and construed in accordance with the laws of India and subjected to the exclusive jurisdiction of Courts of Gurugram.</p><p><br>&nbsp;</p>',NULL,1,0,'2025-12-29 01:55:51','2026-01-11 13:40:00'),(8,3,'<p><strong>1. &nbsp;Collection of Information</strong><br>We may collect Personal Information, Transaction Information and Non-Personal Information (defined below) from You when You register or set up an account with Us on the Platform or when You avail the Services. You can browse certain sections of the Platform without being a registered member, however, to avail certain Services on the Platform (such as investing in Stocks, P2P Lending etc.) You are required to register with Us. This Privacy Policy applies to the following information:</p><p>Information You provide Us: You may provide certain information to Us voluntarily while registering on Our Platform or for using Our Services. Such information include any identification/ correspondence details including Your mobile number, email address, password, date of birth, gender, Permanent Account Number (PAN), signature, marital status, nominee details, residential/ current address, any national identifiers such as identity card / passport details / Aadhaar card details / Voter ID / driving license, and/or education details. We may also ask You to provide certain additional information about You or any person acting on Your behalf on a case-to-case basis (collectively “Personal Information”). Further, You hereby acknowledge and agree that Our affiliates or group or subsidiary companies registered with financial services regulators may retrieve from Your records available with third party including from Know Your Customer (KYC) Registration Agency (KRA) such as name, KYC details, KYC status, father’s name, occupation, address details and related documents.</p><p>Transactional Information: We may also ask You for certain financial information, including Your billing address, bank account details, income, expenses, and/or credit history, including transaction history, balances, and/or other payment related details or other payment method data, and debit instructions or other standing instructions to process payments for the Services. Further, if You choose to invest through the Platform, We will also collect information about Your transactions including transaction status/ ID and details and Your investing patterns and behaviour (collectively “Transaction Information”).</p><p>Non-Personal Information and Cookies: We may also collect certain non-personal information, such as Your internet protocol address, web request, operating system, browser type, URL, internet service provider, IP address, aggregate user data, browser type, software and hardware attributes, pages You request, and cookie information, etc. which will not identify with You specifically (“Non – Personal Information”), while You browse, access or use the Platform. We receive and store Non – Personal Information, using data collection devices such as “cookies” on certain pages of the Platform, in order to help and analyze Our web – page flow, track user trends, measure promotional effectiveness, and promote trust and safety. We offer certain additional features on the Platform that are only available through the use of a “cookie”. We place both permanent and temporary cookies in Your computer’s hard drive. We also use cookies to allow You to enter Your password less frequently during a session on the Platform. Most cookies are “session cookies,” meaning that they are automatically deleted from Your hard drive at the end of a session. You are always free to decline Our cookies if Your browser permits, although in that case, You may not be able to use certain features or Services being provided on the Platform or You may be required to re-enter Your password each time you log – in or access the Platform during a session. No Personal Data will be collected via cookies and other tracking technology; however, if You previously provided Personal Data, cookies may be tied to such information. When and if You download and/or use the Platform through Your mobile device, We may receive information about Your location, Your IP address, and/or Your mobile device, including a unique identifier number for Your device. We may use this information to provide You with location-based Services including but not limited to search results and other personalized content. You can withdraw Your consent at any time by disabling the location-tracking functions on Your mobile. However, this may affect Your use/ enjoyment of certain features on Our Platform. You acknowledge and agree that when You browse the Platform without being a registered member or without providing Your Personal Information, We may still collect and store Your Non-Personal Information.</p><ul><li>&nbsp;</li></ul><p><strong>2. Use of Information</strong><br>We use the Personal Information, Non-Personal Information, Transactional Information and User Communications and such other information provided by You for the following: (i) to provide and improve the Services on the Platform that You request; (ii) to resolve disputes and troubleshoot problems; (iii) to help promote a safe service on the Platform and protect the security and integrity of the Platform, the Services and the users; (iv) collect money from You in relation to the Services, (v) inform You about online and offline offers, products, services, and updates; (vi) customize Your experience on the Platform or share marketing material with You; (vii) to detect, prevent and protect Us from any errors, fraud and other criminal or prohibited activity on the Platform; (viii) enforce and inform about our terms and conditions; (ix) to process and fulfil Your request for Services or respond to Your comments, and queries on the Platform; (x) to contact You; (xi) to allow Our business partners and/or associates to present customised messages to You; (xii) to communicate important notices or changes in the Services, use of the Platform and the terms/policies which govern the relationship between You and the Company and with Our affiliates for providing Services to You; and (xiii) for any other purpose after obtaining Your consent at the time of collection.</p><p>Information You provide Us: You may provide certain information to Us voluntarily while registering on Our Platform or for using Our Services. Such information include any identification/ correspondence details including Your mobile number, email address, password, date of birth, gender, Permanent Account Number (PAN), signature, marital status, nominee details, residential/ current address, any national identifiers such as identity card / passport details / Aadhaar card details / Voter ID / driving license, and/or education details. We may also ask You to provide certain additional information about You or any person acting on Your behalf on a case-to-case basis (collectively “Personal Information”). Further, You hereby acknowledge and agree that Our affiliates or group or subsidiary companies registered with financial services regulators may retrieve from Your records available with third party including from Know Your Customer (KYC) Registration Agency (KRA) such as name, KYC details, KYC status, father’s name, occupation, address details and related documents.</p><p>Transactional Information: We may also ask You for certain financial information, including Your billing address, bank account details, income, expenses, and/or credit history, including transaction history, balances, and/or other payment related details or other payment method data, and debit instructions or other standing instructions to process payments for the Services. Further, if You choose to invest through the Platform, We will also collect information about Your transactions including transaction status/ ID and details and Your investing patterns and behaviour (collectively “Transaction Information”).</p><p>Non-Personal Information and Cookies: We may also collect certain non-personal information, such as Your internet protocol address, web request, operating system, browser type, URL, internet service provider, IP address, aggregate user data, browser type, software and hardware attributes, pages You request, and cookie information, etc. which will not identify with You specifically (“Non – Personal Information”), while You browse, access or use the Platform. We receive and store Non – Personal Information, using data collection devices such as “cookies” on certain pages of the Platform, in order to help and analyze Our web – page flow, track user trends, measure promotional effectiveness, and promote trust and safety. We offer certain additional features on the Platform that are only available through the use of a “cookie”. We place both permanent and temporary cookies in Your computer’s hard drive. We also use cookies to allow You to enter Your password less frequently during a session on the Platform. Most cookies are “session cookies,” meaning that they are automatically deleted from Your hard drive at the end of a session. You are always free to decline Our cookies if Your browser permits, although in that case, You may not be able to use certain features or Services being provided on the Platform or You may be required to re-enter Your password each time you log – in or access the Platform during a session. No Personal Data will be collected via cookies and other tracking technology; however, if You previously provided Personal Data, cookies may be tied to such information. When and if You download and/or use the Platform through Your mobile device, We may receive information about Your location, Your IP address, and/or Your mobile device, including a unique identifier number for Your device. We may use this information to provide You with location-based Services including but not limited to search results and other personalized content. You can withdraw Your consent at any time by disabling the location-tracking functions on Your mobile. However, this may affect Your use/ enjoyment of certain features on Our Platform. You acknowledge and agree that when You browse the Platform without being a registered member or without providing Your Personal Information, We may still collect and store Your Non-Personal Information.<br><br><strong>3. Governing Law</strong></p><p>This policy will be governed by and construed in accordance with the laws of India and subjected to the exclusive jurisdiction of Courts of Gurugram.</p><p><br>&nbsp;</p>',NULL,2,0,'2025-12-29 01:57:49','2026-01-11 13:40:00'),(9,3,'<p><strong>1. &nbsp;Collection of Information</strong><br>We may collect Personal Information, Transaction Information and Non-Personal Information (defined below) from You when You register or set up an account with Us on the Platform or when You avail the Services. You can browse certain sections of the Platform without being a registered member, however, to avail certain Services on the Platform (such as investing in Stocks, P2P Lending etc.) You are required to register with Us. This Privacy Policy applies to the following information:</p><p>Information You provide Us: You may provide certain information to Us voluntarily while registering on Our Platform or for using Our Services. Such information include any identification/ correspondence details including Your mobile number, email address, password, date of birth, gender, Permanent Account Number (PAN), signature, marital status, nominee details, residential/ current address, any national identifiers such as identity card / passport details / Aadhaar card details / Voter ID / driving license, and/or education details. We may also ask You to provide certain additional information about You or any person acting on Your behalf on a case-to-case basis (collectively “Personal Information”). Further, You hereby acknowledge and agree that Our affiliates or group or subsidiary companies registered with financial services regulators may retrieve from Your records available with third party including from Know Your Customer (KYC) Registration Agency (KRA) such as name, KYC details, KYC status, father’s name, occupation, address details and related documents.</p><p>Transactional Information: We may also ask You for certain financial information, including Your billing address, bank account details, income, expenses, and/or credit history, including transaction history, balances, and/or other payment related details or other payment method data, and debit instructions or other standing instructions to process payments for the Services. Further, if You choose to invest through the Platform, We will also collect information about Your transactions including transaction status/ ID and details and Your investing patterns and behaviour (collectively “Transaction Information”).</p><p>Non-Personal Information and Cookies: We may also collect certain non-personal information, such as Your internet protocol address, web request, operating system, browser type, URL, internet service provider, IP address, aggregate user data, browser type, software and hardware attributes, pages You request, and cookie information, etc. which will not identify with You specifically (“Non – Personal Information”), while You browse, access or use the Platform. We receive and store Non – Personal Information, using data collection devices such as “cookies” on certain pages of the Platform, in order to help and analyze Our web – page flow, track user trends, measure promotional effectiveness, and promote trust and safety. We offer certain additional features on the Platform that are only available through the use of a “cookie”. We place both permanent and temporary cookies in Your computer’s hard drive. We also use cookies to allow You to enter Your password less frequently during a session on the Platform. Most cookies are “session cookies,” meaning that they are automatically deleted from Your hard drive at the end of a session. You are always free to decline Our cookies if Your browser permits, although in that case, You may not be able to use certain features or Services being provided on the Platform or You may be required to re-enter Your password each time you log – in or access the Platform during a session. No Personal Data will be collected via cookies and other tracking technology; however, if You previously provided Personal Data, cookies may be tied to such information. When and if You download and/or use the Platform through Your mobile device, We may receive information about Your location, Your IP address, and/or Your mobile device, including a unique identifier number for Your device. We may use this information to provide You with location-based Services including but not limited to search results and other personalized content. You can withdraw Your consent at any time by disabling the location-tracking functions on Your mobile. However, this may affect Your use/ enjoyment of certain features on Our Platform. You acknowledge and agree that when You browse the Platform without being a registered member or without providing Your Personal Information, We may still collect and store Your Non-Personal Information.</p><p>&nbsp;</p><p><strong>2. Use of Information</strong><br>We use the Personal Information, Non-Personal Information, Transactional Information and User Communications and such other information provided by You for the following: (i) to provide and improve the Services on the Platform that You request; (ii) to resolve disputes and troubleshoot problems; (iii) to help promote a safe service on the Platform and protect the security and integrity of the Platform, the Services and the users; (iv) collect money from You in relation to the Services, (v) inform You about online and offline offers, products, services, and updates; (vi) customize Your experience on the Platform or share marketing material with You; (vii) to detect, prevent and protect Us from any errors, fraud and other criminal or prohibited activity on the Platform; (viii) enforce and inform about our terms and conditions; (ix) to process and fulfil Your request for Services or respond to Your comments, and queries on the Platform; (x) to contact You; (xi) to allow Our business partners and/or associates to present customised messages to You; (xii) to communicate important notices or changes in the Services, use of the Platform and the terms/policies which govern the relationship between You and the Company and with Our affiliates for providing Services to You; and (xiii) for any other purpose after obtaining Your consent at the time of collection.</p><p>Information You provide Us: You may provide certain information to Us voluntarily while registering on Our Platform or for using Our Services. Such information include any identification/ correspondence details including Your mobile number, email address, password, date of birth, gender, Permanent Account Number (PAN), signature, marital status, nominee details, residential/ current address, any national identifiers such as identity card / passport details / Aadhaar card details / Voter ID / driving license, and/or education details. We may also ask You to provide certain additional information about You or any person acting on Your behalf on a case-to-case basis (collectively “Personal Information”). Further, You hereby acknowledge and agree that Our affiliates or group or subsidiary companies registered with financial services regulators may retrieve from Your records available with third party including from Know Your Customer (KYC) Registration Agency (KRA) such as name, KYC details, KYC status, father’s name, occupation, address details and related documents.</p><p>Transactional Information: We may also ask You for certain financial information, including Your billing address, bank account details, income, expenses, and/or credit history, including transaction history, balances, and/or other payment related details or other payment method data, and debit instructions or other standing instructions to process payments for the Services. Further, if You choose to invest through the Platform, We will also collect information about Your transactions including transaction status/ ID and details and Your investing patterns and behaviour (collectively “Transaction Information”).</p><p>Non-Personal Information and Cookies: We may also collect certain non-personal information, such as Your internet protocol address, web request, operating system, browser type, URL, internet service provider, IP address, aggregate user data, browser type, software and hardware attributes, pages You request, and cookie information, etc. which will not identify with You specifically (“Non – Personal Information”), while You browse, access or use the Platform. We receive and store Non – Personal Information, using data collection devices such as “cookies” on certain pages of the Platform, in order to help and analyze Our web – page flow, track user trends, measure promotional effectiveness, and promote trust and safety. We offer certain additional features on the Platform that are only available through the use of a “cookie”. We place both permanent and temporary cookies in Your computer’s hard drive. We also use cookies to allow You to enter Your password less frequently during a session on the Platform. Most cookies are “session cookies,” meaning that they are automatically deleted from Your hard drive at the end of a session. You are always free to decline Our cookies if Your browser permits, although in that case, You may not be able to use certain features or Services being provided on the Platform or You may be required to re-enter Your password each time you log – in or access the Platform during a session. No Personal Data will be collected via cookies and other tracking technology; however, if You previously provided Personal Data, cookies may be tied to such information. When and if You download and/or use the Platform through Your mobile device, We may receive information about Your location, Your IP address, and/or Your mobile device, including a unique identifier number for Your device. We may use this information to provide You with location-based Services including but not limited to search results and other personalized content. You can withdraw Your consent at any time by disabling the location-tracking functions on Your mobile. However, this may affect Your use/ enjoyment of certain features on Our Platform. You acknowledge and agree that when You browse the Platform without being a registered member or without providing Your Personal Information, We may still collect and store Your Non-Personal Information.<br><br><strong>3. Governing Law</strong></p><p>This policy will be governed by and construed in accordance with the laws of India and subjected to the exclusive jurisdiction of Courts of Gurugram.</p><p><br>&nbsp;</p>',NULL,3,0,'2025-12-29 01:58:11','2026-01-11 13:40:00'),(10,1,'<p><strong>1. Collection of Information :</strong><br>We may collect Personal Information, Transaction Information and Non-Personal Information (defined below) from You when You register or set up an account with Us on the Platform or when You avail the Services. You can browse certain sections of the Platform without being a registered member, however, to avail certain Services on the Platform (such as investing in Stocks, P2P Lending etc.) You are required to register with Us. This Privacy Policy applies to the following information:</p><ul><li>Information You provide Us: You may provide certain information to Us voluntarily while registering on Our Platform or for using Our Services. Such information include any identification/ correspondence details including Your mobile number, email address, password, date of birth, gender, Permanent Account Number (PAN), signature, marital status, nominee details, residential/ current address, any national identifiers such as identity card / passport details / Aadhaar card details / Voter ID / driving license, and/or education details. We may also ask You to provide certain additional information about You or any person acting on Your behalf on a case-to-case basis (collectively “Personal Information”). Further, You hereby acknowledge and agree that Our affiliates or group or subsidiary companies registered with financial services regulators may retrieve from Your records available with third party including from Know Your Customer (KYC) Registration Agency (KRA) such as name, KYC details, KYC status, father’s name, occupation, address details and related documents.</li><li>Transactional Information: We may also ask You for certain financial information, including Your billing address, bank account details, income, expenses, and/or credit history, including transaction history, balances, and/or other payment related details or other payment method data, and debit instructions or other standing instructions to process payments for the Services. Further, if You choose to invest through the Platform, We will also collect information about Your transactions including transaction status/ ID and details and Your investing patterns and behaviour (collectively “Transaction Information”).</li><li>Non-Personal Information and Cookies: We may also collect certain non-personal information, such as Your internet protocol address, web request, operating system, browser type, URL, internet service provider, IP address, aggregate user data, browser type, software and hardware attributes, pages You request, and cookie information, etc. which will not identify with You specifically (“Non – Personal Information”), while You browse, access or use the Platform. We receive and store Non – Personal Information, using data collection devices such as “cookies” on certain pages of the Platform, in order to help and analyze Our web – page flow, track user trends, measure promotional effectiveness, and promote trust and safety. We offer certain additional features on the Platform that are only available through the use of a “cookie”. We place both permanent and temporary cookies in Your computer’s hard drive. We also use cookies to allow You to enter Your password less frequently during a session on the Platform. Most cookies are “session cookies,” meaning that they are automatically deleted from Your hard drive at the end of a session. You are always free to decline Our cookies if Your browser permits, although in that case, You may not be able to use certain features or Services being provided on the Platform or You may be required to re-enter Your password each time you log – in or access the Platform during a session. No Personal Data will be collected via cookies and other tracking technology; however, if You previously provided Personal Data, cookies may be tied to such information. When and if You download and/or use the Platform through Your mobile device, We may receive information about Your location, Your IP address, and/or Your mobile device, including a unique identifier number for Your device. We may use this information to provide You with location-based Services including but not limited to search results and other personalized content. You can withdraw Your consent at any time by disabling the location-tracking functions on Your mobile. However, this may affect Your use/ enjoyment of certain features on Our Platform. You acknowledge and agree that when You browse the Platform without being a registered member or without providing Your Personal Information, We may still collect and store Your Non-Personal Information.</li></ul><p><strong>2. Use of Information :</strong></p><p>We use the Personal Information, Non-Personal Information, Transactional Information and User Communications and such other information provided by You for the following: (i) to provide and improve the Services on the Platform that You request; (ii) to resolve disputes and troubleshoot problems; (iii) to help promote a safe service on the Platform and protect the security and integrity of the Platform, the Services and the users; (iv) collect money from You in relation to the Services, (v) inform You about online and offline offers, products, services, and updates; (vi) customize Your experience on the Platform or share marketing material with You; (vii) to detect, prevent and protect Us from any errors, fraud and other criminal or prohibited activity on the Platform; (viii) enforce and inform about our terms and conditions; (ix) to process and fulfil Your request for Services or respond to Your comments, and queries on the Platform; (x) to contact You; (xi) to allow Our business partners and/or associates to present customised messages to You; (xii) to communicate important notices or changes in the Services, use of the Platform and the terms/policies which govern the relationship between You and the Company and with Our affiliates for providing Services to You; and (xiii) for any other purpose after obtaining Your consent at the time of collection.</p><ul><li>Information You provide Us: You may provide certain information to Us voluntarily while registering on Our Platform or for using Our Services. Such information include any identification/ correspondence details including Your mobile number, email address, password, date of birth, gender, Permanent Account Number (PAN), signature, marital status, nominee details, residential/ current address, any national identifiers such as identity card / passport details / Aadhaar card details / Voter ID / driving license, and/or education details. We may also ask You to provide certain additional information about You or any person acting on Your behalf on a case-to-case basis (collectively “Personal Information”). Further, You hereby acknowledge and agree that Our affiliates or group or subsidiary companies registered with financial services regulators may retrieve from Your records available with third party including from Know Your Customer (KYC) Registration Agency (KRA) such as name, KYC details, KYC status, father’s name, occupation, address details and related documents.</li><li>&nbsp;</li></ul>',NULL,3,0,'2026-01-06 15:01:56','2026-01-27 12:52:47'),(11,1,'<h2><strong>1.</strong> <strong>Information We Collect</strong></h2><ul><li>Name, email, phone number</li><li>KYC documents (PAN, address proof, etc.)</li><li>Payment transaction details</li><li>Website usage data (non-personal)</li></ul><p>&nbsp;</p><h2><strong>2. Use of Information</strong></h2><p>Your data is used for:</p><ul><li>KYC compliance</li><li>Regulatory reporting</li><li>Service delivery</li><li>Customer communication</li><li>Legal &amp; compliance obligations</li></ul><p>&nbsp;</p><h2><strong>3. Data Sharing</strong></h2><p>We <strong>do not sell or trade</strong> your personal data.</p><p>Information may be shared only with:</p><ul><li>SEBI / RAASB / KRA agencies</li><li>Legal or regulatory authorities (if required by law)</li></ul><p>&nbsp;</p><h2><strong>4. Data Security</strong></h2><p>We implement reasonable safeguards; however:</p><ul><li>Internet data transmission is <strong>not 100% secure</strong></li><li>You acknowledge this risk when using our services</li></ul><p>&nbsp;</p><h2><strong>5. Data Retention</strong></h2><p>Client data is retained as per SEBI regulations and applicable Indian laws.</p><p>&nbsp;</p><h2><strong>6. Your Rights</strong></h2><p>You may request:</p><ul><li>Correction of inaccurate data</li><li>Update of contact details</li><li>Clarification on data usage</li></ul><p>&nbsp;</p><h2><strong>7. Contact for Privacy Queries</strong></h2><p>📧 <strong>namitarathore05071992@gmail.com</strong></p>',NULL,4,0,'2026-01-07 10:54:55','2026-01-27 12:52:47'),(12,2,'<h2><strong>1. Introduction</strong></h2><p>These Terms &amp; Conditions (“T&amp;C”) govern the access and use of research services provided by <strong>Bharat Stock Market Research</strong>, a SEBI Registered Research Analyst (Registration No. <strong>INH000023728</strong>), owned by <strong>Namita Rathore</strong> (“RA”, “We”, “Us”).</p><p>&nbsp;</p><p>By accessing or subscribing to our services, you (“Client”, “You”) agree to be legally bound by these Terms, SEBI (Research Analyst) Regulations, 2014, and all applicable SEBI circulars.</p><p>&nbsp;</p><p>&nbsp;</p><h2><strong>2. Nature of Services</strong></h2><ul><li>We provide <strong>research and analysis only</strong></li><li><strong>No trade execution</strong>, fund handling, portfolio management, or assured returns</li><li>All recommendations are <strong>educational and informational in nature</strong></li><li>Past performance does <strong>not</strong> guarantee future results</li></ul><p>&nbsp;</p><h2><strong>3. Eligibility</strong></h2><ul><li>You must be <strong>18 years or older</strong></li><li>Must be legally competent to contract</li><li>Completion of <strong>KYC verification</strong> is mandatory</li><li>Services may be suspended if KYC is incomplete or incorrect</li></ul><p>&nbsp;</p><h2><strong>4. Fees &amp; Payments</strong></h2><ul><li>Maximum fee for Individual/HUF clients: <strong>₹1,51,000 per annum per family</strong></li><li>Fees exclude applicable statutory taxes</li><li>Payments accepted <strong>only via banking channels</strong> (UPI, NEFT, RTGS, Cheque, etc.)</li><li>Cash payments are strictly prohibited</li></ul><p>&nbsp;</p><h2><strong>5. No Guarantee of Returns</strong></h2><p>All investments are subject to market risks.<br>We <strong>do not guarantee profits, accuracy, or risk-free returns</strong>, and we are not liable for any losses arising from reliance on our research.</p><p>&nbsp;</p><h2><strong>6. Confidentiality &amp; Usage Restrictions</strong></h2><ul><li>Research content is <strong>strictly for personal use</strong></li><li>Redistribution, resale, or public sharing is prohibited</li><li>Legal action may be taken for misuse</li></ul><p>&nbsp;</p><h2><strong>7. Suspension &amp; Termination</strong></h2><p>We reserve the right to suspend or terminate services:</p><ul><li>For violation of these Terms</li><li>Non-payment of fees</li><li>Regulatory directions from SEBI</li></ul><p>&nbsp;</p><h2><strong>8. Grievance Redressal</strong></h2><p><strong>Contact Person:</strong> Namita Rathore<br><strong>Email:</strong> namitarathore05071992@gmail.com<br><strong>Phone:</strong> +91 9457296893<br><strong>Working Hours:</strong> Mon–Fri, 9 AM – 5 PM</p><p>&nbsp;</p><p>Unresolved complaints may be escalated via:</p><p>&nbsp;</p><ul><li><strong>SEBI SCORES</strong></li><li><strong>SMART ODR Portal</strong></li></ul><p>&nbsp;</p><h2><strong>9. Governing Law</strong></h2><p>These Terms shall be governed by the laws of <strong>India</strong>, with jurisdiction in <strong>Uttar Pradesh</strong>.</p>',NULL,5,0,'2026-01-07 10:55:47','2026-01-11 17:24:37'),(13,4,'<h2><strong>1. Refund Eligibility</strong></h2><p>Refunds are governed strictly by <strong>SEBI RA Regulations</strong>.</p><p>&nbsp;</p><p>✔ Refunds are allowed <strong>only for the unexpired portion</strong> of the subscription<br>✔ Refunds are calculated on a <strong>pro-rata basis</strong></p><p>&nbsp;</p><h2><strong>2. Non-Refundable Cases</strong></h2><p>❌ Partial month usage is generally non-refundable<br>❌ No refund for services already consumed<br>❌ No penalty or breakage fee shall be charged</p><p>&nbsp;</p><h2><strong>3. Regulatory Suspension</strong></h2><p>If the RA’s SEBI registration is:</p><ul><li><strong>Suspended for more than 60 days</strong>, or</li><li><strong>Cancelled</strong></li></ul><p>Then unused fees will be refunded from the effective date onward.</p><p>&nbsp;</p><h2><strong>4. Mode &amp; Timeline</strong></h2><ul><li>Refunds are processed via the <strong>original payment method</strong></li><li>Timeline as per SEBI prescribed norms</li></ul><p>&nbsp;</p><h2><strong>5. Contact for Refund Requests</strong></h2><p>📧 <strong>namitarathore05071992@gmail.com</strong><br>📞 <strong>+91 9457296893</strong></p>',NULL,1,1,'2026-01-07 10:56:49','2026-01-07 10:56:49'),(14,1,'<h2><strong>1.</strong> <strong>Information We Collect</strong></h2><ul><li>Name, email, phone number</li><li>KYC documents (PAN, address proof, etc.)</li><li>Payment transaction details</li><li>Website usage data (non-personal)</li></ul><p>&nbsp;</p><h2><strong>2. Use of Information</strong></h2><p>Your data is used for:</p><ul><li>KYC compliance</li><li>Regulatory reporting</li><li>Service delivery</li><li>Customer communication</li><li>Legal &amp; compliance obligations</li></ul><p>&nbsp;</p><h2><strong>3. Data Sharing</strong></h2><p>We <strong>do not sell or trade</strong> your personal data.</p><p>Information may be shared only with:</p><ul><li>SEBI / RAASB / KRA agencies</li><li>Legal or regulatory authorities (if required by law)</li></ul><p>&nbsp;</p><h2><strong>4. Data Security</strong></h2><p>We implement reasonable safeguards; however:</p><ul><li>Internet data transmission is <strong>not 100% secure</strong></li><li>You acknowledge this risk when using our services</li></ul><p>&nbsp;</p><h2><strong>5. Data Retention</strong></h2><p>Client data is retained as per SEBI regulations and applicable Indian laws.</p><p>&nbsp;</p><h2><strong>6. Your Rights</strong></h2><p>You may request:</p><ul><li>Correction of inaccurate data</li><li>Update of contact details</li><li>Clarification on data usage</li></ul><p>&nbsp;</p><h2><strong>7. Contact for Privacy Queries</strong></h2><p>📧 <strong>namitarathore05071992@gmail.com</strong></p>',NULL,5,0,'2026-01-11 12:15:58','2026-01-27 12:52:47'),(15,3,'<p><strong>1. &nbsp;Collection of Information</strong><br>We may collect Personal Information, Transaction Information and Non-Personal Information (defined below) from You when You register or set up an account with Us on the Platform or when You avail the Services. You can browse certain sections of the Platform without being a registered member, however, to avail certain Services on the Platform (such as investing in Stocks, P2P Lending etc.) You are required to register with Us. This Privacy Policy applies to the following information:</p><p>Information You provide Us: You may provide certain information to Us voluntarily while registering on Our Platform or for using Our Services. Such information include any identification/ correspondence details including Your mobile number, email address, password, date of birth, gender, Permanent Account Number (PAN), signature, marital status, nominee details, residential/ current address, any national identifiers such as identity card / passport details / Aadhaar card details / Voter ID / driving license, and/or education details. We may also ask You to provide certain additional information about You or any person acting on Your behalf on a case-to-case basis (collectively “Personal Information”). Further, You hereby acknowledge and agree that Our affiliates or group or subsidiary companies registered with financial services regulators may retrieve from Your records available with third party including from Know Your Customer (KYC) Registration Agency (KRA) such as name, KYC details, KYC status, father’s name, occupation, address details and related documents.</p><p>Transactional Information: We may also ask You for certain financial information, including Your billing address, bank account details, income, expenses, and/or credit history, including transaction history, balances, and/or other payment related details or other payment method data, and debit instructions or other standing instructions to process payments for the Services. Further, if You choose to invest through the Platform, We will also collect information about Your transactions including transaction status/ ID and details and Your investing patterns and behaviour (collectively “Transaction Information”).</p><p>Non-Personal Information and Cookies: We may also collect certain non-personal information, such as Your internet protocol address, web request, operating system, browser type, URL, internet service provider, IP address, aggregate user data, browser type, software and hardware attributes, pages You request, and cookie information, etc. which will not identify with You specifically (“Non – Personal Information”), while You browse, access or use the Platform. We receive and store Non – Personal Information, using data collection devices such as “cookies” on certain pages of the Platform, in order to help and analyze Our web – page flow, track user trends, measure promotional effectiveness, and promote trust and safety. We offer certain additional features on the Platform that are only available through the use of a “cookie”. We place both permanent and temporary cookies in Your computer’s hard drive. We also use cookies to allow You to enter Your password less frequently during a session on the Platform. Most cookies are “session cookies,” meaning that they are automatically deleted from Your hard drive at the end of a session. You are always free to decline Our cookies if Your browser permits, although in that case, You may not be able to use certain features or Services being provided on the Platform or You may be required to re-enter Your password each time you log – in or access the Platform during a session. No Personal Data will be collected via cookies and other tracking technology; however, if You previously provided Personal Data, cookies may be tied to such information. When and if You download and/or use the Platform through Your mobile device, We may receive information about Your location, Your IP address, and/or Your mobile device, including a unique identifier number for Your device. We may use this information to provide You with location-based Services including but not limited to search results and other personalized content. You can withdraw Your consent at any time by disabling the location-tracking functions on Your mobile. However, this may affect Your use/ enjoyment of certain features on Our Platform. You acknowledge and agree that when You browse the Platform without being a registered member or without providing Your Personal Information, We may still collect and store Your Non-Personal Information.</p><p>&nbsp;</p><p><strong>2. Use of Information</strong><br>We use the Personal Information, Non-Personal Information, Transactional Information and User Communications and such other information provided by You for the following: (i) to provide and improve the Services on the Platform that You request; (ii) to resolve disputes and troubleshoot problems; (iii) to help promote a safe service on the Platform and protect the security and integrity of the Platform, the Services and the users; (iv) collect money from You in relation to the Services, (v) inform You about online and offline offers, products, services, and updates; (vi) customize Your experience on the Platform or share marketing material with You; (vii) to detect, prevent and protect Us from any errors, fraud and other criminal or prohibited activity on the Platform; (viii) enforce and inform about our terms and conditions; (ix) to process and fulfil Your request for Services or respond to Your comments, and queries on the Platform; (x) to contact You; (xi) to allow Our business partners and/or associates to present customised messages to You; (xii) to communicate important notices or changes in the Services, use of the Platform and the terms/policies which govern the relationship between You and the Company and with Our affiliates for providing Services to You; and (xiii) for any other purpose after obtaining Your consent at the time of collection.</p><p>Information You provide Us: You may provide certain information to Us voluntarily while registering on Our Platform or for using Our Services. Such information include any identification/ correspondence details including Your mobile number, email address, password, date of birth, gender, Permanent Account Number (PAN), signature, marital status, nominee details, residential/ current address, any national identifiers such as identity card / passport details / Aadhaar card details / Voter ID / driving license, and/or education details. We may also ask You to provide certain additional information about You or any person acting on Your behalf on a case-to-case basis (collectively “Personal Information”). Further, You hereby acknowledge and agree that Our affiliates or group or subsidiary companies registered with financial services regulators may retrieve from Your records available with third party including from Know Your Customer (KYC) Registration Agency (KRA) such as name, KYC details, KYC status, father’s name, occupation, address details and related documents.</p><p>Transactional Information: We may also ask You for certain financial information, including Your billing address, bank account details, income, expenses, and/or credit history, including transaction history, balances, and/or other payment related details or other payment method data, and debit instructions or other standing instructions to process payments for the Services. Further, if You choose to invest through the Platform, We will also collect information about Your transactions including transaction status/ ID and details and Your investing patterns and behaviour (collectively “Transaction Information”).</p><p>Non-Personal Information and Cookies: We may also collect certain non-personal information, such as Your internet protocol address, web request, operating system, browser type, URL, internet service provider, IP address, aggregate user data, browser type, software and hardware attributes, pages You request, and cookie information, etc. which will not identify with You specifically (“Non – Personal Information”), while You browse, access or use the Platform. We receive and store Non – Personal Information, using data collection devices such as “cookies” on certain pages of the Platform, in order to help and analyze Our web – page flow, track user trends, measure promotional effectiveness, and promote trust and safety. We offer certain additional features on the Platform that are only available through the use of a “cookie”. We place both permanent and temporary cookies in Your computer’s hard drive. We also use cookies to allow You to enter Your password less frequently during a session on the Platform. Most cookies are “session cookies,” meaning that they are automatically deleted from Your hard drive at the end of a session. You are always free to decline Our cookies if Your browser permits, although in that case, You may not be able to use certain features or Services being provided on the Platform or You may be required to re-enter Your password each time you log – in or access the Platform during a session. No Personal Data will be collected via cookies and other tracking technology; however, if You previously provided Personal Data, cookies may be tied to such information. When and if You download and/or use the Platform through Your mobile device, We may receive information about Your location, Your IP address, and/or Your mobile device, including a unique identifier number for Your device. We may use this information to provide You with location-based Services including but not limited to search results and other personalized content. You can withdraw Your consent at any time by disabling the location-tracking functions on Your mobile. However, this may affect Your use/ enjoyment of certain features on Our Platform. You acknowledge and agree that when You browse the Platform without being a registered member or without providing Your Personal Information, We may still collect and store Your Non-Personal Information.<br><br><strong>3. Governing Law</strong></p><p>This policy will be governed by and construed in accordance with the laws of India and subjected to the exclusive jurisdiction of Courts of Gurugram.</p><p><br>&nbsp;</p>',NULL,4,0,'2026-01-11 13:35:46','2026-01-11 13:40:00'),(16,3,'<p><strong>1. &nbsp;Collection of Information</strong><br>We may collect Personal Information, Transaction Information and Non-Personal Information (defined below) from You when You register or set up an account with Us on the Platform or when You avail the Services. You can browse certain sections of the Platform without being a registered member, however, to avail certain Services on the Platform (such as investing in Stocks, P2P Lending etc.) You are required to register with Us. This Privacy Policy applies to the following information:</p><p>Information You provide Us: You may provide certain information to Us voluntarily while registering on Our Platform or for using Our Services. Such information include any identification/ correspondence details including Your mobile number, email address, password, date of birth, gender, Permanent Account Number (PAN), signature, marital status, nominee details, residential/ current address, any national identifiers such as identity card / passport details / Aadhaar card details / Voter ID / driving license, and/or education details. We may also ask You to provide certain additional information about You or any person acting on Your behalf on a case-to-case basis (collectively “Personal Information”). Further, You hereby acknowledge and agree that Our affiliates or group or subsidiary companies registered with financial services regulators may retrieve from Your records available with third party including from Know Your Customer (KYC) Registration Agency (KRA) such as name, KYC details, KYC status, father’s name, occupation, address details and related documents.</p><p>Transactional Information: We may also ask You for certain financial information, including Your billing address, bank account details, income, expenses, and/or credit history, including transaction history, balances, and/or other payment related details or other payment method data, and debit instructions or other standing instructions to process payments for the Services. Further, if You choose to invest through the Platform, We will also collect information about Your transactions including transaction status/ ID and details and Your investing patterns and behaviour (collectively “Transaction Information”).</p><p>Non-Personal Information and Cookies: We may also collect certain non-personal information, such as Your internet protocol address, web request, operating system, browser type, URL, internet service provider, IP address, aggregate user data, browser type, software and hardware attributes, pages You request, and cookie information, etc. which will not identify with You specifically (“Non – Personal Information”), while You browse, access or use the Platform. We receive and store Non – Personal Information, using data collection devices such as “cookies” on certain pages of the Platform, in order to help and analyze Our web – page flow, track user trends, measure promotional effectiveness, and promote trust and safety. We offer certain additional features on the Platform that are only available through the use of a “cookie”. We place both permanent and temporary cookies in Your computer’s hard drive. We also use cookies to allow You to enter Your password less frequently during a session on the Platform. Most cookies are “session cookies,” meaning that they are automatically deleted from Your hard drive at the end of a session. You are always free to decline Our cookies if Your browser permits, although in that case, You may not be able to use certain features or Services being provided on the Platform or You may be required to re-enter Your password each time you log – in or access the Platform during a session. No Personal Data will be collected via cookies and other tracking technology; however, if You previously provided Personal Data, cookies may be tied to such information. When and if You download and/or use the Platform through Your mobile device, We may receive information about Your location, Your IP address, and/or Your mobile device, including a unique identifier number for Your device. We may use this information to provide You with location-based Services including but not limited to search results and other personalized content. You can withdraw Your consent at any time by disabling the location-tracking functions on Your mobile. However, this may affect Your use/ enjoyment of certain features on Our Platform. You acknowledge and agree that when You browse the Platform without being a registered member or without providing Your Personal Information, We may still collect and store Your Non-Personal Information.</p><p>&nbsp;</p><p><strong>2. Use of Information</strong><br>We use the Personal Information, Non-Personal Information, Transactional Information and User Communications and such other information provided by You for the following: (i) to provide and improve the Services on the Platform that You request; (ii) to resolve disputes and troubleshoot problems; (iii) to help promote a safe service on the Platform and protect the security and integrity of the Platform, the Services and the users; (iv) collect money from You in relation to the Services, (v) inform You about online and offline offers, products, services, and updates; (vi) customize Your experience on the Platform or share marketing material with You; (vii) to detect, prevent and protect Us from any errors, fraud and other criminal or prohibited activity on the Platform; (viii) enforce and inform about our terms and conditions; (ix) to process and fulfil Your request for Services or respond to Your comments, and queries on the Platform; (x) to contact You; (xi) to allow Our business partners and/or associates to present customised messages to You; (xii) to communicate important notices or changes in the Services, use of the Platform and the terms/policies which govern the relationship between You and the Company and with Our affiliates for providing Services to You; and (xiii) for any other purpose after obtaining Your consent at the time of collection.</p><p>Information You provide Us: You may provide certain information to Us voluntarily while registering on Our Platform or for using Our Services. Such information include any identification/ correspondence details including Your mobile number, email address, password, date of birth, gender, Permanent Account Number (PAN), signature, marital status, nominee details, residential/ current address, any national identifiers such as identity card / passport details / Aadhaar card details / Voter ID / driving license, and/or education details. We may also ask You to provide certain additional information about You or any person acting on Your behalf on a case-to-case basis (collectively “Personal Information”). Further, You hereby acknowledge and agree that Our affiliates or group or subsidiary companies registered with financial services regulators may retrieve from Your records available with third party including from Know Your Customer (KYC) Registration Agency (KRA) such as name, KYC details, KYC status, father’s name, occupation, address details and related documents.</p><p>Transactional Information: We may also ask You for certain financial information, including Your billing address, bank account details, income, expenses, and/or credit history, including transaction history, balances, and/or other payment related details or other payment method data, and debit instructions or other standing instructions to process payments for the Services. Further, if You choose to invest through the Platform, We will also collect information about Your transactions including transaction status/ ID and details and Your investing patterns and behaviour (collectively “Transaction Information”).</p><p>Non-Personal Information and Cookies: We may also collect certain non-personal information, such as Your internet protocol address, web request, operating system, browser type, URL, internet service provider, IP address, aggregate user data, browser type, software and hardware attributes, pages You request, and cookie information, etc. which will not identify with You specifically (“Non – Personal Information”), while You browse, access or use the Platform. We receive and store Non – Personal Information, using data collection devices such as “cookies” on certain pages of the Platform, in order to help and analyze Our web – page flow, track user trends, measure promotional effectiveness, and promote trust and safety. We offer certain additional features on the Platform that are only available through the use of a “cookie”. We place both permanent and temporary cookies in Your computer’s hard drive. We also use cookies to allow You to enter Your password less frequently during a session on the Platform. Most cookies are “session cookies,” meaning that they are automatically deleted from Your hard drive at the end of a session. You are always free to decline Our cookies if Your browser permits, although in that case, You may not be able to use certain features or Services being provided on the Platform or You may be required to re-enter Your password each time you log – in or access the Platform during a session. No Personal Data will be collected via cookies and other tracking technology; however, if You previously provided Personal Data, cookies may be tied to such information. When and if You download and/or use the Platform through Your mobile device, We may receive information about Your location, Your IP address, and/or Your mobile device, including a unique identifier number for Your device. We may use this information to provide You with location-based Services including but not limited to search results and other personalized content. You can withdraw Your consent at any time by disabling the location-tracking functions on Your mobile. However, this may affect Your use/ enjoyment of certain features on Our Platform. You acknowledge and agree that when You browse the Platform without being a registered member or without providing Your Personal Information, We may still collect and store Your Non-Personal Information.<br><br><strong>3. Governing Law</strong></p><p>This policy will be governed by and construed in accordance with the laws of India and subjected to the exclusive jurisdiction of Courts of Gurugram.</p><p>&nbsp;</p><h4><strong>Grievance Redressal</strong></h4><p>For any complaints or grievances related to our research services, please contact:</p><p><strong>Email: namitarathore05071992@gmail.com</strong></p><p><strong>Phone:</strong> <a href=\"tel:+918187861272\">+91 </a>9457296893</p><p><strong>Response Time:</strong> Within 30 days of receipt of the query.&nbsp;</p><p><br>&nbsp;</p>',NULL,5,1,'2026-01-11 13:40:00','2026-01-11 13:40:00'),(17,5,'<h2>Anti-Money Laundering (AML) Policy</h2><p><strong>Bharat Stock Market Research SEBI Regisration Number INH00023728 (Proprietor: Namita Rathore)</strong></p><h2>1. Introduction</h2><p>Optitrade Pro Services is committed to complying with the provisions of the Prevention of Money Laundering Act, 2002 (PMLA) and the rules notified thereunder. This policy outlines the framework for implementing Anti-Money Laundering (AML) measures, including procedures for client due diligence, monitoring of transactions, and reporting obligations.</p><h2>2. Regulatory Framework</h2><ul><li>Prevention of Money Laundering Act, 2002 (PMLA)</li><li>Securities and Exchange Board of India (SEBI) Guidelines</li><li>Financial Intelligence Unit – India (FIU-IND) Guidelines</li><li>Other relevant laws, rules, and regulations</li></ul><h2>3. Scope of the Policy</h2><p>This policy applies to all clients, partners, and associates of Optitrade Pro Services involved in financial transactions.</p><h2>4. Client Due Diligence (CDD) Process</h2><h3>a) Policy for Acceptance of Clients</h3><ul><li>No account shall be opened in a fictitious or anonymous name.</li><li>Clients must provide valid Know Your Customer (KYC) documents.</li><li>Accounts will not be opened for individuals/entities banned by SEBI/Stock Exchanges.</li><li>Risk assessment of clients shall be conducted using various parameters such as geographical location, nature of business, and financial transactions.</li></ul><h3>b) Procedure for Identifying Clients</h3><ul><li>Collect and verify PAN Card, Aadhaar, or other government-issued identity proof.</li><li>Validate KYC details through SEBI-registered KYC Registration Agencies (KRAs).</li><li>Conduct enhanced due diligence for high-risk clients.</li></ul><h3>c) Identifying Beneficial Ownership and Control</h3><ul><li>Identify and verify the ultimate beneficial owner (UBO) of an account.</li><li>Establish ownership/control of an entity in cases where the client is a corporate entity or a trust.</li></ul><h2>5. Transaction Monitoring and Reporting</h2><h3>a) Monitoring Transactions</h3><ul><li>Volume, frequency, and pattern of trades</li><li>Unusual or unjustified complexity</li><li>Lack of economic rationale</li><li>Transactions involving high-risk jurisdictions</li></ul><h3>b) Suspicious Transaction Reporting (STR)</h3><ul><li>Involve proceeds of criminal activities.</li><li>Appear unusually complex or lack an economic purpose.</li><li>Suggest an attempt to avoid regulatory reporting thresholds.</li></ul><h3>c) Cash Transaction Reporting (CTR)</h3><ul><li>Transactions involving cash deposits or withdrawals of ₹10 lakh or more (or equivalent in foreign currency) in a single day will be reported to FIU-IND.</li></ul><h2>6. Record-Keeping</h2><ul><li>All records related to client identification, transaction history, and AML compliance will be maintained for a minimum period of 10 years.</li><li>Records shall be made available to regulatory authorities upon request.</li></ul><h2>7. Employee Training &amp; Awareness</h2><ul><li>Annual AML training sessions will be conducted as applicable.</li><li>Any suspicious activities must be reported to the relevant authorities immediately.</li><li>Awareness sessions will be conducted on the latest AML regulatory developments.</li></ul><h2>8. Internal Audit and Review</h2><ul><li>Optitrade Pro Services will conduct regular internal audits to assess the effectiveness of its AML measures.</li><li>Any observations from the audit will be reviewed and corrective actions will be taken.</li></ul><h2>9. Review of Policy</h2><ul><li>This policy shall be reviewed annually or as required by regulatory changes.</li><li>Updates shall be communicated to all relevant stakeholders.</li></ul><h2>10. Confidentiality and Compliance</h2><ul><li>All reports and client data shall be treated confidentially.</li><li>No disclosure shall be made to clients regarding AML investigations or reports filed.</li><li>Strict disciplinary action will be taken against any violations of AML regulations.</li></ul><h2>11. Cooperation with Law Enforcement Authorities</h2><ul><li>Optitrade Pro Services will fully cooperate with regulatory authorities such as SEBI, FIU-IND, and law enforcement agencies in matters related to AML compliance.</li><li>Any request for information from such agencies shall be responded to promptly.</li></ul><p><strong>This AML Policy serves as a guiding document for ensuring compliance with Anti-Money Laundering regulations and safeguarding Bharat Stock Market Research SEBI Regisration Number INH00023728 (Proprietor: Namita Rathore) Services against financial crimes.</strong></p>',NULL,1,0,'2026-01-11 15:10:50','2026-01-11 16:37:55'),(18,5,'<h2>Anti-Money Laundering (AML) Policy</h2><p><strong>Bharat Stock Market Research SEBI Regisration Number INH00023728 (Proprietor: Namita Rathore)</strong></p><h2>1. Introduction</h2><p>Optitrade Pro Services is committed to complying with the provisions of the Prevention of Money Laundering Act, 2002 (PMLA) and the rules notified thereunder. This policy outlines the framework for implementing Anti-Money Laundering (AML) measures, including procedures for client due diligence, monitoring of transactions, and reporting obligations.</p><h2>2. Regulatory Framework</h2><ul><li>Prevention of Money Laundering Act, 2002 (PMLA)</li><li>Securities and Exchange Board of India (SEBI) Guidelines</li><li>Financial Intelligence Unit – India (FIU-IND) Guidelines</li><li>Other relevant laws, rules, and regulations</li></ul><h2>3. Scope of the Policy</h2><p>This policy applies to all clients, partners, and associates of Optitrade Pro Services involved in financial transactions.</p><h2>4. Client Due Diligence (CDD) Process</h2><h3>a) Policy for Acceptance of Clients</h3><ul><li>No account shall be opened in a fictitious or anonymous name.</li><li>Clients must provide valid Know Your Customer (KYC) documents.</li><li>Accounts will not be opened for individuals/entities banned by SEBI/Stock Exchanges.</li><li>Risk assessment of clients shall be conducted using various parameters such as geographical location, nature of business, and financial transactions.</li></ul><h3>b) Procedure for Identifying Clients</h3><ul><li>Collect and verify PAN Card, Aadhaar, or other government-issued identity proof.</li><li>Validate KYC details through SEBI-registered KYC Registration Agencies (KRAs).</li><li>Conduct enhanced due diligence for high-risk clients.</li></ul><h3>c) Identifying Beneficial Ownership and Control</h3><ul><li>Identify and verify the ultimate beneficial owner (UBO) of an account.</li><li>Establish ownership/control of an entity in cases where the client is a corporate entity or a trust.</li></ul><h2>5. Transaction Monitoring and Reporting</h2><h3>a) Monitoring Transactions</h3><ul><li>Volume, frequency, and pattern of trades</li><li>Unusual or unjustified complexity</li><li>Lack of economic rationale</li><li>Transactions involving high-risk jurisdictions</li></ul><h3>b) Suspicious Transaction Reporting (STR)</h3><ul><li>Involve proceeds of criminal activities.</li><li>Appear unusually complex or lack an economic purpose.</li><li>Suggest an attempt to avoid regulatory reporting thresholds.</li></ul><h3>c) Cash Transaction Reporting (CTR)</h3><ul><li>Transactions involving cash deposits or withdrawals of ₹10 lakh or more (or equivalent in foreign currency) in a single day will be reported to FIU-IND.</li></ul><h2>6. Record-Keeping</h2><ul><li>All records related to client identification, transaction history, and AML compliance will be maintained for a minimum period of 10 years.</li><li>Records shall be made available to regulatory authorities upon request.</li></ul><h2>7. Employee Training &amp; Awareness</h2><ul><li>Annual AML training sessions will be conducted as applicable.</li><li>Any suspicious activities must be reported to the relevant authorities immediately.</li><li>Awareness sessions will be conducted on the latest AML regulatory developments.</li></ul><h2>8. Internal Audit and Review</h2><ul><li>Optitrade Pro Services will conduct regular internal audits to assess the effectiveness of its AML measures.</li><li>Any observations from the audit will be reviewed and corrective actions will be taken.</li></ul><h2>9. Review of Policy</h2><ul><li>This policy shall be reviewed annually or as required by regulatory changes.</li><li>Updates shall be communicated to all relevant stakeholders.</li></ul><h2>10. Confidentiality and Compliance</h2><ul><li>All reports and client data shall be treated confidentially.</li><li>No disclosure shall be made to clients regarding AML investigations or reports filed.</li><li>Strict disciplinary action will be taken against any violations of AML regulations.</li></ul><h2>11. Cooperation with Law Enforcement Authorities</h2><ul><li>Optitrade Pro Services will fully cooperate with regulatory authorities such as SEBI, FIU-IND, and law enforcement agencies in matters related to AML compliance.</li><li>Any request for information from such agencies shall be responded to promptly.</li></ul><p><strong>This AML Policy serves as a guiding document for ensuring compliance with Anti-Money Laundering regulations and safeguarding Bharat Stock Market Research SEBI Regisration Number INH00023728 (Proprietor: Namita Rathore) Services against financial crimes.</strong></p>',NULL,2,0,'2026-01-11 16:20:48','2026-01-11 16:37:55'),(19,6,'<p><br>All SEBI-registered Research Analysts are required to bring the Investor Charter to the notice of their clients and thus pursuant to the same we are suo motu including the investor charter along with the T&amp;C and MITC. This ensures that the client is not into the regulatory hassle and can take our continued services without any interruption.</p><p>Bharat Stock Market Research hereby discloses the updated Investor Charter to all existing and prospective clients in compliance with the above circulars. The Investor Charter outlines the rights, responsibilities, and grievance redressal mechanisms available to clients and forms an integral part of the client on-boarding and service delivery process.</p><p>This Investor Charter is intended to promote transparency, protect investor interests, and improve awareness of client rights and grievance redressal mechanisms.</p><p>Clients are encouraged to read the Investor Charter carefully as part of their onboarding process and ongoing engagement.</p><p>INVESTOR CHARTER IN RESPECT OF RESEARCH ANALYST (RA)<br>A.<br>Vision and Mission Statements for investors.<br>•<br>Vision<br>Invest with knowledge &amp; safety.<br>•<br>Mission<br>Every investor should be able to invest in right investment products based on their needs, manage and monitor them to meet their goals, access reports and enjoy financial wellness.<br>B.<br>Details of business transacted by the Research Analyst with respect to the investors.<br>•<br>To publish research report based on the research activities of the RA<br>•<br>To provide an independent unbiased view on securities.<br>•<br>To offer unbiased recommendation, disclosing the financial interests in recommended securities.<br>•<br>To provide research recommendation, based on analysis of publicly available information and known observations.<br>•<br>To conduct audit annually<br>•<br>To ensure that all advertisements are in adherence to the provisions of the Advertisement Code for Research Analysts.<br>•<br>To maintain records of interactions, with all clients including prospective clients (prior to onboarding), where any conversation related to the research services has taken place.<br>C.<br>Details of services provided to investors (No Indicative Timelines)<br>•<br>Onboarding of Clients<br>•<br>Sharing of terms and conditions of research service<br>•<br>Completing KYC of fee-paying clients<br>•<br>Disclosure to Clients:<br>•<br>To disclose, information that is material for the client to make an informed decision, including details of its business activity, disciplinary history, the terms and conditions of research services, details of associates, risks and conflicts of interest, if any<br>•<br>To disclose the extent of use of Artificial Intelligence tools in providing research services<br>•<br>To disclose, while distributing a third-party research report, any material conflict of interest of such third-party research provider or provide web address that directs a recipient to the relevant disclosures<br>•<br>To disclose any conflict of interest of the activities of providing research services with other activities of the research analyst.<br>•<br>To distribute research reports and recommendations to the clients without discrimination.<br>•<br>To maintain confidentiality w.r.t publication of the research report until made available in the public domain.<br>•<br>To respect data privacy rights of clients and take measures to protect unauthorized use of their confidential information<br>•<br>To disclose the timelines for the services provided by the research analyst to clients and ensure adherence to the said timelines<br>•<br>To provide clear guidance and adequate caution notice to clients when providing recommendations for dealing in complex and high-risk financial products/services<br>•<br>To treat all clients with honesty and integrity<br>•<br>To ensure confidentiality of information shared by clients unless such information is required to be provided in furtherance of discharging legal obligations or a client has provided specific consent to share such information.<br>D.<br>Details of grievance redressal mechanism and how to access it<br>1.<br>Investor can lodge complaint/grievance against Research Analyst in the following ways:<br>Mode of filing the complaint with research analyst<br>In case of any grievance / complaint, an investor may approach the concerned Research Analyst who shall strive to redress the grievance immediately, but not later than 21 days of the receipt of the grievance.<br>Mode of filing the complaint on SCORES or with Research Analyst Administration and Supervisory Body (RAASB)<br>i.<br>SCORES 2.0 (a web based centralized grievance redressal system of SEBI for facilitating effective grievance redressal in time-bound manner) (https://scores.sebi.gov.in)<br>Two level review for complaint/grievance against Research Analyst:<br>•<br>First review done by designated body (RAASB)<br>•<br>Second review done by SEBI<br>ii.<br>Email to designated email ID of RAASB<br>2.<br>If the Investor is not satisfied with the resolution provided by the Market Participants, then the Investor has the option to file the complaint/ grievance on SMARTODR platform for its resolution through online conciliation or arbitration.<br>With regard to physical complaints, investors may send their complaints to:<br>Office of Investor Assistance and Education,<br>Securities and Exchange Board of India,<br>SEBI Bhavan, Plot No. C4-A, ‘G’ Block,<br>Bandra-Kurla Complex, Bandra (E),<br>Mumbai - 400 051<br>E.<br>Rights of investors<br>•<br>Right to Privacy and Confidentiality.<br>•<br>Right to Transparent Practices.<br>•<br>Right to fair and Equitable Treatment.<br>•<br>Right to Adequate Information.<br>•<br>Right to Initial and Continuing Disclosure -Right to receive information about all the statutory and regulatory disclosures.<br>•<br>Right to Fair &amp; True Advertisement.<br>•<br>Right to Awareness about Service Parameters and Turnaround Times.<br>•<br>Right to be informed of the timelines for each service.<br>•<br>Right to be Heard and Satisfactory Grievance Redressal.<br>•<br>Right to have timely redressal.<br>•<br>Right to Exit from Financial product or service in accordance with the terms and conditions agreed with the research analyst.<br>•<br>Right to receive clear guidance and caution notice when dealing in Complex and High-Risk Financial Products and Services.<br>•<br>Additional Rights to vulnerable consumers - Right to get access to services in a suitable manner even if differently abled.<br>•<br>Right to provide feedback on the financial products and services used.<br>•<br>Right against coercive, unfair, and one-sided clauses in financial agreements<br>F.<br>Expectations from the investors (Responsibilities of investors).<br>•<br>Do’s<br>I.<br>Always deal with SEBI registered Research Analyst.<br>II.<br>Ensure that the Research Analyst has a valid registration certificate.<br>III.<br>Check for SEBI registration number.<br>IV.<br>Please refer to the list of all SEBI registered Research Analyst which is available on SEBI website in the following link: https://www.sebi.gov.in/sebiweb/other/OtherAction.do?doRecognisedFpi=yes&amp;intmId=14) iv. Always pay attention towards disclosures made in the research reports before investing.<br>V.<br>Pay your Research Analyst through banking channels only and maintain duly signed receipts mentioning the details of your payments. You may make payment of fees through Centralized Fee Collection Mechanism (CeFCoM) of RAASB if research analyst has opted for the mechanism. (Applicable for fee paying clients only)<br>VI.<br>Before buying/ selling securities or applying in public offer, check for the research recommendation provided by your Research Analyst.<br>VII.<br>Ask all relevant questions and clear your doubts with your Research<br>Analyst before acting on recommendation.<br>VIII.<br>Seek clarifications and guidance on research recommendations from your Research Analyst, especially if it involves complex and high-risk financial products and services in form SEBI about Research Analyst offering assured or guaranteed returns.<br>IX.<br>Always be aware that you have the right to stop availing the service of a Research Analyst as per the terms of service agreed between you and your Research Analyst.<br>X.<br>Always be aware that you have the right to provide feedback to your Research Analyst in respect of the services received.<br>XI.<br>Always be aware that you will not be bound by any clause, prescribed by the research analyst, which is contravening any regulatory provisions.<br>XII.<br>Inform SEBI about Research Analyst offering assured or guaranteed returns.<br>•<br>Don’ts<br>I.<br>Do not provide funds for investment to the Research Analyst.<br>II.<br>Don’t fall prey to luring advertisements or market rumors.<br>III.<br>Do not get attracted to limited period discount or other incentive, gifts, etc. offered by Research Analyst.<br>IV.<br>Do not share login credentials and password of your trading and demat accounts with the Research Analyst.</p>',NULL,1,1,'2026-01-11 16:30:54','2026-01-11 16:30:54'),(20,5,'<h2>Anti-Money Laundering (AML) Policy</h2><p><strong>Bharat Stock Market Research SEBI Regisration Number INH00023728 (Proprietor: Namita Rathore)</strong></p><h2>1. Introduction</h2><p>Optitrade Pro Services is committed to complying with the provisions of the Prevention of Money Laundering Act, 2002 (PMLA) and the rules notified thereunder. This policy outlines the framework for implementing Anti-Money Laundering (AML) measures, including procedures for client due diligence, monitoring of transactions, and reporting obligations.</p><h2>2. Regulatory Framework</h2><ul><li>Prevention of Money Laundering Act, 2002 (PMLA)</li><li>Securities and Exchange Board of India (SEBI) Guidelines</li><li>Financial Intelligence Unit – India (FIU-IND) Guidelines</li><li>Other relevant laws, rules, and regulations</li></ul><h2>3. Scope of the Policy</h2><p>This policy applies to all clients, partners, and associates of Optitrade Pro Services involved in financial transactions.</p><h2>4. Client Due Diligence (CDD) Process</h2><h3>a) Policy for Acceptance of Clients</h3><ul><li>No account shall be opened in a fictitious or anonymous name.</li><li>Clients must provide valid Know Your Customer (KYC) documents.</li><li>Accounts will not be opened for individuals/entities banned by SEBI/Stock Exchanges.</li><li>Risk assessment of clients shall be conducted using various parameters such as geographical location, nature of business, and financial transactions.</li></ul><h3>b) Procedure for Identifying Clients</h3><ul><li>Collect and verify PAN Card, Aadhaar, or other government-issued identity proof.</li><li>Validate KYC details through SEBI-registered KYC Registration Agencies (KRAs).</li><li>Conduct enhanced due diligence for high-risk clients.</li></ul><h3>c) Identifying Beneficial Ownership and Control</h3><ul><li>Identify and verify the ultimate beneficial owner (UBO) of an account.</li><li>Establish ownership/control of an entity in cases where the client is a corporate entity or a trust.</li></ul><h2>5. Transaction Monitoring and Reporting</h2><h3>a) Monitoring Transactions</h3><ul><li>Volume, frequency, and pattern of trades</li><li>Unusual or unjustified complexity</li><li>Lack of economic rationale</li><li>Transactions involving high-risk jurisdictions</li></ul><h3>b) Suspicious Transaction Reporting (STR)</h3><ul><li>Involve proceeds of criminal activities.</li><li>Appear unusually complex or lack an economic purpose.</li><li>Suggest an attempt to avoid regulatory reporting thresholds.</li></ul><h3>c) Cash Transaction Reporting (CTR)</h3><ul><li>Transactions involving cash deposits or withdrawals of ₹10 lakh or more (or equivalent in foreign currency) in a single day will be reported to FIU-IND.</li></ul><h2>6. Record-Keeping</h2><ul><li>All records related to client identification, transaction history, and AML compliance will be maintained for a minimum period of 10 years.</li><li>Records shall be made available to regulatory authorities upon request.</li></ul><h2>7. Employee Training &amp; Awareness</h2><ul><li>Annual AML training sessions will be conducted as applicable.</li><li>Any suspicious activities must be reported to the relevant authorities immediately.</li><li>Awareness sessions will be conducted on the latest AML regulatory developments.</li></ul><h2>8. Internal Audit and Review</h2><ul><li>Optitrade Pro Services will conduct regular internal audits to assess the effectiveness of its AML measures.</li><li>Any observations from the audit will be reviewed and corrective actions will be taken.</li></ul><h2>9. Review of Policy</h2><ul><li>This policy shall be reviewed annually or as required by regulatory changes.</li><li>Updates shall be communicated to all relevant stakeholders.</li></ul><h2>10. Confidentiality and Compliance</h2><ul><li>All reports and client data shall be treated confidentially.</li><li>No disclosure shall be made to clients regarding AML investigations or reports filed.</li><li>Strict disciplinary action will be taken against any violations of AML regulations.</li></ul><h2>11. Cooperation with Law Enforcement Authorities</h2><ul><li>Optitrade Pro Services will fully cooperate with regulatory authorities such as SEBI, FIU-IND, and law enforcement agencies in matters related to AML compliance.</li><li>Any request for information from such agencies shall be responded to promptly.</li></ul><p><strong>This AML Policy serves as a guiding document for ensuring compliance with Anti-Money Laundering regulations and safeguarding Bharat Stock Market Research SEBI Regisration Number INH00023728 (Proprietor: Namita Rathore) Services against financial crimes.</strong></p>',NULL,3,1,'2026-01-11 16:37:55','2026-01-11 16:37:55'),(21,7,'<p>CODE OF CONDUCT FOR RESEARCH ANALYST<br>1.<br>Honesty and Good Faith<br>Research analyst or research entity shall act honestly and in good faith.<br>2.<br>Diligence<br>Research analyst or research entity shall act with due skill, care and diligence and shall ensure that the research report is prepared after thorough analysis.<br>3.<br>Conflict of Interest<br>Research analyst or research entity shall effectively address conflict of interest which may affect the impartiality of its research analysis and research report and shall make appropriate disclosures to address the same.<br>4.<br>Insider Trading or front running<br>Research analyst or research entity or its employees shall not engage in insider trading or front running or front running of its own research report.<br>5.<br>Confidentiality<br>Research analyst or research entity or its employees shall maintain confidentiality of report till the report is made public.<br>6.<br>Professional Standard<br>Research analyst or research entity or its employees engaged in research analysis shall observe high professional standard while preparing research report.<br>7.<br>Compliance<br>Research analyst or research entity shall comply with all regulatory requirements applicable to the conduct of its business activities.<br>8.<br>Responsibility of senior management<br>The senior management of research analyst or research entity shall bear primary responsibility for ensuring the maintenance of appropriate standards of conduct and adherence to proper procedures.</p>',NULL,1,0,'2026-01-11 16:39:31','2026-01-11 16:40:33'),(22,7,'<p><br>1.<br>Honesty and Good Faith<br>Research analyst or research entity shall act honestly and in good faith.<br>2.<br>Diligence<br>Research analyst or research entity shall act with due skill, care and diligence and shall ensure that the research report is prepared after thorough analysis.<br>3.<br>Conflict of Interest<br>Research analyst or research entity shall effectively address conflict of interest which may affect the impartiality of its research analysis and research report and shall make appropriate disclosures to address the same.<br>4.<br>Insider Trading or front running<br>Research analyst or research entity or its employees shall not engage in insider trading or front running or front running of its own research report.<br>5.<br>Confidentiality<br>Research analyst or research entity or its employees shall maintain confidentiality of report till the report is made public.<br>6.<br>Professional Standard<br>Research analyst or research entity or its employees engaged in research analysis shall observe high professional standard while preparing research report.<br>7.<br>Compliance<br>Research analyst or research entity shall comply with all regulatory requirements applicable to the conduct of its business activities.<br>8.<br>Responsibility of senior management<br>The senior management of research analyst or research entity shall bear primary responsibility for ensuring the maintenance of appropriate standards of conduct and adherence to proper procedures.</p>',NULL,2,1,'2026-01-11 16:40:33','2026-01-11 16:40:33'),(23,2,'<p>&nbsp;</p><p>MANDATORY TERMS &amp; CONDITIONS<br>Disclosure of minimum mandatory terms and conditions to client<br>RAs shall disclose to the client the terms and conditions of the research services offered including rights and obligations. RAs shall ensure that neither any research service is rendered nor any fee is charged until consent is received from the client on the terms and conditions.<br>Below are the minimum mandatory T&amp;Cs required by the Circular. These provisions are integral to Our agreement with You:<br>1.Availing the Services<br>By accepting delivery of the research service, the client confirms that he/she has elected to subscribe the research service of the RA at his/her sole discretion. RA confirms that research services shall be rendered in accordance with the applicable provisions of the RA Regulations.<br>2. Obligations on RA<br>RA and client shall be bound by SEBI Act and all the applicable rules and regulations of SEBI, including the RA Regulations and relevant notifications of Government, as may be in force, from time to time.<br>3. Client Information &amp; KYC<br>The client shall furnish all such details in full as may be required by the RA in its standard form with supporting details, if required, as may be made mandatory by RAASB/SEBI from time to time.<br>RA shall collect, store, upload and check KYC records of the clients with KYC Registration Agency (KRA) as specified by SEBI from time to time.<br>4. Standard Terms of Service<br>The consent of client shall be taken on the following understanding:<br>The client has read and understood the terms and conditions applicable to a research analyst as defined under regulation 2(1)(u) of the SEBI (Research Analyst) Regulations, 2014, including the fee structure.<br>The client is subscribing to the research services for our own benefits and consumption, and any reliance placed on the research report provided by research analyst shall be as per our own judgement and assessment of the conclusions contained in the research report.<br>The client understands that –<br>i.<br>Any investment made based on the recommendations in the research report are subject to market risk.<br>ii.<br>Recommendations in the research report do not provide any assurance of returns.<br>iii.<br>There is no recourse to claim any losses incurred on the investments made based on the recommendations in the research report.<br>Declaration of the RA that:<br>i.<br>It is duly registered with SEBI as an RA pursuant to the SEBI (Research Analysts) Regulations, 2014 and its registration details are: (registration number INH000023728, registration date 31.10.2025);<br>ii.<br>It has registration and qualifications required to render the services contemplated under the RA Regulations, and the same are valid and subsisting;<br>iii.<br>Research analyst services provided by it do not conflict with or violate any provision of law, rule or regulation, contract, or other instrument to which it is a party or to which any of its property is or may be subject;<br>iv.<br>The maximum fee that may be charged by RA is ₹1.51 lakhs per annum per family of client.<br>v.<br>The recommendations provided by RA do not provide any assurance of returns.<br>Additionally, if RA is an individual, declaration that:<br>It is not engaged in any additional professional or business activities, on a whole-time basis or in an executive capacity, which interfere with/influence or have the potential to interfere with/influence the independence of research report and/or recommendations contained therein.<br>5. Consideration &amp; Mode of Payment<br>The client shall duly pay to RA, the agreed fees for the services that RA renders to the client and statutory charges, as applicable. Such fees and statutory charges shall be payable through the specified manner and mode(s)/ mechanism(s).<br>6. Risk Factors<br>You acknowledge that investing in securities is subject to market risk, including but not limited to volatility and potential loss of principal, and any past performance is no indicator of future performance, and no returns are guaranteed.<br>7. Conflict of Interest<br>The RA shall adhere to the applicable regulations/ circulars/ directions specified by SEBI from time to time in relation to disclosure and mitigation of any actual or potential conflict of interest.<br>RA shall disclose any conflicts of interest as mandated by SEBI and take steps to mitigate or avoid them. Full disclosures, if required, will be provided in each research report or at the time of giving a recommendation. The Client is advised to visit and thoroughly review all policies, disclosures, and disclaimers available on the official website of the Research Analyst. By signing this Agreement, it shall be deemed that the Client has had the opportunity to read, understand, and accept all such policies and disclaimers as published on the website. The Client confirms and agrees to be bound by the same.<br>8.Termination of Service &amp; Refund of Fees<br>The RA may suspend or terminate rendering of research services to client on account of suspension/ cancellation of registration of RA by SEBI and shall refund the residual amount to the client.<br>We may also suspend/terminate services in the event You breach these T&amp;Cs or as otherwise allowed by law.<br>In case of suspension of certificate of registration of the RA for more than 60 (sixty) days or cancellation of the RA registration, RA shall refund the fees, on a pro rata basis for the period from the effective date of cancellation/ suspension to end of the subscription period.<br>9.<br>Grievance Redressal &amp; Dispute Resolution<br>Any grievance related to<br>(i) non receipt of research report or<br>(ii) missing pages or inability to download the entire report, or<br>(iii) any other deficiency in the research services provided by RA, shall be escalated promptly by the client to the person/employee designated by RA, in this behalf (Namita Rathore Proprietor of Bharat Stock Market Research, namitarathore05071992@gmail.com)<br>The RA shall be responsible to resolve grievances within 7 (seven) business working days or such timelines as may be specified by SEBI under the RA Regulations.<br>RA shall redress grievances of the client in a timely and transparent manner.<br>Any dispute between the RA and his client may be resolved through arbitration or through any other modes or mechanism as specified by SEBI from time to time.<br>If unresolved, the client may escalate the complaint to SEBI via the SCORES portal or undertake online conciliation and/or online arbitration by participating in the ODR Portal and/or undertaking dispute resolution in the manner specified in the SEBI circular no. SEBI/HO/OIAE/OIAE_IAD-3/P/CIR/2023/195 Updated as on December 20, 2023on \"Online Resolution of Disputes in the Indian Securities Market.<br>10. Additional Clauses<br>Any additional voluntary clauses in this agreement shall not conflict with SEBI regulations/circulars. Any changes to such voluntary clauses shall be preceded by 15 days’ notice.<br>11. Mandatory Notice<br>The Client is requested to go through Do’s and Don’ts while dealing with RA as specified in SEBI master circular no. SEBI/HO/MIRSD-POD 1/P/CIR/2024/49 dated May 21, 2024 or as may be specified by SEBI from time to time.<br>12. Most Important Terms &amp; Conditions (MITC)<br>We shall also disclose MITC (as standardized by the Industry Standards Forum, in consultation with SEBI/RAASB).<br>The terms and conditions and the consent thereon are for the research services provided by the RA and RA cannot execute/ carry out any trade (purchase/ sell transaction) on behalf of the client. Thus, you are advised not to permit RA to execute any trade on your behalf.<br>13. Optional Centralised Fee Collection Mechanism: RA Shall provide the guidance to their clients on an optional ‘Centralised Fee Collection Mechanism for IA and RA’ (CeFCoM) available to them for payment of fees to RA.<br>PART C<br>Most Important Terms and Conditions (MITC)<br>1.<br>These terms and conditions, and consent thereon are for the research services provided by the Research Analyst (RA) and RA cannot execute/carry out any trade (purchase/sell transaction) on behalf of, the client. Thus, the clients are advised not to permit RA to execute any trade on their behalf.<br>2.<br>The fee charged by RA to the client will be subject to the maximum of amount prescribed by SEBI/ Research Analyst Administration and Supervisory Body (RAASB) from time to time (applicable only for Individual and HUF Clients).<br>Note:<br>2.1. The current fee limit is Rs 1,51,000/- per annum per family of client for all research services of the RA.<br>2.2. The fee limit does not include statutory charges.<br>2.3. The fee limits do not apply to a non-individual client / accredited investor.<br>3.<br>RA may charge fees in advance if agreed by the client. Such advance shall not exceed the period stipulated by SEBI; presently, it is one year. In case of premature<br>termination of the RA services by either the client or the RA, the client shall be entitled to seek a refund of proportionate fees only for the unexpired period.<br>4.<br>Fees to RA may be paid by the client through any of the specified modes like cheque, online bank transfer, UPI, etc. Cash payment is not allowed. Optionally the client can make payments through Centralized Fee Collection Mechanism (CeFCoM) managed by BSE Limited (i.e. currently recognized RAASB).<br>5.<br>The RA is required to abide by the applicable regulations/ circulars/ directions specified by SEBI and RAASB from time to time in relation to disclosure and mitigation of any actual or potential conflict of interest. The RA will endeavour to promptly inform the client of any conflict of interest that may affect the services being rendered to the client.<br>6.<br>Any assured/guaranteed/fixed returns schemes or any other schemes of similar nature are prohibited by law. No scheme of this nature shall be offered to the client by the RA.<br>7.<br>The RA cannot guarantee returns, profits, accuracy, or risk-free investments from the use of the RA’s research services. All opinions, projections, estimates of the RA are based on the analysis of available data under certain assumptions as of the date of preparation/publication of research report.<br>8.<br>Any investment made based on recommendations in research reports are subject to market risks, and recommendations do not provide any assurance of returns. There is no recourse to claim any losses incurred on the investments made based on the recommendations in the research report. Any reliance placed on the research report provided by the RA shall be as per the client’s own judgement and assessment of the conclusions contained in the research report.<br>9.<br>The SEBI registration, Enlistment with RAASB, and NISM certification do not guarantee the performance of the RA or assure any returns to the client.<br>10.<br>For any grievances:<br>Step 1: The client should first contact the RA using the details on its website or the following contact details:<br>Customer Care Number</p><p><br>+91 9457296893<br>Contact Person Name<br>Namita Rathore<br>Address<br>House No 223, Qila Chawni Near Holi Chowk Ward No 47, Rampur Road, Bareilly, Uttar Pradesh, 243001<br>Email-ID<br>namitarathore05071992@gmail.com<br>Working hours when complainant can call<br>9 AM-5 PM (Monday-Friday)<br>Step 2: If the resolution is unsatisfactory, the client can lodge grievances through SEBI’s SCORES platform at www.scores.sebi.gov.in.<br>Step 3: The client may also consider the Online Dispute Resolution (ODR) through the Smart ODR portal at https://smartodr.in.<br>11.<br>Clients are required to keep contact details, including email id and mobile number/s updated with the RA at all times.<br>12.<br>The RA shall never ask for the client’s login credentials and OTPs for the client’s Trading Account Demat Account and Bank Account. Never share such information with anyone including RA. The SEBI registration, Enlistment with RAASB, and NISM certification do not guarantee the performance of the RA or assure any returns to the client.<br>&nbsp;</p>',NULL,6,0,'2026-01-11 17:15:31','2026-01-11 17:24:37'),(24,2,'<p>&nbsp;</p><p>MANDATORY TERMS &amp; CONDITIONS<br>Disclosure of minimum mandatory terms and conditions to client<br>RAs shall disclose to the client the terms and conditions of the research services offered including rights and obligations. RAs shall ensure that neither any research service is rendered nor any fee is charged until consent is received from the client on the terms and conditions.<br>Below are the minimum mandatory T&amp;Cs required by the Circular. These provisions are integral to Our agreement with You:<br>1.Availing the Services<br>By accepting delivery of the research service, the client confirms that he/she has elected to subscribe the research service of the RA at his/her sole discretion. RA confirms that research services shall be rendered in accordance with the applicable provisions of the RA Regulations.<br>2. Obligations on RA<br>RA and client shall be bound by SEBI Act and all the applicable rules and regulations of SEBI, including the RA Regulations and relevant notifications of Government, as may be in force, from time to time.<br>3. Client Information &amp; KYC<br>The client shall furnish all such details in full as may be required by the RA in its standard form with supporting details, if required, as may be made mandatory by RAASB/SEBI from time to time.<br>RA shall collect, store, upload and check KYC records of the clients with KYC Registration Agency (KRA) as specified by SEBI from time to time.<br>4. Standard Terms of Service<br>The consent of client shall be taken on the following understanding:<br>The client has read and understood the terms and conditions applicable to a research analyst as defined under regulation 2(1)(u) of the SEBI (Research Analyst) Regulations, 2014, including the fee structure.<br>The client is subscribing to the research services for our own benefits and consumption, and any reliance placed on the research report provided by research analyst shall be as per our own judgement and assessment of the conclusions contained in the research report.<br>The client understands that –<br>i.<br>Any investment made based on the recommendations in the research report are subject to market risk.<br>ii.<br>Recommendations in the research report do not provide any assurance of returns.<br>iii.<br>There is no recourse to claim any losses incurred on the investments made based on the recommendations in the research report.<br>Declaration of the RA that:<br>i.<br>It is duly registered with SEBI as an RA pursuant to the SEBI (Research Analysts) Regulations, 2014 and its registration details are: (registration number INH000023728, registration date 31.10.2025);<br>ii.<br>It has registration and qualifications required to render the services contemplated under the RA Regulations, and the same are valid and subsisting;<br>iii.<br>Research analyst services provided by it do not conflict with or violate any provision of law, rule or regulation, contract, or other instrument to which it is a party or to which any of its property is or may be subject;<br>iv.<br>The maximum fee that may be charged by RA is ₹1.51 lakhs per annum per family of client.<br>v.<br>The recommendations provided by RA do not provide any assurance of returns.<br>Additionally, if RA is an individual, declaration that:<br>It is not engaged in any additional professional or business activities, on a whole-time basis or in an executive capacity, which interfere with/influence or have the potential to interfere with/influence the independence of research report and/or recommendations contained therein.<br>5. Consideration &amp; Mode of Payment<br>The client shall duly pay to RA, the agreed fees for the services that RA renders to the client and statutory charges, as applicable. Such fees and statutory charges shall be payable through the specified manner and mode(s)/ mechanism(s).<br>6. Risk Factors<br>You acknowledge that investing in securities is subject to market risk, including but not limited to volatility and potential loss of principal, and any past performance is no indicator of future performance, and no returns are guaranteed.<br>7. Conflict of Interest<br>The RA shall adhere to the applicable regulations/ circulars/ directions specified by SEBI from time to time in relation to disclosure and mitigation of any actual or potential conflict of interest.<br>RA shall disclose any conflicts of interest as mandated by SEBI and take steps to mitigate or avoid them. Full disclosures, if required, will be provided in each research report or at the time of giving a recommendation. The Client is advised to visit and thoroughly review all policies, disclosures, and disclaimers available on the official website of the Research Analyst. By signing this Agreement, it shall be deemed that the Client has had the opportunity to read, understand, and accept all such policies and disclaimers as published on the website. The Client confirms and agrees to be bound by the same.<br>8.Termination of Service &amp; Refund of Fees<br>The RA may suspend or terminate rendering of research services to client on account of suspension/ cancellation of registration of RA by SEBI and shall refund the residual amount to the client.<br>We may also suspend/terminate services in the event You breach these T&amp;Cs or as otherwise allowed by law.<br>In case of suspension of certificate of registration of the RA for more than 60 (sixty) days or cancellation of the RA registration, RA shall refund the fees, on a pro rata basis for the period from the effective date of cancellation/ suspension to end of the subscription period.<br>9.<br>Grievance Redressal &amp; Dispute Resolution<br>Any grievance related to<br>(i) non receipt of research report or<br>(ii) missing pages or inability to download the entire report, or<br>(iii) any other deficiency in the research services provided by RA, shall be escalated promptly by the client to the person/employee designated by RA, in this behalf (Namita Rathore Proprietor of Bharat Stock Market Research, namitarathore05071992@gmail.com)<br>The RA shall be responsible to resolve grievances within 7 (seven) business working days or such timelines as may be specified by SEBI under the RA Regulations.<br>RA shall redress grievances of the client in a timely and transparent manner.<br>Any dispute between the RA and his client may be resolved through arbitration or through any other modes or mechanism as specified by SEBI from time to time.<br>If unresolved, the client may escalate the complaint to SEBI via the SCORES portal or undertake online conciliation and/or online arbitration by participating in the ODR Portal and/or undertaking dispute resolution in the manner specified in the SEBI circular no. SEBI/HO/OIAE/OIAE_IAD-3/P/CIR/2023/195 Updated as on December 20, 2023on \"Online Resolution of Disputes in the Indian Securities Market.<br>10. Additional Clauses<br>Any additional voluntary clauses in this agreement shall not conflict with SEBI regulations/circulars. Any changes to such voluntary clauses shall be preceded by 15 days’ notice.<br>11. Mandatory Notice<br>The Client is requested to go through Do’s and Don’ts while dealing with RA as specified in SEBI master circular no. SEBI/HO/MIRSD-POD 1/P/CIR/2024/49 dated May 21, 2024 or as may be specified by SEBI from time to time.<br>12. Most Important Terms &amp; Conditions (MITC)<br>We shall also disclose MITC (as standardized by the Industry Standards Forum, in consultation with SEBI/RAASB).<br>The terms and conditions and the consent thereon are for the research services provided by the RA and RA cannot execute/ carry out any trade (purchase/ sell transaction) on behalf of the client. Thus, you are advised not to permit RA to execute any trade on your behalf.<br>13. Optional Centralised Fee Collection Mechanism: RA Shall provide the guidance to their clients on an optional ‘Centralised Fee Collection Mechanism for IA and RA’ (CeFCoM) available to them for payment of fees to RA.<br>PART C<br>Most Important Terms and Conditions (MITC)<br>1.<br>These terms and conditions, and consent thereon are for the research services provided by the Research Analyst (RA) and RA cannot execute/carry out any trade (purchase/sell transaction) on behalf of, the client. Thus, the clients are advised not to permit RA to execute any trade on their behalf.<br>2.<br>The fee charged by RA to the client will be subject to the maximum of amount prescribed by SEBI/ Research Analyst Administration and Supervisory Body (RAASB) from time to time (applicable only for Individual and HUF Clients).<br>Note:<br>2.1. The current fee limit is Rs 1,51,000/- per annum per family of client for all research services of the RA.<br>2.2. The fee limit does not include statutory charges.<br>2.3. The fee limits do not apply to a non-individual client / accredited investor.<br>3.<br>RA may charge fees in advance if agreed by the client. Such advance shall not exceed the period stipulated by SEBI; presently, it is one year. In case of premature<br>termination of the RA services by either the client or the RA, the client shall be entitled to seek a refund of proportionate fees only for the unexpired period.<br>4.<br>Fees to RA may be paid by the client through any of the specified modes like cheque, online bank transfer, UPI, etc. Cash payment is not allowed. Optionally the client can make payments through Centralized Fee Collection Mechanism (CeFCoM) managed by BSE Limited (i.e. currently recognized RAASB).<br>5.<br>The RA is required to abide by the applicable regulations/ circulars/ directions specified by SEBI and RAASB from time to time in relation to disclosure and mitigation of any actual or potential conflict of interest. The RA will endeavour to promptly inform the client of any conflict of interest that may affect the services being rendered to the client.<br>6.<br>Any assured/guaranteed/fixed returns schemes or any other schemes of similar nature are prohibited by law. No scheme of this nature shall be offered to the client by the RA.<br>7.<br>The RA cannot guarantee returns, profits, accuracy, or risk-free investments from the use of the RA’s research services. All opinions, projections, estimates of the RA are based on the analysis of available data under certain assumptions as of the date of preparation/publication of research report.<br>8.<br>Any investment made based on recommendations in research reports are subject to market risks, and recommendations do not provide any assurance of returns. There is no recourse to claim any losses incurred on the investments made based on the recommendations in the research report. Any reliance placed on the research report provided by the RA shall be as per the client’s own judgement and assessment of the conclusions contained in the research report.<br>9.<br>The SEBI registration, Enlistment with RAASB, and NISM certification do not guarantee the performance of the RA or assure any returns to the client.<br>10.<br>For any grievances:<br>Step 1: The client should first contact the RA using the details on its website or the following contact details:<br>Customer Care Number</p><p><br>+91 9457296893<br>Contact Person Name<br>Namita Rathore<br>Address<br>House No 223, Qila Chawni Near Holi Chowk Ward No 47, Rampur Road, Bareilly, Uttar Pradesh, 243001<br>Email-ID<br>namitarathore05071992@gmail.com<br>Working hours when complainant can call<br>9 AM-5 PM (Monday-Friday)<br>Step 2: If the resolution is unsatisfactory, the client can lodge grievances through SEBI’s SCORES platform at www.scores.sebi.gov.in.<br>Step 3: The client may also consider the Online Dispute Resolution (ODR) through the Smart ODR portal at https://smartodr.in.<br>11.<br>Clients are required to keep contact details, including email id and mobile number/s updated with the RA at all times.<br>12.<br>The RA shall never ask for the client’s login credentials and OTPs for the client’s Trading Account Demat Account and Bank Account. Never share such information with anyone including RA. The SEBI registration, Enlistment with RAASB, and NISM certification do not guarantee the performance of the RA or assure any returns to the client.<br>&nbsp;</p>',NULL,7,0,'2026-01-11 17:16:04','2026-01-11 17:24:37'),(25,2,'<p>&nbsp;</p><p><strong>MANDATORY TERMS &amp; CONDITIONS</strong></p><p><br><strong>Disclosure of minimum mandatory terms and conditions to client</strong></p><p><br>RAs shall disclose to the client the terms and conditions of the research services offered including rights and obligations. RAs shall ensure that neither any research service is rendered nor any fee is charged until consent is received from the client on the terms and conditions.<br>Below are the minimum mandatory T&amp;Cs required by the Circular. These provisions are integral to Our agreement with You:<br>1.Availing the Services<br>By accepting delivery of the research service, the client confirms that he/she has elected to subscribe the research service of the RA at his/her sole discretion. RA confirms that research services shall be rendered in accordance with the applicable provisions of the RA Regulations.<br>2. Obligations on RA<br>RA and client shall be bound by SEBI Act and all the applicable rules and regulations of SEBI, including the RA Regulations and relevant notifications of Government, as may be in force, from time to time.<br>3. Client Information &amp; KYC<br>The client shall furnish all such details in full as may be required by the RA in its standard form with supporting details, if required, as may be made mandatory by RAASB/SEBI from time to time.<br>RA shall collect, store, upload and check KYC records of the clients with KYC Registration Agency (KRA) as specified by SEBI from time to time.<br>4. Standard Terms of Service<br>The consent of client shall be taken on the following understanding:<br>The client has read and understood the terms and conditions applicable to a research analyst as defined under regulation 2(1)(u) of the SEBI (Research Analyst) Regulations, 2014, including the fee structure.<br>The client is subscribing to the research services for our own benefits and consumption, and any reliance placed on the research report provided by research analyst shall be as per our own judgement and assessment of the conclusions contained in the research report.<br>The client understands that –<br>i.<br>Any investment made based on the recommendations in the research report are subject to market risk.<br>ii.<br>Recommendations in the research report do not provide any assurance of returns.<br>iii.<br>There is no recourse to claim any losses incurred on the investments made based on the recommendations in the research report.<br>Declaration of the RA that:<br>i.<br>It is duly registered with SEBI as an RA pursuant to the SEBI (Research Analysts) Regulations, 2014 and its registration details are: (registration number INH000023728, registration date 31.10.2025);<br>ii.<br>It has registration and qualifications required to render the services contemplated under the RA Regulations, and the same are valid and subsisting;<br>iii.<br>Research analyst services provided by it do not conflict with or violate any provision of law, rule or regulation, contract, or other instrument to which it is a party or to which any of its property is or may be subject;<br>iv.<br>The maximum fee that may be charged by RA is ₹1.51 lakhs per annum per family of client.<br>v.<br>The recommendations provided by RA do not provide any assurance of returns.<br>Additionally, if RA is an individual, declaration that:<br>It is not engaged in any additional professional or business activities, on a whole-time basis or in an executive capacity, which interfere with/influence or have the potential to interfere with/influence the independence of research report and/or recommendations contained therein.<br>5. Consideration &amp; Mode of Payment<br>The client shall duly pay to RA, the agreed fees for the services that RA renders to the client and statutory charges, as applicable. Such fees and statutory charges shall be payable through the specified manner and mode(s)/ mechanism(s).<br>6. Risk Factors<br>You acknowledge that investing in securities is subject to market risk, including but not limited to volatility and potential loss of principal, and any past performance is no indicator of future performance, and no returns are guaranteed.<br>7. Conflict of Interest<br>The RA shall adhere to the applicable regulations/ circulars/ directions specified by SEBI from time to time in relation to disclosure and mitigation of any actual or potential conflict of interest.<br>RA shall disclose any conflicts of interest as mandated by SEBI and take steps to mitigate or avoid them. Full disclosures, if required, will be provided in each research report or at the time of giving a recommendation. The Client is advised to visit and thoroughly review all policies, disclosures, and disclaimers available on the official website of the Research Analyst. By signing this Agreement, it shall be deemed that the Client has had the opportunity to read, understand, and accept all such policies and disclaimers as published on the website. The Client confirms and agrees to be bound by the same.<br>8.Termination of Service &amp; Refund of Fees<br>The RA may suspend or terminate rendering of research services to client on account of suspension/ cancellation of registration of RA by SEBI and shall refund the residual amount to the client.<br>We may also suspend/terminate services in the event You breach these T&amp;Cs or as otherwise allowed by law.<br>In case of suspension of certificate of registration of the RA for more than 60 (sixty) days or cancellation of the RA registration, RA shall refund the fees, on a pro rata basis for the period from the effective date of cancellation/ suspension to end of the subscription period.<br>9.<br>Grievance Redressal &amp; Dispute Resolution<br>Any grievance related to<br>(i) non receipt of research report or<br>(ii) missing pages or inability to download the entire report, or<br>(iii) any other deficiency in the research services provided by RA, shall be escalated promptly by the client to the person/employee designated by RA, in this behalf (Namita Rathore Proprietor of Bharat Stock Market Research, namitarathore05071992@gmail.com)<br>The RA shall be responsible to resolve grievances within 7 (seven) business working days or such timelines as may be specified by SEBI under the RA Regulations.<br>RA shall redress grievances of the client in a timely and transparent manner.<br>Any dispute between the RA and his client may be resolved through arbitration or through any other modes or mechanism as specified by SEBI from time to time.<br>If unresolved, the client may escalate the complaint to SEBI via the SCORES portal or undertake online conciliation and/or online arbitration by participating in the ODR Portal and/or undertaking dispute resolution in the manner specified in the SEBI circular no. SEBI/HO/OIAE/OIAE_IAD-3/P/CIR/2023/195 Updated as on December 20, 2023on \"Online Resolution of Disputes in the Indian Securities Market.<br>10. Additional Clauses<br>Any additional voluntary clauses in this agreement shall not conflict with SEBI regulations/circulars. Any changes to such voluntary clauses shall be preceded by 15 days’ notice.<br>11. Mandatory Notice<br>The Client is requested to go through Do’s and Don’ts while dealing with RA as specified in SEBI master circular no. SEBI/HO/MIRSD-POD 1/P/CIR/2024/49 dated May 21, 2024 or as may be specified by SEBI from time to time.<br>12. Most Important Terms &amp; Conditions (MITC)<br>We shall also disclose MITC (as standardized by the Industry Standards Forum, in consultation with SEBI/RAASB).<br>The terms and conditions and the consent thereon are for the research services provided by the RA and RA cannot execute/ carry out any trade (purchase/ sell transaction) on behalf of the client. Thus, you are advised not to permit RA to execute any trade on your behalf.<br>13. Optional Centralised Fee Collection Mechanism: RA Shall provide the guidance to their clients on an optional ‘Centralised Fee Collection Mechanism for IA and RA’ (CeFCoM) available to them for payment of fees to RA.<br>PART C<br><strong>Most Important Terms and Conditions (MITC)</strong><br>1.<br>These terms and conditions, and consent thereon are for the research services provided by the Research Analyst (RA) and RA cannot execute/carry out any trade (purchase/sell transaction) on behalf of, the client. Thus, the clients are advised not to permit RA to execute any trade on their behalf.<br>2.<br>The fee charged by RA to the client will be subject to the maximum of amount prescribed by SEBI/ Research Analyst Administration and Supervisory Body (RAASB) from time to time (applicable only for Individual and HUF Clients).<br>Note:<br>2.1. The current fee limit is Rs 1,51,000/- per annum per family of client for all research services of the RA.<br>2.2. The fee limit does not include statutory charges.<br>2.3. The fee limits do not apply to a non-individual client / accredited investor.<br>3.<br>RA may charge fees in advance if agreed by the client. Such advance shall not exceed the period stipulated by SEBI; presently, it is one year. In case of premature<br>termination of the RA services by either the client or the RA, the client shall be entitled to seek a refund of proportionate fees only for the unexpired period.<br>4.<br>Fees to RA may be paid by the client through any of the specified modes like cheque, online bank transfer, UPI, etc. Cash payment is not allowed. Optionally the client can make payments through Centralized Fee Collection Mechanism (CeFCoM) managed by BSE Limited (i.e. currently recognized RAASB).<br>5.<br>The RA is required to abide by the applicable regulations/ circulars/ directions specified by SEBI and RAASB from time to time in relation to disclosure and mitigation of any actual or potential conflict of interest. The RA will endeavour to promptly inform the client of any conflict of interest that may affect the services being rendered to the client.<br>6.<br>Any assured/guaranteed/fixed returns schemes or any other schemes of similar nature are prohibited by law. No scheme of this nature shall be offered to the client by the RA.<br>7.<br>The RA cannot guarantee returns, profits, accuracy, or risk-free investments from the use of the RA’s research services. All opinions, projections, estimates of the RA are based on the analysis of available data under certain assumptions as of the date of preparation/publication of research report.<br>8.<br>Any investment made based on recommendations in research reports are subject to market risks, and recommendations do not provide any assurance of returns. There is no recourse to claim any losses incurred on the investments made based on the recommendations in the research report. Any reliance placed on the research report provided by the RA shall be as per the client’s own judgement and assessment of the conclusions contained in the research report.<br>9.<br>The SEBI registration, Enlistment with RAASB, and NISM certification do not guarantee the performance of the RA or assure any returns to the client.<br>10.<br>For any grievances:<br>Step 1: The client should first contact the RA using the details on its website or the following contact details:</p><p><br><strong>Customer Care Number : +91 9457296893</strong></p><p><br><br><strong>Contact Person Name : Namita Rathore</strong><br><br><br><strong>Address : House No 223, Qila Chawni Near Holi Chowk Ward No 47, Rampur Road, Bareilly, Uttar Pradesh, 243001</strong><br><br><strong>Email-ID : </strong><a href=\"mailto:namitarathore05071992@gmail.com\"><strong>namitarathore05071992@gmail.com</strong></a></p><p><br><strong>Working hours when complainant can call : (9 AM-5 PM (Monday-Friday)</strong></p><p><br><br>Step 2: If the resolution is unsatisfactory, the client can lodge grievances through SEBI’s SCORES platform at www.scores.sebi.gov.in.<br>Step 3: The client may also consider the Online Dispute Resolution (ODR) through the Smart ODR portal at https://smartodr.in.<br>11.<br>Clients are required to keep contact details, including email id and mobile number/s updated with the RA at all times.<br>12.<br>The RA shall never ask for the client’s login credentials and OTPs for the client’s Trading Account Demat Account and Bank Account. Never share such information with anyone including RA. The SEBI registration, Enlistment with RAASB, and NISM certification do not guarantee the performance of the RA or assure any returns to the client.<br>&nbsp;</p>',NULL,8,1,'2026-01-11 17:24:37','2026-01-11 17:24:37'),(26,1,'<h2><strong>1.</strong> <strong>Information We Collect</strong></h2><ul><li>Name, email, phone number</li><li>KYC documents (PAN, address proof, etc.)</li><li>Payment transaction details</li><li>Website usage data (non-personal)</li></ul><p>&nbsp;</p><h2><strong>2. Use of Information</strong></h2><p>Your data is used for:</p><ul><li>KYC compliance</li><li>Regulatory reporting</li><li>Service delivery</li><li>Customer communication</li><li>Legal &amp; compliance obligations</li></ul><p>&nbsp;</p><h2><strong>3. Data Sharing</strong></h2><p>We <strong>do not sell or trade</strong> your personal data.</p><p>Information may be shared only with:</p><ul><li>SEBI / RAASB / KRA agencies</li><li>Legal or regulatory authorities (if required by law)</li></ul><p>&nbsp;</p><h2><strong>4. Data Security</strong></h2><p>We implement reasonable safeguards; however:</p><ul><li>Internet data transmission is <strong>not 100% secure</strong></li><li>You acknowledge this risk when using our services</li></ul><p>&nbsp;</p><h2><strong>5. Data Retention</strong></h2><p>Client data is retained as per SEBI regulations and applicable Indian laws.</p><p>&nbsp;</p><h2><strong>6. Your Rights</strong></h2><p>You may request:</p><ul><li>Correction of inaccurate data</li><li>Update of contact details</li><li>Clarification on data usage</li></ul><p>&nbsp;</p><h2><strong>7. Contact for Privacy Queries</strong></h2><p>📧 <a href=\"mailto:namitarathore05071992@gmail.com\"><strong>namitarathore05071992@gmail.com</strong></a></p><p><strong>last updated on 17/01/2026</strong></p>',NULL,6,0,'2026-01-17 17:34:30','2026-01-27 12:52:47'),(27,1,'<h2><strong>1.</strong> <strong>Information We Collect</strong></h2><ul><li>Name, email, phone number</li><li>KYC documents (PAN, address proof, etc.)</li><li>Payment transaction details</li><li>Website usage data (non-personal)</li></ul><p>&nbsp;</p><h2><strong>2. Use of Information</strong></h2><p>Your data is used for:</p><ul><li>KYC compliance</li><li>Regulatory reporting</li><li>Service delivery</li><li>Customer communication</li><li>Legal &amp; compliance obligations</li></ul><p>&nbsp;</p><h2><strong>3. Data Sharing</strong></h2><p>We <strong>do not sell or trade</strong> your personal data.</p><p>Information may be shared only with:</p><ul><li>SEBI / RAASB / KRA agencies</li><li>Legal or regulatory authorities (if required by law)</li></ul><p>&nbsp;</p><h2><strong>4. Data Security</strong></h2><p>We implement reasonable safeguards; however:</p><ul><li>Internet data transmission is <strong>not 100% secure</strong></li><li>You acknowledge this risk when using our services</li></ul><p>&nbsp;</p><h2><strong>5. Data Retention</strong></h2><p>Client data is retained as per SEBI regulations and applicable Indian laws.</p><p>&nbsp;</p><h2><strong>6. Your Rights</strong></h2><p>You may request:</p><ul><li>Correction of inaccurate data</li><li>Update of contact details</li><li>Clarification on data usage</li></ul><p>&nbsp;</p><h2><strong>7. Contact for Privacy Queries</strong></h2><p>📧 <a href=\"mailto:namitarathore05071992@gmail.com\"><strong>namitarathore05071992@gmail.com</strong></a></p><p><strong>last updated on 17/01/2026</strong></p>',NULL,7,0,'2026-01-27 07:16:24','2026-01-27 12:52:47'),(28,1,'<h2><strong>1.</strong> <strong>Information We Collect</strong></h2><ul><li>Name, email, phone number</li><li>KYC documents (PAN, address proof, etc.)</li><li>Payment transaction details</li><li>Website usage data (non-personal)</li></ul><p>&nbsp;</p><h2><strong>2. Use of Information</strong></h2><p>Your data is used for:</p><ul><li>KYC compliance</li><li>Regulatory reporting</li><li>Service delivery</li><li>Customer communication</li><li>Legal &amp; compliance obligations</li></ul><p>&nbsp;</p><h2><strong>3. Data Sharing</strong></h2><p>We <strong>do not sell or trade</strong> your personal data.</p><p>Information may be shared only with:</p><ul><li>SEBI / RAASB / KRA agencies</li><li>Legal or regulatory authorities (if required by law)</li></ul><p>&nbsp;</p><h2><strong>4. Data Security</strong></h2><p>We implement reasonable safeguards; however:</p><ul><li>Internet data transmission is <strong>not 100% secure</strong></li><li>You acknowledge this risk when using our services</li></ul><p>&nbsp;</p><h2><strong>5. Data Retention</strong></h2><p>Client data is retained as per SEBI regulations and applicable Indian laws.</p><p>&nbsp;</p><h2><strong>6. Your Rights</strong></h2><p>You may request:</p><ul><li>Correction of inaccurate data</li><li>Update of contact details</li><li>Clarification on data usage</li></ul><p>&nbsp;</p><h2><strong>7. Contact for Privacy Queries</strong></h2><p>📧 <a href=\"mailto:namitarathore05071992@gmail.com\"><strong>namitarathore05071992@gmail.com</strong></a></p><p>&nbsp;</p>',NULL,8,1,'2026-01-27 12:52:47','2026-01-27 12:52:47');
/*!40000 ALTER TABLE `policy_contents` ENABLE KEYS */;
UNLOCK TABLES;

--
-- Table structure for table `policy_masters`
--

DROP TABLE IF EXISTS `policy_masters`;
/*!40101 SET @saved_cs_client     = @@character_set_client */;
/*!50503 SET character_set_client = utf8mb4 */;
CREATE TABLE `policy_masters` (
  `id` bigint unsigned NOT NULL AUTO_INCREMENT,
  `name` varchar(255) COLLATE utf8mb4_unicode_ci NOT NULL,
  `slug` varchar(255) COLLATE utf8mb4_unicode_ci NOT NULL,
  `title` varchar(255) COLLATE utf8mb4_unicode_ci DEFAULT NULL,
  `description` text COLLATE utf8mb4_unicode_ci,
  `is_enabled` tinyint(1) NOT NULL DEFAULT '1',
  `created_at` timestamp NULL DEFAULT NULL,
  `updated_at` timestamp NULL DEFAULT NULL,
  PRIMARY KEY (`id`),
  UNIQUE KEY `policy_masters_slug_unique` (`slug`)
) ENGINE=InnoDB AUTO_INCREMENT=8 DEFAULT CHARSET=utf8mb4 COLLATE=utf8mb4_unicode_ci;
/*!40101 SET character_set_client = @saved_cs_client */;

--
-- Dumping data for table `policy_masters`
--

LOCK TABLES `policy_masters` WRITE;
/*!40000 ALTER TABLE `policy_masters` DISABLE KEYS */;
INSERT INTO `policy_masters` VALUES (1,'Privacy Policy','privacy-policy','By accessing the platform, you agree to the terms described in this policy. If you do not agree, please discontinue usage.','Bharat Stock Market Research (“Company”, “We”, “Us”) owns and operates the platform. This Privacy Policy explains how we collect, use, and protect your information.',1,'2025-12-29 01:32:46','2026-01-11 12:15:58'),(2,'MITC','mitc','Terms & Conditions',NULL,1,'2025-12-29 01:49:43','2026-01-11 17:16:04'),(3,'Grievance Redressal Policy','grievance-redressal-policy','By accessing the platform, you agree to the terms described in this policy. If you do not agree, please discontinue usage.','Bharat Stock Market Research(“Company”, “We”, “Us”) owns and operates the platform. This Privacy Policy explains how we collect, use, and protect your informatio',1,'2025-12-29 01:55:51','2026-01-11 13:35:46'),(4,'Refund Policy','refund-policy','Refund rules governed by SEBI regulations','Refunds are governed strictly by SEBI (Research Analyst) Regulations and related circulars. Refunds are applicable only for the unexpired portion of the subscription.',1,'2026-01-07 10:56:49','2026-01-07 10:56:49'),(5,'PMLA Policy','pmla-policy','PMLA Policy',NULL,1,'2026-01-11 15:10:50','2026-01-11 16:37:55'),(6,'Investor Charter','investor-charter','Investor Charter','DISCLOSURE OF INVESTOR CHARTER BY RESEARCH ANALYSTS FOR CLIENTS\r\nPURSUANT TO THE SEBI (RESEARCH ANALYST) REGULATIONS, 2014 READ WITH ANNEXURE A OF SEBI CIRCULAR SEBI/HO/MIRSD/MIRSD-PoD/P/CIR/2025/81 DATED JUNE 02, 2025 OR READ WITH CLAUSE 7 AND ANNEXURE D OF SEBI MASTER CIRCULAR FOR RESEARCH ANALYSTS SEBI/HO/MIRSD/MIRSD-PoD/P/CIR/2025/95 DATED JUNE 27, 2025.',1,'2026-01-11 16:30:54','2026-01-11 16:30:54'),(7,'Code of conduct','code-of-conduct','CODE OF CONDUCT','CODE OF CONDUCT FOR RESEARCH ANALYST',1,'2026-01-11 16:39:31','2026-01-11 16:39:31');
/*!40000 ALTER TABLE `policy_masters` ENABLE KEYS */;
UNLOCK TABLES;

--
-- Table structure for table `popups`
--

DROP TABLE IF EXISTS `popups`;
/*!40101 SET @saved_cs_client     = @@character_set_client */;
/*!50503 SET character_set_client = utf8mb4 */;
CREATE TABLE `popups` (
  `id` bigint unsigned NOT NULL AUTO_INCREMENT,
  `title` varchar(255) COLLATE utf8mb4_unicode_ci NOT NULL,
  `slug` varchar(255) COLLATE utf8mb4_unicode_ci DEFAULT NULL,
  `description` text COLLATE utf8mb4_unicode_ci,
  `type` enum('notification','offer','policy','image','custom') COLLATE utf8mb4_unicode_ci DEFAULT NULL,
  `content_type` enum('text','html','image') COLLATE utf8mb4_unicode_ci DEFAULT NULL,
  `content` longtext COLLATE utf8mb4_unicode_ci,
  `image` varchar(255) COLLATE utf8mb4_unicode_ci DEFAULT NULL,
  `button_text` varchar(255) COLLATE utf8mb4_unicode_ci DEFAULT NULL,
  `button_url` varchar(255) COLLATE utf8mb4_unicode_ci DEFAULT NULL,
  `is_dismissible` tinyint(1) DEFAULT '1',
  `priority` int DEFAULT '0',
  `status` enum('active','inactive') COLLATE utf8mb4_unicode_ci DEFAULT 'inactive',
  `created_at` timestamp NULL DEFAULT NULL,
  `updated_at` timestamp NULL DEFAULT NULL,
  PRIMARY KEY (`id`),
  UNIQUE KEY `popups_slug_unique` (`slug`),
  KEY `popups_status_index` (`status`)
) ENGINE=InnoDB AUTO_INCREMENT=7 DEFAULT CHARSET=utf8mb4 COLLATE=utf8mb4_unicode_ci;
/*!40101 SET character_set_client = @saved_cs_client */;

--
-- Dumping data for table `popups`
--

LOCK TABLES `popups` WRITE;
/*!40000 ALTER TABLE `popups` DISABLE KEYS */;
INSERT INTO `popups` VALUES (1,'Notification','notification',NULL,'image',NULL,'<h3><strong>&quot;New Notification</strong>&nbsp;Stock&quot;&nbsp;refers to royalty-free<strong>&nbsp;images, videos,&nbsp;</strong>and&nbsp;<strong>vectors&nbsp;</strong>of digital alerts (like&nbsp;<strong>mail, social media, updates</strong>) used in&nbsp;<em>design</em>, as well as setting up alerts for actual stock market movements. For design, you can find assets on sites like&nbsp;<a href=\"https://www.shutterstock.com/search/new-notification\" target=\"_blank\">Shutterstock</a>,&nbsp;<a href=\"https://www.gettyimages.in/photos/notification\" target=\"_blank\">Getty Images</a>, and&nbsp;<a href=\"https://www.pexels.com/search/notification/\" target=\"_blank\">Pexels</a>. For financial news, services like&nbsp;<a href=\"https://www.hl.co.uk/shares/alerts\" target=\"_blank\">Hargreaves Lansdown</a>&nbsp;and&nbsp;<a href=\"https://robinhood.com/support/articles/price-alerts/\" target=\"_blank\">Robinhood</a>&nbsp;<em>offer alerts</em>&nbsp;for stock price changes and news.&nbsp;</h3>','popups/pMChcYzjV3OTeApKG7EUl0N5zOcSxfLOHNUaV1DR.jpg','Subscribe Now','https://bharatstockmarketresearch.com/services',1,0,'inactive','2026-01-07 12:52:28','2026-01-29 16:20:12'),(4,'ONLY TEXT','only-text','BHARATSTOCKMARKETRESEARCH','notification',NULL,'<p>THIS IS ONLY TEXT MESSAGE &quot;JAI SHRI RAM&quot;</p>',NULL,NULL,NULL,1,0,'inactive','2026-01-09 16:53:55','2026-01-09 18:02:53'),(6,'.','',NULL,'notification',NULL,NULL,'popups/Cv1nRRtMHHxvVEfy5xgmZhIPshVUFPST1XEVb9Xe.png',NULL,NULL,1,0,'active','2026-01-27 14:53:46','2026-01-29 16:20:12');
/*!40000 ALTER TABLE `popups` ENABLE KEYS */;
UNLOCK TABLES;

--
-- Table structure for table `reviews`
--

DROP TABLE IF EXISTS `reviews`;
/*!40101 SET @saved_cs_client     = @@character_set_client */;
/*!50503 SET character_set_client = utf8mb4 */;
CREATE TABLE `reviews` (
  `id` bigint unsigned NOT NULL AUTO_INCREMENT,
  `user_id` bigint unsigned DEFAULT NULL,
  `name` varchar(255) COLLATE utf8mb4_unicode_ci DEFAULT NULL,
  `email` varchar(255) COLLATE utf8mb4_unicode_ci DEFAULT NULL,
  `rating` tinyint NOT NULL,
  `review` text COLLATE utf8mb4_unicode_ci NOT NULL,
  `country` varchar(255) COLLATE utf8mb4_unicode_ci DEFAULT NULL,
  `state` varchar(255) COLLATE utf8mb4_unicode_ci DEFAULT NULL,
  `city` varchar(255) COLLATE utf8mb4_unicode_ci DEFAULT NULL,
  `status` int NOT NULL DEFAULT '0' COMMENT '0:Pending, 1:Approved, 2:Rejected',
  `is_featured` tinyint(1) NOT NULL DEFAULT '0',
  `created_at` timestamp NULL DEFAULT NULL,
  `updated_at` timestamp NULL DEFAULT NULL,
  `approved_at` timestamp NULL DEFAULT NULL,
  PRIMARY KEY (`id`),
  KEY `reviews_user_id_foreign` (`user_id`),
  CONSTRAINT `reviews_user_id_foreign` FOREIGN KEY (`user_id`) REFERENCES `users` (`id`) ON DELETE SET NULL
) ENGINE=InnoDB AUTO_INCREMENT=11 DEFAULT CHARSET=utf8mb4 COLLATE=utf8mb4_unicode_ci;
/*!40101 SET character_set_client = @saved_cs_client */;

--
-- Dumping data for table `reviews`
--

LOCK TABLES `reviews` WRITE;
/*!40000 ALTER TABLE `reviews` DISABLE KEYS */;
INSERT INTO `reviews` VALUES (1,NULL,'sharad','bhaisaniyasharad@gmail.com',3,'testing reviews','India','Madhya Pradesh','Bhopal',1,0,'2025-12-15 02:35:43','2026-01-27 15:49:50','2026-01-27 15:49:50'),(2,1,'admin','admin@example.com',5,'test for with auth','India','Madhya Pradesh','Bhopal',2,0,'2025-12-15 02:36:47','2026-01-26 14:36:36',NULL),(3,NULL,'Dolor Morkal','bhaisaniyasharad@gmail.com',4,'Good enough','India','Madhya Pradesh','Bhopal',1,0,'2025-12-15 02:45:58','2026-01-22 17:47:39','2026-01-22 17:47:39'),(4,NULL,'Akhil','test@example.com',4,'The dashboard is easy to use and shows only what matters. A helpful platform for retail traders.','India','Madhya Pradesh','Bhopal',1,0,'2025-12-15 02:47:05','2026-01-22 17:47:36','2026-01-22 17:47:36'),(6,NULL,'Rahul Sharma','rahul@gmail.com',5,'Excellent research and support','India','Delhi','Delhi',1,0,'2025-12-16 02:11:26','2026-01-22 17:47:28','2026-01-22 17:47:28'),(7,NULL,'Shipra rathore','ankushsingh5555@gmail.com',5,'The dashboard is amazing and easy to use and shows only trusted things','India','Punjab','Patiāla',1,0,'2026-01-14 18:12:08','2026-01-22 17:47:33','2026-01-22 17:47:33'),(8,NULL,'Test','bhu@gmail.com',5,'test','India','Madhya Pradesh','Bhopal',1,0,'2026-01-16 05:56:53','2026-01-22 17:47:44','2026-01-22 17:47:44'),(9,NULL,'Thane Espinoza','qyqom@mailinator.com',5,'Blanditiis officiis','India','Madhya Pradesh','Bhopal',2,0,'2026-01-16 05:57:30','2026-01-21 11:39:06',NULL),(10,1,'admin','admin@example.com',5,'This is a great apportunity for you to read my comment. Let Make Indianan Economy a 3 Trillion Economy.','India','Uttarakhand','Dehradun',2,0,'2026-01-17 18:18:41','2026-01-26 14:36:05',NULL);
/*!40000 ALTER TABLE `reviews` ENABLE KEYS */;
UNLOCK TABLES;

--
-- Table structure for table `risk_reward_masters`
--

DROP TABLE IF EXISTS `risk_reward_masters`;
/*!40101 SET @saved_cs_client     = @@character_set_client */;
/*!50503 SET character_set_client = utf8mb4 */;
CREATE TABLE `risk_reward_masters` (
  `id` bigint unsigned NOT NULL AUTO_INCREMENT,
  `calculation_type` enum('percentage','price') COLLATE utf8mb4_unicode_ci NOT NULL,
  `target1_value` decimal(10,2) NOT NULL,
  `target2_value` decimal(10,2) DEFAULT NULL,
  `stoploss_value` decimal(10,2) NOT NULL,
  `is_active` tinyint(1) NOT NULL DEFAULT '0',
  `created_at` timestamp NULL DEFAULT NULL,
  `updated_at` timestamp NULL DEFAULT NULL,
  PRIMARY KEY (`id`)
) ENGINE=InnoDB AUTO_INCREMENT=4 DEFAULT CHARSET=utf8mb4 COLLATE=utf8mb4_unicode_ci;
/*!40101 SET character_set_client = @saved_cs_client */;

--
-- Dumping data for table `risk_reward_masters`
--

LOCK TABLES `risk_reward_masters` WRITE;
/*!40000 ALTER TABLE `risk_reward_masters` DISABLE KEYS */;
INSERT INTO `risk_reward_masters` VALUES (1,'percentage',5.00,7.00,5.00,0,'2026-01-21 11:37:51','2026-01-21 13:48:59'),(2,'price',522.00,5522.00,22.00,1,'2026-01-21 13:05:20','2026-01-21 13:52:00'),(3,'percentage',5.00,5.00,2.00,0,'2026-01-21 13:50:10','2026-01-21 13:52:00');
/*!40000 ALTER TABLE `risk_reward_masters` ENABLE KEYS */;
UNLOCK TABLES;

--
-- Table structure for table `role_has_permissions`
--

DROP TABLE IF EXISTS `role_has_permissions`;
/*!40101 SET @saved_cs_client     = @@character_set_client */;
/*!50503 SET character_set_client = utf8mb4 */;
CREATE TABLE `role_has_permissions` (
  `permission_id` bigint unsigned NOT NULL,
  `role_id` bigint unsigned NOT NULL,
  PRIMARY KEY (`permission_id`,`role_id`),
  KEY `role_has_permissions_role_id_foreign` (`role_id`),
  CONSTRAINT `role_has_permissions_permission_id_foreign` FOREIGN KEY (`permission_id`) REFERENCES `permissions` (`id`) ON DELETE CASCADE,
  CONSTRAINT `role_has_permissions_role_id_foreign` FOREIGN KEY (`role_id`) REFERENCES `roles` (`id`) ON DELETE CASCADE
) ENGINE=InnoDB DEFAULT CHARSET=utf8mb4 COLLATE=utf8mb4_unicode_ci;
/*!40101 SET character_set_client = @saved_cs_client */;

--
-- Dumping data for table `role_has_permissions`
--

LOCK TABLES `role_has_permissions` WRITE;
/*!40000 ALTER TABLE `role_has_permissions` DISABLE KEYS */;
INSERT INTO `role_has_permissions` VALUES (1,1),(2,1),(3,1),(3,3);
/*!40000 ALTER TABLE `role_has_permissions` ENABLE KEYS */;
UNLOCK TABLES;

--
-- Table structure for table `roles`
--

DROP TABLE IF EXISTS `roles`;
/*!40101 SET @saved_cs_client     = @@character_set_client */;
/*!50503 SET character_set_client = utf8mb4 */;
CREATE TABLE `roles` (
  `id` bigint unsigned NOT NULL AUTO_INCREMENT,
  `name` varchar(255) COLLATE utf8mb4_unicode_ci NOT NULL,
  `guard_name` varchar(255) COLLATE utf8mb4_unicode_ci NOT NULL,
  `created_at` timestamp NULL DEFAULT NULL,
  `updated_at` timestamp NULL DEFAULT NULL,
  PRIMARY KEY (`id`),
  UNIQUE KEY `roles_name_guard_name_unique` (`name`,`guard_name`)
) ENGINE=InnoDB AUTO_INCREMENT=5 DEFAULT CHARSET=utf8mb4 COLLATE=utf8mb4_unicode_ci;
/*!40101 SET character_set_client = @saved_cs_client */;

--
-- Dumping data for table `roles`
--

LOCK TABLES `roles` WRITE;
/*!40000 ALTER TABLE `roles` DISABLE KEYS */;
INSERT INTO `roles` VALUES (1,'super-admin','web','2025-12-05 00:36:27','2025-12-05 00:36:27'),(3,'customer','web','2025-12-05 04:37:01','2025-12-05 04:37:01'),(4,'employee','web','2026-01-22 12:57:56','2026-01-22 12:57:56');
/*!40000 ALTER TABLE `roles` ENABLE KEYS */;
UNLOCK TABLES;

--
-- Table structure for table `service_plan_durations`
--

DROP TABLE IF EXISTS `service_plan_durations`;
/*!40101 SET @saved_cs_client     = @@character_set_client */;
/*!50503 SET character_set_client = utf8mb4 */;
CREATE TABLE `service_plan_durations` (
  `id` bigint unsigned NOT NULL AUTO_INCREMENT,
  `service_plan_id` bigint unsigned NOT NULL,
  `duration` varchar(255) COLLATE utf8mb4_unicode_ci NOT NULL,
  `duration_days` int DEFAULT NULL,
  `price` decimal(10,2) NOT NULL,
  `created_at` timestamp NULL DEFAULT NULL,
  `updated_at` timestamp NULL DEFAULT NULL,
  PRIMARY KEY (`id`),
  KEY `service_plan_durations_service_plan_id_foreign` (`service_plan_id`),
  CONSTRAINT `service_plan_durations_service_plan_id_foreign` FOREIGN KEY (`service_plan_id`) REFERENCES `service_plans` (`id`) ON DELETE CASCADE
) ENGINE=InnoDB AUTO_INCREMENT=41 DEFAULT CHARSET=utf8mb4 COLLATE=utf8mb4_unicode_ci;
/*!40101 SET character_set_client = @saved_cs_client */;

--
-- Dumping data for table `service_plan_durations`
--

LOCK TABLES `service_plan_durations` WRITE;
/*!40000 ALTER TABLE `service_plan_durations` DISABLE KEYS */;
INSERT INTO `service_plan_durations` VALUES (18,7,'1 Months',NULL,99.00,'2026-01-11 15:20:13','2026-01-21 15:34:43'),(27,7,'2 Months',NULL,199.00,'2026-01-20 16:31:08','2026-01-21 15:34:43'),(28,7,'3 Months',NULL,299.00,'2026-01-20 16:31:08','2026-01-21 15:34:43'),(29,10,'1 Month',NULL,200.00,'2026-01-21 15:39:43','2026-01-22 18:36:53'),(30,10,'2 Months',NULL,400.00,'2026-01-21 15:39:43','2026-01-22 18:36:53'),(31,10,'3 Months',NULL,550.00,'2026-01-21 15:39:43','2026-01-22 18:36:53'),(38,14,'1 Month',30,250.00,'2026-01-27 16:22:23','2026-01-27 16:22:23'),(39,14,'3 Months',90,500.00,'2026-01-27 16:22:23','2026-01-27 16:22:23'),(40,14,'6 Months',180,1400.00,'2026-01-27 16:22:23','2026-01-28 12:40:09');
/*!40000 ALTER TABLE `service_plan_durations` ENABLE KEYS */;
UNLOCK TABLES;

--
-- Table structure for table `service_plan_features`
--

DROP TABLE IF EXISTS `service_plan_features`;
/*!40101 SET @saved_cs_client     = @@character_set_client */;
/*!50503 SET character_set_client = utf8mb4 */;
CREATE TABLE `service_plan_features` (
  `id` bigint unsigned NOT NULL AUTO_INCREMENT,
  `service_plan_duration_id` bigint unsigned NOT NULL,
  `svg_icon` longtext COLLATE utf8mb4_unicode_ci,
  `text` varchar(255) COLLATE utf8mb4_unicode_ci DEFAULT NULL,
  `created_at` timestamp NULL DEFAULT NULL,
  `updated_at` timestamp NULL DEFAULT NULL,
  PRIMARY KEY (`id`),
  KEY `service_plan_features_service_plan_duration_id_foreign` (`service_plan_duration_id`),
  CONSTRAINT `service_plan_features_service_plan_duration_id_foreign` FOREIGN KEY (`service_plan_duration_id`) REFERENCES `service_plan_durations` (`id`) ON DELETE CASCADE
) ENGINE=InnoDB AUTO_INCREMENT=173 DEFAULT CHARSET=utf8mb4 COLLATE=utf8mb4_unicode_ci;
/*!40101 SET character_set_client = @saved_cs_client */;

--
-- Dumping data for table `service_plan_features`
--

LOCK TABLES `service_plan_features` WRITE;
/*!40000 ALTER TABLE `service_plan_features` DISABLE KEYS */;
INSERT INTO `service_plan_features` VALUES (75,27,'✖','Priority WhatsApp Support','2026-01-20 16:31:08','2026-01-22 18:25:43'),(76,27,'✔',NULL,'2026-01-20 16:31:08','2026-01-20 16:31:08'),(79,28,'✖','Priority WhatsApp Support','2026-01-20 16:31:08','2026-01-22 18:25:43'),(83,29,'✔','Equity cash - Intraday','2026-01-21 15:39:43','2026-01-21 15:39:43'),(84,29,'✔','Equity cash - Short & Long Term','2026-01-21 15:39:43','2026-01-21 15:39:43'),(85,29,'✔','Future and Options Calls','2026-01-21 15:39:43','2026-01-21 15:39:43'),(86,29,'✔','Priority WhatsApp Support','2026-01-21 15:39:43','2026-01-21 15:39:43'),(87,30,'✔','Equity cash - Intraday','2026-01-21 15:39:43','2026-01-21 15:39:43'),(88,30,'✔','Equity cash - Short & Long Term','2026-01-21 15:39:43','2026-01-21 15:39:43'),(89,30,'✔','Future and Options Calls','2026-01-21 15:39:43','2026-01-21 15:39:43'),(90,30,'✔','Priority WhatsApp Support','2026-01-21 15:39:43','2026-01-21 15:39:43'),(91,31,'✔','Equity cash - Intraday','2026-01-21 15:39:43','2026-01-21 15:39:43'),(92,31,'✔','Equity cash - Short & Long Term','2026-01-21 15:39:43','2026-01-21 15:39:43'),(93,31,'✔','Future and Options Calls','2026-01-21 15:39:43','2026-01-21 15:39:43'),(94,31,'✔','Priority WhatsApp Support','2026-01-21 15:39:43','2026-01-21 15:39:43'),(126,18,'✖','Priority WhatsApp Support','2026-01-22 18:09:10','2026-01-22 18:09:10'),(133,38,'✔','Equity cash - Intraday','2026-01-27 16:22:23','2026-01-27 16:22:23'),(134,38,'✔','Equity cash - Short & Long Term','2026-01-27 16:22:23','2026-01-27 16:22:23'),(136,38,'✔','Commodity Calls','2026-01-27 16:22:23','2026-01-27 16:22:23'),(137,38,'✔','Phone Calls','2026-01-27 16:22:23','2026-01-27 16:22:23'),(138,38,'✔','Priority WhatsApp Support','2026-01-27 16:22:23','2026-01-27 16:22:23'),(139,39,'✔','Equity cash - Intraday','2026-01-27 16:22:23','2026-01-27 16:22:23'),(140,39,'✔','Equity cash - Short & Long Term','2026-01-27 16:22:23','2026-01-27 16:22:23'),(141,39,'✔','Future and Options Calls','2026-01-27 16:22:23','2026-01-27 16:22:23'),(142,39,'✔','Commodity Calls','2026-01-27 16:22:23','2026-01-27 16:22:23'),(143,39,'✔','Phone Calls','2026-01-27 16:22:23','2026-01-27 16:22:23'),(144,39,'✔','Priority WhatsApp Support','2026-01-27 16:22:23','2026-01-27 16:22:23'),(145,40,'✔','Equity cash - Intraday','2026-01-27 16:22:23','2026-01-27 16:22:23'),(146,40,'✔','Equity cash - Short & Long Term','2026-01-27 16:22:23','2026-01-27 16:22:23'),(147,40,'✔','Future and Options Calls','2026-01-27 16:22:23','2026-01-27 16:22:23'),(148,40,'✔','Commodity Calls','2026-01-27 16:22:23','2026-01-27 16:22:23'),(149,40,'✔','Phone Calls','2026-01-27 16:22:23','2026-01-27 16:22:23'),(150,40,'✔','Priority WhatsApp Support','2026-01-27 16:22:23','2026-01-27 16:22:23'),(151,38,'✔','Index Future and Options Calls','2026-01-27 16:42:50','2026-01-27 16:42:50'),(152,18,'✖','Commodity Calls','2026-01-27 17:10:02','2026-01-27 17:10:02'),(153,18,'✖','Phone Calls','2026-01-27 17:10:02','2026-01-27 17:10:02'),(154,18,'✖','Index Future and Options Calls','2026-01-27 17:10:02','2026-01-27 17:10:02'),(155,27,'✖','Commodity Calls','2026-01-27 17:10:02','2026-01-27 17:10:02'),(156,27,'✖','Phone Calls','2026-01-27 17:10:02','2026-01-27 17:10:02'),(157,27,'✖','Index Future and Options Calls','2026-01-27 17:10:02','2026-01-27 17:10:02'),(158,28,'✖','Commodity Calls','2026-01-27 17:10:02','2026-01-27 17:10:02'),(159,28,'✖','Phone Calls','2026-01-27 17:10:02','2026-01-27 17:10:02'),(160,28,'✖','Index Future and Options Calls','2026-01-27 17:10:02','2026-01-27 17:10:02'),(161,18,'✔','Equity cash - Intraday','2026-01-27 17:10:48','2026-01-27 17:10:48'),(162,18,'✖','Equity cash - Short & Long Term','2026-01-27 17:10:48','2026-01-27 17:10:48'),(163,27,'✔','Equity cash - Intraday','2026-01-27 17:10:48','2026-01-27 17:10:48'),(164,27,'✖','Equity cash - Short & Long Term','2026-01-27 17:10:48','2026-01-27 17:10:48'),(165,28,'✔','Equity cash - Intraday','2026-01-27 17:10:48','2026-01-27 17:10:48'),(166,28,'✖','Equity cash - Short & Long Term','2026-01-27 17:10:48','2026-01-27 17:10:48'),(167,29,'✖','Commodity Calls','2026-01-27 17:12:23','2026-01-27 17:13:01'),(168,29,'✖','Phone Calls','2026-01-27 17:12:23','2026-01-27 17:13:01'),(169,30,'✖','Commodity Calls','2026-01-27 17:12:23','2026-01-27 17:13:01'),(170,30,'✖','Phone Calls','2026-01-27 17:12:23','2026-01-27 17:13:01'),(171,31,'✖','Commodity Calls','2026-01-27 17:12:23','2026-01-27 17:13:01'),(172,31,'✖','Phone Calls','2026-01-27 17:12:23','2026-01-27 17:13:01');
/*!40000 ALTER TABLE `service_plan_features` ENABLE KEYS */;
UNLOCK TABLES;

--
-- Table structure for table `service_plans`
--

DROP TABLE IF EXISTS `service_plans`;
/*!40101 SET @saved_cs_client     = @@character_set_client */;
/*!50503 SET character_set_client = utf8mb4 */;
CREATE TABLE `service_plans` (
  `id` bigint unsigned NOT NULL AUTO_INCREMENT,
  `name` varchar(255) COLLATE utf8mb4_unicode_ci NOT NULL,
  `tagline` varchar(255) COLLATE utf8mb4_unicode_ci DEFAULT NULL,
  `featured` tinyint(1) NOT NULL DEFAULT '0',
  `status` tinyint(1) NOT NULL DEFAULT '1',
  `sort_order` int NOT NULL DEFAULT '1',
  `button_text` varchar(255) COLLATE utf8mb4_unicode_ci NOT NULL DEFAULT 'Subscribe Now',
  `created_at` timestamp NULL DEFAULT NULL,
  `updated_at` timestamp NULL DEFAULT NULL,
  PRIMARY KEY (`id`)
) ENGINE=InnoDB AUTO_INCREMENT=15 DEFAULT CHARSET=utf8mb4 COLLATE=utf8mb4_unicode_ci;
/*!40101 SET character_set_client = @saved_cs_client */;

--
-- Dumping data for table `service_plans`
--

LOCK TABLES `service_plans` WRITE;
/*!40000 ALTER TABLE `service_plans` DISABLE KEYS */;
INSERT INTO `service_plans` VALUES (7,'Silver: Intraday Starter','Monthly Subscription based.\r\nBest for new traders focusing on daily cash calls.',1,1,1,'Subscribe Now','2025-12-15 04:30:15','2026-01-15 17:26:27'),(10,'Gold: F&O Pro','Includes Options, Futures, and Hedging strategies.',1,1,1,'Subscribe Now','2026-01-13 16:43:39','2026-01-17 10:11:00'),(14,'Platinum: All Type Traders','Monthly Subscription based.',1,1,1,'Subscribe Now','2026-01-27 16:22:23','2026-01-27 17:06:08');
/*!40000 ALTER TABLE `service_plans` ENABLE KEYS */;
UNLOCK TABLES;

--
-- Table structure for table `sessions`
--

DROP TABLE IF EXISTS `sessions`;
/*!40101 SET @saved_cs_client     = @@character_set_client */;
/*!50503 SET character_set_client = utf8mb4 */;
CREATE TABLE `sessions` (
  `id` varchar(255) COLLATE utf8mb4_unicode_ci NOT NULL,
  `user_id` bigint unsigned DEFAULT NULL,
  `ip_address` varchar(45) COLLATE utf8mb4_unicode_ci DEFAULT NULL,
  `user_agent` text COLLATE utf8mb4_unicode_ci,
  `payload` longtext COLLATE utf8mb4_unicode_ci NOT NULL,
  `last_activity` int NOT NULL,
  PRIMARY KEY (`id`),
  KEY `sessions_user_id_index` (`user_id`),
  KEY `sessions_last_activity_index` (`last_activity`)
) ENGINE=InnoDB DEFAULT CHARSET=utf8mb4 COLLATE=utf8mb4_unicode_ci;
/*!40101 SET character_set_client = @saved_cs_client */;

--
-- Dumping data for table `sessions`
--

LOCK TABLES `sessions` WRITE;
/*!40000 ALTER TABLE `sessions` DISABLE KEYS */;
INSERT INTO `sessions` VALUES ('1PBxhJQi2gxOSPthLAZ2Hu4cGp4yJFVhFun6NUxa',1,'152.59.121.183','Mozilla/5.0 (iPhone; CPU iPhone OS 18_7 like Mac OS X) AppleWebKit/605.1.15 (KHTML, like Gecko) Version/26.2 Mobile/15E148 Safari/604.1','YTo1OntzOjY6Il90b2tlbiI7czo0MDoiQVlIYVR0blVSOTZLU2lVbUoxTE5BclpCVFpNSTRNS1E2TzN5ZjJQSCI7czo1MDoibG9naW5fd2ViXzU5YmEzNmFkZGMyYjJmOTQwMTU4MGYwMTRjN2Y1OGVhNGUzMDk4OWQiO2k6MTtzOjk6Il9wcmV2aW91cyI7YToyOntzOjM6InVybCI7czo3ODoiaHR0cHM6Ly9iaGFyYXRzdG9ja21hcmtldHJlc2VhcmNoLmNvbS9hcGkvYW5nZWwvcXVvdGU/ZXhjaGFuZ2U9TlNFJnN5bWJvbD00NzQ5IjtzOjU6InJvdXRlIjtOO31zOjY6Il9mbGFzaCI7YToyOntzOjM6Im9sZCI7YTowOnt9czozOiJuZXciO2E6MDp7fX1zOjE3OiJwYXNzd29yZF9oYXNoX3dlYiI7czo2MDoiJDJ5JDEyJGd6MndlQ2JiVFJYdkhFNXQ0SmJScS44UmVwSzNseWhrWkpHWGZZV3FnQ2RkZE90WDh6RFRxIjt9',1769769150),('Fp2efEoAehsZVPlixAyCOctpBG4PaA4cZVw2Nx1H',NULL,'92.222.104.213','Mozilla/5.0 (compatible; AhrefsBot/7.0; +http://ahrefs.com/robot/)','YTozOntzOjY6Il90b2tlbiI7czo0MDoiUGRFdWc1dWZLajNZNE5JSk93cFR0QzlEb0hXNzE4RDROSElRdnhZWSI7czo5OiJfcHJldmlvdXMiO2E6Mjp7czozOiJ1cmwiO3M6NDU6Imh0dHBzOi8vYmhhcmF0c3RvY2ttYXJrZXRyZXNlYXJjaC5jb20vY29udGFjdCI7czo1OiJyb3V0ZSI7czo3OiJjb250YWN0Ijt9czo2OiJfZmxhc2giO2E6Mjp7czozOiJvbGQiO2E6MDp7fXM6MzoibmV3IjthOjA6e319fQ==',1769765076),('H957hlzXqsqCdjwTnOIPrhhqu6e2kTtEy8lqTwjv',1,'171.79.43.34','Mozilla/5.0 (Windows NT 10.0; Win64; x64) AppleWebKit/537.36 (KHTML, like Gecko) Chrome/144.0.0.0 Safari/537.36','YTo1OntzOjY6Il90b2tlbiI7czo0MDoiTk9nMGxtUlhod2RrVzhEaEthQTA0a1plRmZ4cU5sRDJZdE80MWVyaiI7czo5OiJfcHJldmlvdXMiO2E6Mjp7czozOiJ1cmwiO3M6NTc6Imh0dHBzOi8vYmhhcmF0c3RvY2ttYXJrZXRyZXNlYXJjaC5jb20vbm90aWZpY2F0aW9ucy9mZXRjaCI7czo1OiJyb3V0ZSI7czoxOToibm90aWZpY2F0aW9ucy5mZXRjaCI7fXM6NjoiX2ZsYXNoIjthOjI6e3M6Mzoib2xkIjthOjA6e31zOjM6Im5ldyI7YTowOnt9fXM6NTA6ImxvZ2luX3dlYl81OWJhMzZhZGRjMmIyZjk0MDE1ODBmMDE0YzdmNThlYTRlMzA5ODlkIjtpOjE7czoxNzoicGFzc3dvcmRfaGFzaF93ZWIiO3M6NjA6IiQyeSQxMiRnejJ3ZUNiYlRSWHZIRTV0NEpiUnEuOFJlcEszbHloa1pKR1hmWVdxZ0NkZGRPdFg4ekRUcSI7fQ==',1769769892),('JnaAyIfKZnNI9m1NpilIotQQfa202SbLmc1cagaY',NULL,'162.216.150.4','Hello from Palo Alto Networks, find out more about our scans in https://docs-cortex.paloaltonetworks.com/r/1/Cortex-Xpanse/Scanning-activity','YTozOntzOjY6Il90b2tlbiI7czo0MDoiNURGUnBVTXpSWndmMmtmaURPMlZaVjA5bU1SSUl4cGRXM1lYYmxsYSI7czo5OiJfcHJldmlvdXMiO2E6Mjp7czozOiJ1cmwiO3M6MjE6Imh0dHBzOi8vNzIuNjIuMjQ0LjEwNiI7czo1OiJyb3V0ZSI7czo0OiJob21lIjt9czo2OiJfZmxhc2giO2E6Mjp7czozOiJvbGQiO2E6MDp7fXM6MzoibmV3IjthOjA6e319fQ==',1769768633),('ObOZ3hrCDSEfa6NIpM5Ewhk5lqVVMNxMV8UqVpjC',1,'152.59.48.55','Mozilla/5.0 (Windows NT 10.0; Win64; x64) AppleWebKit/537.36 (KHTML, like Gecko) Chrome/144.0.0.0 Safari/537.36','YTo2OntzOjY6Il90b2tlbiI7czo0MDoiVGVnTGtIQmVQb2lYaGNEWW9BdHlYMHJTaWVVU0daWk14cUdySG5ncSI7czo5OiJfcHJldmlvdXMiO2E6Mjp7czozOiJ1cmwiO3M6Nzk6Imh0dHBzOi8vYmhhcmF0c3RvY2ttYXJrZXRyZXNlYXJjaC5jb20vYXBpL2FuZ2VsL3F1b3RlP2V4Y2hhbmdlPU5TRSZzeW1ib2w9NDk3ODUiO3M6NToicm91dGUiO047fXM6NjoiX2ZsYXNoIjthOjI6e3M6Mzoib2xkIjthOjA6e31zOjM6Im5ldyI7YTowOnt9fXM6MzoidXJsIjthOjA6e31zOjUwOiJsb2dpbl93ZWJfNTliYTM2YWRkYzJiMmY5NDAxNTgwZjAxNGM3ZjU4ZWE0ZTMwOTg5ZCI7aToxO3M6MTc6InBhc3N3b3JkX2hhc2hfd2ViIjtzOjYwOiIkMnkkMTIkZ3oyd2VDYmJUUlh2SEU1dDRKYlJxLjhSZXBLM2x5aGtaSkdYZllXcWdDZGRkT3RYOHpEVHEiO30=',1769766839),('odWORzp14QupLMe3pIA7sOnh9oU7rCbl2xpuCnaJ',NULL,'104.236.115.66','Mozilla/4.0 (compatible; MSIE 9.0; Windows NT 10.0; .NET4.0C; .NET4.0E; .NET CLR 2.0.50727; .NET CLR 3.0.30729; .NET CLR 3.5.30729)','YTozOntzOjY6Il90b2tlbiI7czo0MDoiRWZ0eHFYSXhteXIxYVJlY0t1eHRHYzVkQVBub0NINGdGU3poNWR6NiI7czo5OiJfcHJldmlvdXMiO2E6Mjp7czozOiJ1cmwiO3M6MjE6Imh0dHBzOi8vNzIuNjIuMjQ0LjEwNiI7czo1OiJyb3V0ZSI7czo0OiJob21lIjt9czo2OiJfZmxhc2giO2E6Mjp7czozOiJvbGQiO2E6MDp7fXM6MzoibmV3IjthOjA6e319fQ==',1769769437),('p2IiQKzMq1U8VNtDh7F8Mkh5A3x2SVE3cnRKCaDr',NULL,'104.236.115.66','Mozilla/5.0 (Windows NT 10.0; Win64; x64) AppleWebKit/537.36 (KHTML, like Gecko) Chrome/108.0.0.0 Safari/537.36','YTozOntzOjY6Il90b2tlbiI7czo0MDoiUFc2dm5WSDlZN3JqcjlFUWhQWjJFU2V5S3FRTTlJbHhsbXFsTHdFNiI7czo5OiJfcHJldmlvdXMiO2E6Mjp7czozOiJ1cmwiO3M6MjE6Imh0dHBzOi8vNzIuNjIuMjQ0LjEwNiI7czo1OiJyb3V0ZSI7czo0OiJob21lIjt9czo2OiJfZmxhc2giO2E6Mjp7czozOiJvbGQiO2E6MDp7fXM6MzoibmV3IjthOjA6e319fQ==',1769769435),('tOmT8K7jmPoIRVdjZqlaP4Ke282KWUKlRVUSyvSc',1,'49.43.161.76','Mozilla/5.0 (Windows NT 10.0; Win64; x64) AppleWebKit/537.36 (KHTML, like Gecko) Chrome/145.0.0.0 Safari/537.36','YTo1OntzOjY6Il90b2tlbiI7czo0MDoiYjNOWUF6NU9wNDZtSkhFcEQ3ZnJnVWZ2N0JCM285N05RenpYeXluWiI7czo5OiJfcHJldmlvdXMiO2E6Mjp7czozOiJ1cmwiO3M6Nzk6Imh0dHBzOi8vYmhhcmF0c3RvY2ttYXJrZXRyZXNlYXJjaC5jb20vYXBpL2FuZ2VsL3F1b3RlP2V4Y2hhbmdlPU5TRSZzeW1ib2w9NDk4NzUiO3M6NToicm91dGUiO047fXM6NjoiX2ZsYXNoIjthOjI6e3M6Mzoib2xkIjthOjA6e31zOjM6Im5ldyI7YTowOnt9fXM6NTA6ImxvZ2luX3dlYl81OWJhMzZhZGRjMmIyZjk0MDE1ODBmMDE0YzdmNThlYTRlMzA5ODlkIjtpOjE7czoxNzoicGFzc3dvcmRfaGFzaF93ZWIiO3M6NjA6IiQyeSQxMiRnejJ3ZUNiYlRSWHZIRTV0NEpiUnEuOFJlcEszbHloa1pKR1hmWVdxZ0NkZGRPdFg4ekRUcSI7fQ==',1769770176);
/*!40000 ALTER TABLE `sessions` ENABLE KEYS */;
UNLOCK TABLES;

--
-- Table structure for table `tip_categories`
--

DROP TABLE IF EXISTS `tip_categories`;
/*!40101 SET @saved_cs_client     = @@character_set_client */;
/*!50503 SET character_set_client = utf8mb4 */;
CREATE TABLE `tip_categories` (
  `id` bigint unsigned NOT NULL AUTO_INCREMENT,
  `name` varchar(255) COLLATE utf8mb4_unicode_ci NOT NULL,
  `status` tinyint(1) NOT NULL DEFAULT '1',
  `created_at` timestamp NULL DEFAULT NULL,
  `updated_at` timestamp NULL DEFAULT NULL,
  PRIMARY KEY (`id`)
) ENGINE=InnoDB AUTO_INCREMENT=13 DEFAULT CHARSET=utf8mb4 COLLATE=utf8mb4_unicode_ci;
/*!40101 SET character_set_client = @saved_cs_client */;

--
-- Dumping data for table `tip_categories`
--

LOCK TABLES `tip_categories` WRITE;
/*!40000 ALTER TABLE `tip_categories` DISABLE KEYS */;
INSERT INTO `tip_categories` VALUES (1,'Swing',1,'2026-01-06 08:04:38','2026-01-06 08:04:38'),(3,'Crude Oil',1,'2026-01-06 17:14:24','2026-01-06 17:14:24'),(5,'Intraday',1,'2026-01-11 11:38:05','2026-01-11 11:38:05'),(7,'Long Term',1,'2026-01-11 11:38:34','2026-01-11 11:38:34'),(8,'Nifty',1,'2026-01-11 11:38:55','2026-01-11 11:38:55'),(9,'Banknifty',1,'2026-01-11 11:39:03','2026-01-11 11:39:03'),(12,'Short Term',1,'2026-01-28 12:35:03','2026-01-28 12:35:03');
/*!40000 ALTER TABLE `tip_categories` ENABLE KEYS */;
UNLOCK TABLES;

--
-- Table structure for table `tip_plan_access`
--

DROP TABLE IF EXISTS `tip_plan_access`;
/*!40101 SET @saved_cs_client     = @@character_set_client */;
/*!50503 SET character_set_client = utf8mb4 */;
CREATE TABLE `tip_plan_access` (
  `id` bigint unsigned NOT NULL AUTO_INCREMENT,
  `tip_id` bigint unsigned NOT NULL,
  `service_plan_id` bigint unsigned NOT NULL,
  `created_at` timestamp NULL DEFAULT NULL,
  `updated_at` timestamp NULL DEFAULT NULL,
  PRIMARY KEY (`id`),
  UNIQUE KEY `tip_plan_unique` (`tip_id`,`service_plan_id`),
  KEY `tip_plan_access_service_plan_id_foreign` (`service_plan_id`),
  CONSTRAINT `tip_plan_access_service_plan_id_foreign` FOREIGN KEY (`service_plan_id`) REFERENCES `service_plans` (`id`) ON DELETE CASCADE,
  CONSTRAINT `tip_plan_access_tip_id_foreign` FOREIGN KEY (`tip_id`) REFERENCES `tips` (`id`) ON DELETE CASCADE
) ENGINE=InnoDB AUTO_INCREMENT=163 DEFAULT CHARSET=utf8mb4 COLLATE=utf8mb4_unicode_ci;
/*!40101 SET character_set_client = @saved_cs_client */;

--
-- Dumping data for table `tip_plan_access`
--

LOCK TABLES `tip_plan_access` WRITE;
/*!40000 ALTER TABLE `tip_plan_access` DISABLE KEYS */;
INSERT INTO `tip_plan_access` VALUES (21,13,7,'2026-01-14 06:11:13','2026-01-14 06:11:13'),(22,13,10,'2026-01-14 06:11:13','2026-01-14 06:11:13'),(24,14,7,'2026-01-14 06:21:03','2026-01-14 06:21:03'),(25,14,10,'2026-01-14 06:21:03','2026-01-14 06:21:03'),(27,15,7,'2026-01-14 06:41:14','2026-01-14 06:41:14'),(28,15,10,'2026-01-14 06:41:14','2026-01-14 06:41:14'),(33,17,7,'2026-01-14 06:49:06','2026-01-14 06:49:06'),(34,17,10,'2026-01-14 06:49:06','2026-01-14 06:49:06'),(36,18,7,'2026-01-14 06:52:55','2026-01-14 06:52:55'),(37,18,10,'2026-01-14 06:52:55','2026-01-14 06:52:55'),(50,23,10,'2026-01-14 11:17:48','2026-01-14 11:17:48'),(54,25,7,'2026-01-15 07:51:31','2026-01-15 07:51:31'),(55,25,10,'2026-01-15 07:51:31','2026-01-15 07:51:31'),(57,26,7,'2026-01-15 07:51:56','2026-01-15 07:51:56'),(58,26,10,'2026-01-15 07:51:56','2026-01-15 07:51:56'),(60,27,7,'2026-01-15 07:53:05','2026-01-15 07:53:05'),(61,27,10,'2026-01-15 07:53:05','2026-01-15 07:53:05'),(73,32,7,'2026-01-16 09:48:54','2026-01-16 09:48:54'),(74,32,10,'2026-01-16 09:48:54','2026-01-16 09:48:54'),(78,35,7,'2026-01-21 11:03:11','2026-01-21 11:03:11'),(79,36,7,'2026-01-21 13:53:15','2026-01-21 13:53:15'),(80,37,7,'2026-01-21 13:53:32','2026-01-21 13:53:32'),(81,38,10,'2026-01-21 14:03:15','2026-01-21 14:03:15'),(82,39,7,'2026-01-22 17:46:13','2026-01-22 17:46:13'),(83,39,10,'2026-01-22 17:46:13','2026-01-22 17:46:13'),(85,40,7,'2026-01-23 12:52:01','2026-01-23 12:52:01'),(87,42,7,'2026-01-25 14:17:58','2026-01-25 14:17:58'),(88,42,10,'2026-01-25 14:17:58','2026-01-25 14:17:58'),(90,43,7,'2026-01-25 14:18:20','2026-01-25 14:18:20'),(91,44,7,'2026-01-25 16:57:46','2026-01-25 16:57:46'),(92,45,7,'2026-01-25 16:58:27','2026-01-25 16:58:27'),(93,46,7,'2026-01-25 16:59:17','2026-01-25 16:59:17'),(94,47,7,'2026-01-26 13:56:43','2026-01-26 13:56:43'),(95,47,10,'2026-01-26 13:56:43','2026-01-26 13:56:43'),(97,48,7,'2026-01-27 11:34:23','2026-01-27 11:34:23'),(98,48,10,'2026-01-27 11:34:23','2026-01-27 11:34:23'),(100,49,7,'2026-01-27 11:36:07','2026-01-27 11:36:07'),(101,49,10,'2026-01-27 11:36:07','2026-01-27 11:36:07'),(103,50,7,'2026-01-27 16:15:00','2026-01-27 16:15:00'),(104,50,10,'2026-01-27 16:15:00','2026-01-27 16:15:00'),(106,51,7,'2026-01-28 07:03:22','2026-01-28 07:03:22'),(107,52,7,'2026-01-28 12:36:08','2026-01-28 12:36:08'),(108,52,10,'2026-01-28 12:36:08','2026-01-28 12:36:08'),(109,52,14,'2026-01-28 12:36:08','2026-01-28 12:36:08'),(110,53,7,'2026-01-29 04:06:01','2026-01-29 04:06:01'),(111,53,10,'2026-01-29 04:06:01','2026-01-29 04:06:01'),(112,53,14,'2026-01-29 04:06:01','2026-01-29 04:06:01'),(113,54,7,'2026-01-29 04:14:05','2026-01-29 04:14:05'),(114,54,10,'2026-01-29 04:14:05','2026-01-29 04:14:05'),(115,54,14,'2026-01-29 04:14:05','2026-01-29 04:14:05'),(116,55,7,'2026-01-29 04:18:26','2026-01-29 04:18:26'),(117,55,10,'2026-01-29 04:18:26','2026-01-29 04:18:26'),(118,55,14,'2026-01-29 04:18:26','2026-01-29 04:18:26'),(119,56,7,'2026-01-29 04:58:26','2026-01-29 04:58:26'),(120,56,10,'2026-01-29 04:58:26','2026-01-29 04:58:26'),(121,56,14,'2026-01-29 04:58:26','2026-01-29 04:58:26'),(122,57,7,'2026-01-29 05:44:18','2026-01-29 05:44:18'),(123,57,10,'2026-01-29 05:44:18','2026-01-29 05:44:18'),(124,57,14,'2026-01-29 05:44:18','2026-01-29 05:44:18'),(125,58,7,'2026-01-29 06:58:50','2026-01-29 06:58:50'),(126,58,10,'2026-01-29 06:58:50','2026-01-29 06:58:50'),(127,58,14,'2026-01-29 06:58:50','2026-01-29 06:58:50'),(128,59,7,'2026-01-29 07:18:15','2026-01-29 07:18:15'),(129,59,10,'2026-01-29 07:18:15','2026-01-29 07:18:15'),(130,59,14,'2026-01-29 07:18:15','2026-01-29 07:18:15'),(131,60,7,'2026-01-29 07:39:02','2026-01-29 07:39:02'),(132,60,10,'2026-01-29 07:39:02','2026-01-29 07:39:02'),(133,60,14,'2026-01-29 07:39:02','2026-01-29 07:39:02'),(134,61,7,'2026-01-29 07:39:16','2026-01-29 07:39:16'),(135,61,10,'2026-01-29 07:39:16','2026-01-29 07:39:16'),(136,61,14,'2026-01-29 07:39:16','2026-01-29 07:39:16'),(137,62,7,'2026-01-29 09:15:49','2026-01-29 09:15:49'),(138,62,10,'2026-01-29 09:15:49','2026-01-29 09:15:49'),(139,62,14,'2026-01-29 09:15:49','2026-01-29 09:15:49'),(140,63,7,'2026-01-30 05:03:50','2026-01-30 05:03:50'),(141,63,10,'2026-01-30 05:03:50','2026-01-30 05:03:50'),(142,64,7,'2026-01-30 05:27:30','2026-01-30 05:27:30'),(143,64,10,'2026-01-30 05:27:30','2026-01-30 05:27:30'),(144,64,14,'2026-01-30 05:27:30','2026-01-30 05:27:30'),(145,65,7,'2026-01-30 05:36:33','2026-01-30 05:36:33'),(146,65,10,'2026-01-30 05:36:33','2026-01-30 05:36:33'),(147,65,14,'2026-01-30 05:36:33','2026-01-30 05:36:33'),(148,66,7,'2026-01-30 05:40:17','2026-01-30 05:40:17'),(149,66,10,'2026-01-30 05:40:17','2026-01-30 05:40:17'),(150,66,14,'2026-01-30 05:40:17','2026-01-30 05:40:17'),(151,67,7,'2026-01-30 06:38:47','2026-01-30 06:38:47'),(152,67,10,'2026-01-30 06:38:47','2026-01-30 06:38:47'),(153,67,14,'2026-01-30 06:38:47','2026-01-30 06:38:47'),(154,68,7,'2026-01-30 07:22:56','2026-01-30 07:22:56'),(155,68,10,'2026-01-30 07:22:56','2026-01-30 07:22:56'),(156,68,14,'2026-01-30 07:22:56','2026-01-30 07:22:56'),(157,69,7,'2026-01-30 07:27:47','2026-01-30 07:27:47'),(158,69,10,'2026-01-30 07:27:47','2026-01-30 07:27:47'),(159,69,14,'2026-01-30 07:27:47','2026-01-30 07:27:47'),(160,70,7,'2026-01-30 08:16:39','2026-01-30 08:16:39'),(161,70,10,'2026-01-30 08:16:39','2026-01-30 08:16:39'),(162,70,14,'2026-01-30 08:16:39','2026-01-30 08:16:39');
/*!40000 ALTER TABLE `tip_plan_access` ENABLE KEYS */;
UNLOCK TABLES;

--
-- Table structure for table `tip_updates`
--

DROP TABLE IF EXISTS `tip_updates`;
/*!40101 SET @saved_cs_client     = @@character_set_client */;
/*!50503 SET character_set_client = utf8mb4 */;
CREATE TABLE `tip_updates` (
  `id` bigint unsigned NOT NULL AUTO_INCREMENT,
  `tip_id` bigint unsigned NOT NULL,
  `message` text COLLATE utf8mb4_unicode_ci NOT NULL,
  `price` decimal(10,2) DEFAULT NULL,
  `status_snapshot` varchar(255) COLLATE utf8mb4_unicode_ci DEFAULT NULL,
  `created_at` timestamp NULL DEFAULT NULL,
  `updated_at` timestamp NULL DEFAULT NULL,
  PRIMARY KEY (`id`),
  KEY `tip_updates_tip_id_foreign` (`tip_id`),
  CONSTRAINT `tip_updates_tip_id_foreign` FOREIGN KEY (`tip_id`) REFERENCES `tips` (`id`) ON DELETE CASCADE
) ENGINE=InnoDB DEFAULT CHARSET=utf8mb4 COLLATE=utf8mb4_unicode_ci;
/*!40101 SET character_set_client = @saved_cs_client */;

--
-- Dumping data for table `tip_updates`
--

LOCK TABLES `tip_updates` WRITE;
/*!40000 ALTER TABLE `tip_updates` DISABLE KEYS */;
/*!40000 ALTER TABLE `tip_updates` ENABLE KEYS */;
UNLOCK TABLES;

--
-- Table structure for table `tips`
--

DROP TABLE IF EXISTS `tips`;
/*!40101 SET @saved_cs_client     = @@character_set_client */;
/*!50503 SET character_set_client = utf8mb4 */;
CREATE TABLE `tips` (
  `id` bigint unsigned NOT NULL AUTO_INCREMENT,
  `parent_id` int DEFAULT NULL,
  `tip_type` enum('equity','future','option') COLLATE utf8mb4_unicode_ci NOT NULL DEFAULT 'equity',
  `stock_name` varchar(255) COLLATE utf8mb4_unicode_ci NOT NULL,
  `symbol_token` varchar(255) COLLATE utf8mb4_unicode_ci DEFAULT NULL,
  `exchange` varchar(10) COLLATE utf8mb4_unicode_ci NOT NULL,
  `call_type` varchar(10) COLLATE utf8mb4_unicode_ci NOT NULL,
  `category_id` bigint unsigned NOT NULL,
  `entry_price` decimal(10,2) NOT NULL,
  `target_price` decimal(10,2) NOT NULL,
  `target_price_2` decimal(15,2) DEFAULT NULL,
  `stop_loss` decimal(10,2) NOT NULL,
  `cmp_price` decimal(10,2) DEFAULT NULL,
  `expiry_date` date DEFAULT NULL,
  `strike_price` varchar(255) COLLATE utf8mb4_unicode_ci DEFAULT NULL,
  `option_type` enum('CE','PE') COLLATE utf8mb4_unicode_ci DEFAULT NULL,
  `status` enum('active','archived','cancel','T1-Achieved','T2-Achieved','SL-Hit','Closed') COLLATE utf8mb4_unicode_ci DEFAULT 'active',
  `trade_status` enum('Open','Closed') COLLATE utf8mb4_unicode_ci NOT NULL DEFAULT 'Open',
  `version` int NOT NULL DEFAULT '1',
  `admin_note` text COLLATE utf8mb4_unicode_ci,
  `created_by` bigint unsigned NOT NULL,
  `created_at` timestamp NULL DEFAULT NULL,
  `updated_at` timestamp NULL DEFAULT NULL,
  PRIMARY KEY (`id`),
  KEY `tips_category_id_foreign` (`category_id`),
  KEY `tips_created_by_foreign` (`created_by`),
  KEY `tips_parent_id_status_version_stock_name_index` (`parent_id`,`status`,`version`,`stock_name`),
  CONSTRAINT `tips_category_id_foreign` FOREIGN KEY (`category_id`) REFERENCES `tip_categories` (`id`) ON DELETE CASCADE,
  CONSTRAINT `tips_created_by_foreign` FOREIGN KEY (`created_by`) REFERENCES `users` (`id`) ON DELETE CASCADE
) ENGINE=InnoDB AUTO_INCREMENT=71 DEFAULT CHARSET=utf8mb4 COLLATE=utf8mb4_unicode_ci;
/*!40101 SET character_set_client = @saved_cs_client */;

--
-- Dumping data for table `tips`
--

LOCK TABLES `tips` WRITE;
/*!40000 ALTER TABLE `tips` DISABLE KEYS */;
INSERT INTO `tips` VALUES (13,NULL,'equity','VEDL-EQ','3063','NSE','Buy',1,672.50,685.95,699.40,662.41,734.40,NULL,NULL,NULL,'T2-Achieved','Closed',1,'New Equity Tip Generated\n[System]: Status changed to T2-Achieved at price 734.4',1,'2026-01-14 06:11:13','2026-01-28 08:11:31'),(14,NULL,'equity','TATAINVEST-EQ','1621','NSE','Buy',1,668.10,681.46,694.82,658.08,617.00,NULL,NULL,NULL,'SL-Hit','Closed',1,'New Equity Tip Generated\n[System]: Status changed to SL-Hit at price 617',1,'2026-01-14 06:21:03','2026-01-28 08:11:31'),(15,NULL,'option','ITC-EQ','1660','NSE','Buy',5,335.80,344.19,352.59,329.08,319.95,'2026-01-30','340','CE','SL-Hit','Closed',1,'New Option Tip Generated\n[System]: Status changed to SL-Hit at price 319.95',1,'2026-01-14 06:41:14','2026-01-28 08:11:31'),(17,NULL,'option','NIFTY 50','99926000','NSE','Buy',5,25761.75,26405.79,27049.84,25246.51,25235.95,'2026-01-20','25750','CE','SL-Hit','Closed',1,'New Option Tip Generated\n[System]: Status changed to SL-Hit at price 25235.95',1,'2026-01-14 06:49:06','2026-01-28 08:11:30'),(18,NULL,'equity','RELIANCE-EQ','2885','NSE','Buy',1,1462.80,1492.06,1521.31,1440.86,1392.00,NULL,NULL,NULL,'SL-Hit','Closed',1,'New Equity Tip Generated\n[System]: Status changed to SL-Hit at price 1392',1,'2026-01-14 06:52:55','2026-01-28 08:11:30'),(23,NULL,'equity','TCS-EQ','11536','NSE','Buy',1,3192.50,3256.35,3320.20,3144.61,3144.40,NULL,NULL,NULL,'SL-Hit','Closed',1,'New Equity Tip Generated\n[System]: Status changed to SL-Hit at price 3144.4',1,'2026-01-14 11:17:48','2026-01-29 13:34:23'),(25,NULL,'equity','CDSL-EQ','21174','NSE','Buy',7,1415.60,1443.91,1472.22,1394.37,1415.60,NULL,NULL,NULL,'archived','Open',1,'New Equity Tip Generated',1,'2026-01-15 07:51:31','2026-01-15 07:51:56'),(26,25,'equity','CDSL-EQ',NULL,'NSE','Buy',7,1415.60,1443.00,1472.22,1394.37,1415.60,NULL,NULL,NULL,'archived','Open',2,'New Equity Tip Generated',1,'2026-01-15 07:51:56','2026-01-15 07:53:05'),(27,25,'equity','CDSL-EQ',NULL,'NSE','Buy',7,1415.60,1443.00,1472.00,1394.37,1415.60,NULL,NULL,NULL,'active','Open',3,'New Equity Tip Generated',1,'2026-01-15 07:53:05','2026-01-15 07:53:05'),(32,NULL,'equity','NIFTY 50','99926000','NSE','Buy',1,25692.90,26206.76,26720.62,25307.51,25239.60,NULL,NULL,NULL,'SL-Hit','Closed',1,'New Equity Tip Generated\n[System]: Status changed to SL-Hit at price 25239.6',1,'2026-01-16 09:48:54','2026-01-28 08:10:47'),(35,NULL,'equity','SBIN-EQ','3045','NSE','Buy',5,1028.65,1049.22,1069.80,1013.22,1028.65,NULL,NULL,NULL,'archived','Open',1,'New Equity Tip Generated',1,'2026-01-21 11:03:11','2026-01-21 13:53:15'),(36,35,'equity','SBIN-EQ',NULL,'NSE','Sell',5,1028.65,1049.22,1069.80,1013.22,1028.65,NULL,NULL,NULL,'archived','Open',2,'New Equity Tip Generated',1,'2026-01-21 13:53:15','2026-01-21 13:53:32'),(37,35,'equity','SBIN-EQ',NULL,'NSE','Buy',5,1028.65,1049.22,1069.80,1013.22,1028.65,NULL,NULL,NULL,'active','Open',3,'New Equity Tip Generated',1,'2026-01-21 13:53:32','2026-01-21 13:53:32'),(38,NULL,'future','CRUDEOILM19FEB26FUT','467014','MCX','Buy',3,5565.00,6087.00,11087.00,5543.00,5565.00,'2026-02-19',NULL,NULL,'active','Open',1,'New Future Tip Generated',1,'2026-01-21 14:03:15','2026-01-21 14:03:15'),(39,NULL,'equity','STAR-EQ','7374','NSE','Buy',7,864.60,874.60,884.60,854.60,797.75,NULL,NULL,NULL,'SL-Hit','Closed',1,'New Equity Tip Generated\n[System]: Status changed to SL-Hit at price 797.75',1,'2026-01-22 17:46:13','2026-01-28 08:05:32'),(40,NULL,'equity','SBIN-EQ','3045','NSE','Buy',1,1029.50,1551.50,6551.50,1007.50,1029.50,NULL,NULL,NULL,'archived','Open',1,'New Equity Tip Generated',1,'2026-01-23 12:52:01','2026-01-25 14:18:20'),(41,NULL,'future','FINNIFTY30MAR26FUT','51712','NSE','Buy',8,27794.50,30573.95,33353.40,26404.75,27794.50,'2026-03-30',NULL,NULL,'active','Open',1,'New Future Tip Generated',1,'2026-01-24 12:26:52','2026-01-24 12:26:52'),(42,NULL,'equity','ICICIBANK','532174','BSE','Buy',7,1343.35,1353.35,1363.35,1333.35,1366.00,NULL,NULL,NULL,'T2-Achieved','Closed',1,'New Equity Tip Generated\n[System]: Status changed to T2-Achieved at price 1366',1,'2026-01-25 14:17:58','2026-01-28 08:05:31'),(43,40,'equity','SBIN-EQ',NULL,'NSE','Buy',1,1029.50,1551.50,6551.50,1007.50,1029.50,NULL,NULL,NULL,'active','Open',2,'New Equity Tip Generated',1,'2026-01-25 14:18:20','2026-01-25 14:18:20'),(44,NULL,'equity','JSWSTEEL-EQ','11723','NSE','Buy',5,1170.00,1205.10,1240.20,1134.90,1240.90,NULL,NULL,NULL,'T2-Achieved','Closed',1,'New Equity Tip Generated\n[System]: Status changed to T1-Achieved at price 1221.7\n[System]: Status changed to T2-Achieved at price 1240.9',1,'2026-01-25 16:57:46','2026-01-29 08:23:55'),(45,NULL,'equity','PNB-EQ','10666','NSE','Buy',5,120.15,642.15,5642.15,98.15,120.15,NULL,NULL,NULL,'active','Open',1,'New Equity Tip Generated',1,'2026-01-25 16:58:27','2026-01-25 16:58:27'),(46,NULL,'equity','BPCL-EQ','526','NSE','Sell',5,349.15,331.69,321.22,356.13,349.15,NULL,NULL,NULL,'archived','Open',1,'New Equity Tip Generated',1,'2026-01-25 16:59:17','2026-01-28 07:03:22'),(47,NULL,'equity','ICICIBANK-EQ','4963','NSE','Buy',5,1343.40,1353.40,1363.40,1333.40,1366.30,NULL,NULL,NULL,'T2-Achieved','Closed',1,'New Equity Tip Generated\n[System]: Status changed to T2-Achieved at price 1366.3',1,'2026-01-26 13:56:43','2026-01-28 08:05:30'),(48,NULL,'option','NIFTY28DEC2733000CE','47194','NSE','Buy',1,1554.15,2076.15,7076.15,1532.15,1554.15,'2027-12-28','33000','CE','archived','Open',1,'New Option Tip Generated',1,'2026-01-27 11:34:23','2026-01-27 16:15:00'),(49,NULL,'future','TATASTEEL24FEB26FUT','59484','NSE','Buy',1,193.85,715.85,5715.85,171.85,193.85,'2026-02-24',NULL,NULL,'active','Open',1,'New Future Tip Generated',1,'2026-01-27 11:36:07','2026-01-27 11:36:07'),(50,48,'option','NIFTY28DEC2733000CE',NULL,'NSE','Buy',1,1554.15,2076.15,7076.15,1532.15,1554.15,'2027-12-28','33000','PE','active','Open',2,'New Option Tip Generated',1,'2026-01-27 16:15:00','2026-01-27 16:15:00'),(51,46,'equity','BPCL-EQ',NULL,'NSE','Sell',5,349.15,331.69,321.22,366.13,349.15,NULL,NULL,NULL,'active','Open',2,'New Equity Tip Generated',1,'2026-01-28 07:03:22','2026-01-28 07:03:22'),(52,NULL,'equity','VEDL-EQ','3063','NSE','Buy',12,737.10,747.10,747.10,727.10,747.35,NULL,NULL,NULL,'T2-Achieved','Closed',1,'New equity Tip Generated\n[System]: Status changed to T2-Achieved at price 747.35',1,'2026-01-28 12:36:08','2026-01-29 03:47:53'),(53,NULL,'equity','BAJFINANCE-EQ','317','NSE','Buy',5,934.90,944.90,954.90,924.90,924.90,NULL,NULL,NULL,'SL-Hit','Closed',1,'New equity Tip Generated\n[System]: Status changed to SL-Hit at price 924.9',1,'2026-01-29 04:06:01','2026-01-29 05:10:54'),(54,NULL,'equity','WIPRO-EQ','3787','NSE','Buy',5,237.10,247.10,257.10,227.10,237.10,NULL,NULL,NULL,'active','Open',1,'New equity Tip Generated',1,'2026-01-29 04:14:05','2026-01-29 04:14:05'),(55,NULL,'option','NIFTY03FEB2626300CE','49875','NSE','Buy',8,9.60,10.00,10.00,9.00,9.00,'2026-02-03','26300','CE','active','Open',1,'New option Tip Generated',1,'2026-01-29 04:18:26','2026-01-29 04:18:26'),(56,NULL,'option','NIFTY03FEB2625300CE','49795','NSE','Buy',5,230.00,300.00,380.00,170.00,230.00,'2026-02-03','25300','PE','active','Open',1,'New option Tip Generated',1,'2026-01-29 04:58:26','2026-01-29 04:58:26'),(57,NULL,'option','NIFTY03FEB2625100CE','49787','NSE','Buy',8,280.00,320.00,400.00,200.00,299.60,'2026-02-03','25100','CE','active','Open',1,'New option Tip Generated',1,'2026-01-29 05:44:18','2026-01-29 05:44:18'),(58,NULL,'option','NIFTY03FEB2625050PE','49786','NSE','Buy',1,320.00,420.00,500.00,240.00,94.50,'2026-02-03','25050','CE','archived','Open',1,'New option Tip Generated',1,'2026-01-29 06:58:50','2026-01-29 07:39:02'),(59,NULL,'equity','RAMCOSYS-EQ','7851','NSE','Buy',5,471.35,481.35,491.35,461.35,460.35,NULL,NULL,NULL,'SL-Hit','Closed',1,'New equity Tip Generated\n[System]: Status changed to SL-Hit at price 460.35',1,'2026-01-29 07:18:15','2026-01-29 07:26:33'),(60,58,'option','NIFTY03FEB2625050cE','49786','NSE','Buy',1,320.00,420.00,500.00,240.00,94.50,'2026-02-03','25050','CE','archived','Open',2,'New option Tip Generated',1,'2026-01-29 07:39:02','2026-01-29 07:39:16'),(61,58,'option','NIFTY03FEB2625050cE','49786','NSE','Buy',1,320.00,420.00,500.00,240.00,94.50,'2026-02-03','25050','CE','active','Open',3,'New option Tip Generated',1,'2026-01-29 07:39:16','2026-01-29 07:39:16'),(62,NULL,'option','NIFTY03FEB2625050CE','49785','NSE','Buy',1,478.10,1000.10,6000.10,456.10,478.10,'2026-02-03','2625050','CE','active','Open',1,'New option Tip Generated',1,'2026-01-29 09:15:49','2026-01-29 09:15:49'),(63,NULL,'equity','BHARATCOAL-EQ','760726','NSE','Buy',5,40.50,41.00,41.50,39.80,39.80,NULL,NULL,NULL,'SL-Hit','Closed',1,'New equity Tip Generated\n[System]: Status changed to T1-Achieved at price 41\n[System]: Status changed to SL-Hit at price 39.8',1,'2026-01-30 05:03:50','2026-01-30 06:34:55'),(64,NULL,'equity','CONCOR-EQ','4749','NSE','Buy',5,502.00,506.00,510.00,499.00,506.60,NULL,NULL,NULL,'T1-Achieved','Open',1,'New equity Tip Generated\n[System]: Status changed to T1-Achieved at price 506.6',1,'2026-01-30 05:27:30','2026-01-30 05:55:57'),(65,NULL,'equity','PGEL-EQ','25358','NSE','Buy',5,557.00,561.00,565.00,553.00,552.25,NULL,NULL,NULL,'SL-Hit','Closed',1,'New equity Tip Generated\n[System]: Status changed to SL-Hit at price 552.25',1,'2026-01-30 05:36:33','2026-01-30 06:37:04'),(66,NULL,'equity','DELHIVERY-EQ','9599','NSE','Buy',5,418.00,422.00,425.00,415.00,425.20,NULL,NULL,NULL,'T2-Achieved','Closed',1,'New equity Tip Generated\n[System]: Status changed to T1-Achieved at price 422.1\n[System]: Status changed to T2-Achieved at price 425.2',1,'2026-01-30 05:40:17','2026-01-30 09:09:07'),(67,NULL,'equity','VMART-EQ','29284','NSE','Buy',5,625.00,630.00,635.00,620.00,635.00,NULL,NULL,NULL,'T2-Achieved','Closed',1,'New equity Tip Generated\n[System]: Status changed to T1-Achieved at price 631.5\n[System]: Status changed to T1-Achieved at price 632.1\n[System]: Status changed to T2-Achieved at price 635',1,'2026-01-30 06:38:47','2026-01-30 07:00:33'),(68,NULL,'option','NIFTY03FEB2625200CE','49791','NSE','Buy',5,250.00,330.00,410.00,170.00,256.55,'2026-02-03','25200','CE','active','Open',1,'New option Tip Generated',1,'2026-01-30 07:22:56','2026-01-30 07:22:56'),(69,NULL,'equity','ARVIND-EQ','193','NSE','Buy',5,308.00,312.00,318.00,304.00,319.05,NULL,NULL,NULL,'T2-Achieved','Closed',1,'New equity Tip Generated\n[System]: Status changed to T1-Achieved at price 314.15\n[System]: Status changed to T2-Achieved at price 319.05',1,'2026-01-30 07:27:47','2026-01-30 08:16:49'),(70,NULL,'equity','STAR-EQ','7374','NSE','Buy',5,885.00,900.00,915.00,870.00,868.20,NULL,NULL,NULL,'SL-Hit','Closed',1,'New equity Tip Generated\n[System]: Status changed to SL-Hit at price 868.2',1,'2026-01-30 08:16:39','2026-01-30 08:27:48');
/*!40000 ALTER TABLE `tips` ENABLE KEYS */;
UNLOCK TABLES;

--
-- Table structure for table `user_subscriptions`
--

DROP TABLE IF EXISTS `user_subscriptions`;
/*!40101 SET @saved_cs_client     = @@character_set_client */;
/*!50503 SET character_set_client = utf8mb4 */;
CREATE TABLE `user_subscriptions` (
  `id` bigint unsigned NOT NULL AUTO_INCREMENT,
  `user_id` bigint unsigned NOT NULL,
  `service_plan_id` bigint unsigned NOT NULL,
  `service_plan_duration_id` bigint unsigned NOT NULL,
  `amount` decimal(10,2) DEFAULT NULL COMMENT 'Final amount paid',
  `currency` varchar(10) COLLATE utf8mb4_unicode_ci NOT NULL DEFAULT 'INR',
  `payment_gateway` varchar(30) COLLATE utf8mb4_unicode_ci NOT NULL DEFAULT 'razorpay',
  `start_date` date NOT NULL,
  `end_date` date NOT NULL,
  `status` enum('active','expired','cancelled') COLLATE utf8mb4_unicode_ci NOT NULL DEFAULT 'active',
  `is_auto_renew` tinyint(1) NOT NULL DEFAULT '0',
  `payment_reference` varchar(255) COLLATE utf8mb4_unicode_ci DEFAULT NULL,
  `razorpay_order_id` varchar(255) COLLATE utf8mb4_unicode_ci DEFAULT NULL,
  `razorpay_payment_id` varchar(255) COLLATE utf8mb4_unicode_ci DEFAULT NULL,
  `razorpay_signature` varchar(255) COLLATE utf8mb4_unicode_ci DEFAULT NULL,
  `payment_status` enum('created','paid','failed','refunded') COLLATE utf8mb4_unicode_ci NOT NULL DEFAULT 'created',
  `payment_payload` json DEFAULT NULL,
  `created_at` timestamp NULL DEFAULT NULL,
  `updated_at` timestamp NULL DEFAULT NULL,
  PRIMARY KEY (`id`),
  KEY `user_subscriptions_service_plan_id_foreign` (`service_plan_id`),
  KEY `user_subscriptions_service_plan_duration_id_foreign` (`service_plan_duration_id`),
  KEY `user_subscriptions_user_id_status_index` (`user_id`,`status`),
  KEY `user_subscriptions_razorpay_order_id_index` (`razorpay_order_id`),
  KEY `user_subscriptions_razorpay_payment_id_index` (`razorpay_payment_id`),
  KEY `user_subscriptions_user_id_payment_status_index` (`user_id`,`payment_status`),
  CONSTRAINT `user_subscriptions_service_plan_duration_id_foreign` FOREIGN KEY (`service_plan_duration_id`) REFERENCES `service_plan_durations` (`id`) ON DELETE CASCADE,
  CONSTRAINT `user_subscriptions_service_plan_id_foreign` FOREIGN KEY (`service_plan_id`) REFERENCES `service_plans` (`id`) ON DELETE CASCADE,
  CONSTRAINT `user_subscriptions_user_id_foreign` FOREIGN KEY (`user_id`) REFERENCES `users` (`id`) ON DELETE CASCADE
) ENGINE=InnoDB AUTO_INCREMENT=26 DEFAULT CHARSET=utf8mb4 COLLATE=utf8mb4_unicode_ci;
/*!40101 SET character_set_client = @saved_cs_client */;

--
-- Dumping data for table `user_subscriptions`
--

LOCK TABLES `user_subscriptions` WRITE;
/*!40000 ALTER TABLE `user_subscriptions` DISABLE KEYS */;
INSERT INTO `user_subscriptions` VALUES (17,1,7,18,99.00,'INR','razorpay','2026-01-27','2026-01-27','expired',0,'pay_S8nnHMy437Hzpb','order_S8nmLfo0eMNkRJ','pay_S8nnHMy437Hzpb','e655d8d929dd8b44ca36c9692731c9c723fbe81ec1c63395db0cafbafcb09376','paid',NULL,'2026-01-27 06:21:57','2026-01-27 06:23:10'),(18,1,7,18,99.00,'INR','razorpay','2026-01-27','2026-01-27','expired',0,'pay_S8noZUUUSd3nBO','order_S8noMfKZXWvrG3','pay_S8noZUUUSd3nBO','3b842bef8a82a6f614bc85df17fa37d632c43a7a64b5bd8caf3c603f0afce612','paid',NULL,'2026-01-27 06:23:10','2026-01-27 06:24:05');
/*!40000 ALTER TABLE `user_subscriptions` ENABLE KEYS */;
UNLOCK TABLES;

--
-- Table structure for table `users`
--

DROP TABLE IF EXISTS `users`;
/*!40101 SET @saved_cs_client     = @@character_set_client */;
/*!50503 SET character_set_client = utf8mb4 */;
CREATE TABLE `users` (
  `id` bigint unsigned NOT NULL AUTO_INCREMENT,
  `bsmr_id` varchar(30) COLLATE utf8mb4_unicode_ci DEFAULT NULL,
  `name` varchar(255) COLLATE utf8mb4_unicode_ci DEFAULT NULL,
  `email` varchar(255) COLLATE utf8mb4_unicode_ci DEFAULT NULL,
  `email_verified_at` timestamp NULL DEFAULT NULL,
  `password` varchar(255) COLLATE utf8mb4_unicode_ci NOT NULL,
  `phone` varchar(255) COLLATE utf8mb4_unicode_ci NOT NULL,
  `remember_token` varchar(100) COLLATE utf8mb4_unicode_ci DEFAULT NULL,
  `created_at` timestamp NULL DEFAULT NULL,
  `updated_at` timestamp NULL DEFAULT NULL,
  `address` varchar(255) COLLATE utf8mb4_unicode_ci DEFAULT NULL,
  `city` varchar(255) COLLATE utf8mb4_unicode_ci DEFAULT NULL,
  `state` varchar(255) COLLATE utf8mb4_unicode_ci DEFAULT NULL,
  `pincode` varchar(255) COLLATE utf8mb4_unicode_ci DEFAULT NULL,
  `country` varchar(255) COLLATE utf8mb4_unicode_ci DEFAULT NULL,
  `role_id` bigint unsigned DEFAULT NULL,
  `image` varchar(255) COLLATE utf8mb4_unicode_ci DEFAULT NULL,
  `bio` text COLLATE utf8mb4_unicode_ci,
  `language_preference` varchar(255) COLLATE utf8mb4_unicode_ci DEFAULT NULL,
  `dob` date DEFAULT NULL,
  `gender` enum('male','female','other') COLLATE utf8mb4_unicode_ci DEFAULT NULL,
  `marital_status` enum('single','married','divorced','widowed','other') COLLATE utf8mb4_unicode_ci DEFAULT NULL,
  `blood_group` varchar(255) COLLATE utf8mb4_unicode_ci DEFAULT NULL,
  `adhar_card` varchar(255) COLLATE utf8mb4_unicode_ci DEFAULT NULL,
  `adhar_card_name` varchar(255) COLLATE utf8mb4_unicode_ci DEFAULT NULL,
  `pan_card` varchar(255) COLLATE utf8mb4_unicode_ci DEFAULT NULL,
  `pan_card_name` varchar(255) COLLATE utf8mb4_unicode_ci DEFAULT NULL,
  `business_name` varchar(255) COLLATE utf8mb4_unicode_ci DEFAULT NULL,
  `business_type` varchar(255) COLLATE utf8mb4_unicode_ci DEFAULT NULL,
  `business_document` varchar(255) COLLATE utf8mb4_unicode_ci DEFAULT NULL,
  `education_institute` varchar(255) COLLATE utf8mb4_unicode_ci DEFAULT NULL,
  `education_degree` varchar(255) COLLATE utf8mb4_unicode_ci DEFAULT NULL,
  `education_document` varchar(255) COLLATE utf8mb4_unicode_ci DEFAULT NULL,
  `website` varchar(255) COLLATE utf8mb4_unicode_ci DEFAULT NULL,
  `linkedin` varchar(255) COLLATE utf8mb4_unicode_ci DEFAULT NULL,
  `twitter` varchar(255) COLLATE utf8mb4_unicode_ci DEFAULT NULL,
  `facebook` varchar(255) COLLATE utf8mb4_unicode_ci DEFAULT NULL,
  `social_links` longtext CHARACTER SET utf8mb4 COLLATE utf8mb4_bin,
  `hobbies` text COLLATE utf8mb4_unicode_ci,
  `skills` text COLLATE utf8mb4_unicode_ci,
  `emergency_contact_name` varchar(255) COLLATE utf8mb4_unicode_ci DEFAULT NULL,
  `emergency_contact_phone` varchar(255) COLLATE utf8mb4_unicode_ci DEFAULT NULL,
  PRIMARY KEY (`id`),
  UNIQUE KEY `users_phone_unique` (`phone`),
  UNIQUE KEY `users_email_unique` (`email`),
  UNIQUE KEY `users_bsmr_id_unique` (`bsmr_id`),
  CONSTRAINT `users_chk_1` CHECK (json_valid(`social_links`))
) ENGINE=InnoDB AUTO_INCREMENT=36 DEFAULT CHARSET=utf8mb4 COLLATE=utf8mb4_unicode_ci;
/*!40101 SET character_set_client = @saved_cs_client */;

--
-- Dumping data for table `users`
--

LOCK TABLES `users` WRITE;
/*!40000 ALTER TABLE `users` DISABLE KEYS */;
INSERT INTO `users` VALUES (1,'20251205-01','admin','admin@example.com',NULL,'$2y$12$gz2weCbbTRXvHE5t4JbRq.8RepK3lyhkZJGXfYWqgCdddOtX8zDTq','9752008368','11w9JtrFipMun4RYHijkxgvw8lgPPjeYRph0wh6ifyED29xGoCMZHj84124F','2025-12-05 00:29:30','2026-01-28 09:08:54',NULL,'Indore',NULL,'462044',NULL,NULL,NULL,NULL,NULL,'2000-02-01',NULL,NULL,NULL,NULL,NULL,NULL,NULL,NULL,NULL,NULL,NULL,NULL,NULL,NULL,NULL,NULL,NULL,NULL,NULL,NULL,NULL,NULL),(2,'20251205-02','User John','john@example.com',NULL,'$2y$12$gz2weCbbTRXvHE5t4JbRq.8RepK3lyhkZJGXfYWqgCdddOtX8zDTq','1234567890',NULL,'2025-12-05 01:28:27','2026-01-28 09:08:54',NULL,'New York',NULL,NULL,NULL,NULL,NULL,NULL,NULL,NULL,NULL,NULL,NULL,NULL,NULL,NULL,NULL,NULL,NULL,NULL,NULL,NULL,NULL,NULL,NULL,NULL,NULL,NULL,NULL,NULL,NULL,NULL),(3,'20251205-03','User_8366',NULL,NULL,'$2y$12$yBh0LLr4J9rgXqU00QGhFeb049PVxjyhttq0VUYkvMedGIhqoSZgu','9752008366',NULL,'2025-12-05 02:40:34','2026-01-28 09:08:54',NULL,NULL,NULL,NULL,NULL,NULL,NULL,NULL,NULL,NULL,NULL,NULL,NULL,NULL,NULL,NULL,NULL,NULL,NULL,NULL,NULL,NULL,NULL,NULL,NULL,NULL,NULL,NULL,NULL,NULL,NULL,NULL),(17,'20251205-04','sharad','bhaisaniyasharad@gmail.com',NULL,'$2y$12$Ks06QQ5Gmgona8mas2BFP.znhqTyd54o1vS/yUPTK66IG35e5m9Ia','9286970155','QQveBAYs4DNyo5LVwQExs8Z5T6IZPTgdfmxK9W6x6e8ffPo7DFqKyTsSWbtu','2025-12-05 04:39:45','2026-01-28 09:08:54',NULL,NULL,NULL,NULL,'India',NULL,NULL,NULL,NULL,'2025-12-02','male','single','O+',NULL,NULL,NULL,NULL,NULL,NULL,NULL,NULL,NULL,NULL,NULL,NULL,NULL,NULL,NULL,NULL,NULL,NULL,NULL),(21,'20251206-05','Md Raza','raza@gmail.com',NULL,'$2y$12$f.F7q/zfZSC2HxNGn9C1NeAolnyfYB6QOA5savJ51cJ69g3ZWrihC','6268632584',NULL,'2025-12-06 01:43:29','2026-01-28 09:14:56',NULL,NULL,NULL,NULL,'India',NULL,NULL,NULL,NULL,NULL,NULL,NULL,NULL,NULL,NULL,NULL,NULL,NULL,NULL,NULL,NULL,NULL,NULL,NULL,NULL,NULL,NULL,NULL,NULL,NULL,NULL,NULL),(24,'20251212-06','Rahul','rahul@gmail.com',NULL,'$2y$12$3Zf3pxx1Qfpmz.3Mw7/ZlOQ94/w833q1MiHTQWjGq7np1HWbUSKqG','9174358790',NULL,'2025-12-12 02:00:02','2026-01-28 09:14:56',NULL,NULL,NULL,NULL,NULL,NULL,NULL,NULL,NULL,'2003-02-26',NULL,NULL,NULL,NULL,NULL,NULL,NULL,NULL,NULL,NULL,NULL,NULL,NULL,NULL,NULL,NULL,NULL,NULL,NULL,NULL,NULL,NULL),(25,'20251212-07','manager','abc@example.com',NULL,'$2y$12$vuFOr09n/3vja1eNypUEm.ES9S9wKEtvLlrCLkJ5YdZ4f3HhWvCeK','9752008369',NULL,'2025-12-12 06:49:10','2026-01-28 09:14:56',NULL,NULL,NULL,NULL,NULL,NULL,NULL,NULL,NULL,'2025-02-26',NULL,NULL,NULL,NULL,NULL,NULL,NULL,NULL,NULL,NULL,NULL,NULL,NULL,NULL,NULL,NULL,NULL,NULL,NULL,NULL,NULL,NULL),(26,'20251215-08','nnnn','nn@gmail.com',NULL,'$2y$12$tVcnJniE4UcBp6jkAY7AQeSO/ZGf6rh.iImGW1AdGFqj7AjNNIsxa','9752745428',NULL,'2025-12-15 23:03:44','2026-01-28 09:14:56',NULL,NULL,NULL,NULL,NULL,NULL,NULL,NULL,NULL,NULL,NULL,NULL,NULL,NULL,NULL,NULL,NULL,NULL,NULL,NULL,NULL,NULL,NULL,NULL,NULL,NULL,NULL,NULL,NULL,NULL,NULL,NULL),(27,'20251216-09','Test User','test@gmail.com',NULL,'$2y$12$k01gMtFV4DNDGWmDOlGWa.mHVhbjqI29hQOQHDyLyM5uqvfdJ8H3W','9286972250',NULL,'2025-12-16 04:37:36','2026-01-28 09:14:56',NULL,NULL,NULL,NULL,NULL,NULL,NULL,NULL,NULL,NULL,NULL,NULL,NULL,NULL,NULL,NULL,NULL,NULL,NULL,NULL,NULL,NULL,NULL,NULL,NULL,NULL,NULL,NULL,NULL,NULL,NULL,NULL),(28,'20260103-10','faize','faize@gmail.com',NULL,'$2y$12$frzX5Brp7TZSw5bbeVAKHeEhIwRJffrzjYDHW78JfI0DrlQfTYY4q','9589664572',NULL,'2026-01-03 09:13:47','2026-01-28 09:14:56',NULL,NULL,NULL,NULL,NULL,NULL,NULL,NULL,NULL,'2002-01-29',NULL,NULL,NULL,NULL,NULL,NULL,NULL,NULL,NULL,NULL,NULL,NULL,NULL,NULL,NULL,NULL,NULL,NULL,NULL,NULL,NULL,NULL),(29,'20260109-11','saket kuamr','saketkumar@gmail.com',NULL,'$2y$12$LlIPADZgHHru8by6gWQ8fuxo6ftG1HrtaOvo32I31mIGsoxB6cIB2','8989898985',NULL,'2026-01-09 15:42:00','2026-01-28 09:14:56',NULL,NULL,NULL,NULL,NULL,NULL,NULL,NULL,NULL,'2014-02-02',NULL,NULL,NULL,NULL,NULL,NULL,NULL,NULL,NULL,NULL,NULL,NULL,NULL,NULL,NULL,NULL,NULL,NULL,NULL,NULL,NULL,NULL),(31,'20260119-12','AMIT KUMAR','amit.amitsahu55555@gmail.com',NULL,'$2y$12$wV7M1u.ob2NHozG24h21BOUFtVRmCqy2xMr39EPds4n1B.6BByDZ6','9286952525',NULL,'2026-01-19 16:59:09','2026-01-28 09:14:56',NULL,NULL,NULL,NULL,NULL,NULL,NULL,NULL,NULL,NULL,NULL,NULL,NULL,NULL,NULL,NULL,NULL,NULL,NULL,NULL,NULL,NULL,NULL,NULL,NULL,NULL,NULL,NULL,NULL,NULL,NULL,NULL),(32,'20260120-13','Bhupendra Dhote','bhudhote998@gmail.com',NULL,'$2y$12$wTEwT5o.T4S6/au23TKnWO55wwHegyOgmYDoSUP6e5KQRw3kGSpQu','8109010648',NULL,'2026-01-20 08:03:01','2026-01-28 09:14:56',NULL,NULL,NULL,NULL,NULL,NULL,NULL,NULL,NULL,'2000-01-01',NULL,NULL,NULL,NULL,NULL,NULL,NULL,NULL,NULL,NULL,NULL,NULL,NULL,NULL,NULL,NULL,NULL,NULL,NULL,NULL,NULL,NULL),(33,'20260121-14','saket','saket@gmail.com',NULL,'$2y$12$W7ogvFnqvousZQEHmnBE0Ok/LX.XYfwt6GJzPalmkXuln8uXvJeH2','9286970122',NULL,'2026-01-21 13:59:08','2026-01-28 09:14:56',NULL,NULL,NULL,NULL,NULL,NULL,NULL,NULL,NULL,NULL,NULL,NULL,NULL,NULL,NULL,NULL,NULL,NULL,NULL,NULL,NULL,NULL,NULL,NULL,NULL,NULL,NULL,NULL,NULL,NULL,NULL,NULL),(34,'20260122-15','Employee 1','employe@gmail.com',NULL,'$2y$12$.UtgpyzgGNmc9CH87/RgJOrFU6GEI3WhZIdFTDOwaK4z6WJ4hJnUS','9787878787',NULL,'2026-01-22 12:58:36','2026-01-28 09:14:56',NULL,NULL,NULL,NULL,NULL,NULL,NULL,NULL,NULL,NULL,NULL,NULL,NULL,NULL,NULL,NULL,NULL,NULL,NULL,NULL,NULL,NULL,NULL,NULL,NULL,NULL,NULL,NULL,NULL,NULL,NULL,NULL),(35,'20260126-16','Amit kumar','amita.amitsahu@gmail.com',NULL,'$2y$12$3zeSzzvF6aI/GgxLEA4DjeYOD083x3xozIUKJHm.kO/Ms1KSQo7sC','9286970120',NULL,'2026-01-26 16:58:04','2026-01-28 09:14:56',NULL,NULL,NULL,NULL,NULL,NULL,NULL,NULL,NULL,NULL,NULL,NULL,NULL,NULL,NULL,NULL,NULL,NULL,NULL,NULL,NULL,NULL,NULL,NULL,NULL,NULL,NULL,NULL,NULL,NULL,NULL,NULL);
/*!40000 ALTER TABLE `users` ENABLE KEYS */;
UNLOCK TABLES;

--
-- Table structure for table `watchlist_scripts`
--

DROP TABLE IF EXISTS `watchlist_scripts`;
/*!40101 SET @saved_cs_client     = @@character_set_client */;
/*!50503 SET character_set_client = utf8mb4 */;
CREATE TABLE `watchlist_scripts` (
  `id` bigint unsigned NOT NULL AUTO_INCREMENT,
  `watchlist_id` bigint unsigned NOT NULL,
  `symbol` varchar(255) COLLATE utf8mb4_unicode_ci NOT NULL,
  `trading_symbol` varchar(255) COLLATE utf8mb4_unicode_ci DEFAULT NULL,
  `token` varchar(255) COLLATE utf8mb4_unicode_ci DEFAULT NULL,
  `exchange` varchar(255) COLLATE utf8mb4_unicode_ci NOT NULL DEFAULT 'NSE',
  `ltp` decimal(15,2) NOT NULL DEFAULT '0.00',
  `net_change` decimal(15,2) NOT NULL DEFAULT '0.00',
  `percent_change` decimal(8,2) NOT NULL DEFAULT '0.00',
  `is_positive` tinyint(1) NOT NULL DEFAULT '1',
  `created_at` timestamp NULL DEFAULT NULL,
  `updated_at` timestamp NULL DEFAULT NULL,
  PRIMARY KEY (`id`),
  UNIQUE KEY `watchlist_scripts_watchlist_id_symbol_unique` (`watchlist_id`,`symbol`),
  CONSTRAINT `watchlist_scripts_watchlist_id_foreign` FOREIGN KEY (`watchlist_id`) REFERENCES `watchlists` (`id`) ON DELETE CASCADE
) ENGINE=InnoDB AUTO_INCREMENT=14 DEFAULT CHARSET=utf8mb4 COLLATE=utf8mb4_unicode_ci;
/*!40101 SET character_set_client = @saved_cs_client */;

--
-- Dumping data for table `watchlist_scripts`
--

LOCK TABLES `watchlist_scripts` WRITE;
/*!40000 ALTER TABLE `watchlist_scripts` DISABLE KEYS */;
INSERT INTO `watchlist_scripts` VALUES (12,1,'TATAINVEST','TATAINVEST','1621','NSE',622.90,7.70,1.25,1,'2026-01-29 09:09:55','2026-01-30 10:01:07'),(13,1,'NIFTY 50','Nifty 50','99926000','NSE',25320.65,-98.25,-0.39,0,'2026-01-29 09:22:11','2026-01-30 10:01:04');
/*!40000 ALTER TABLE `watchlist_scripts` ENABLE KEYS */;
UNLOCK TABLES;

--
-- Table structure for table `watchlists`
--

DROP TABLE IF EXISTS `watchlists`;
/*!40101 SET @saved_cs_client     = @@character_set_client */;
/*!50503 SET character_set_client = utf8mb4 */;
CREATE TABLE `watchlists` (
  `id` bigint unsigned NOT NULL AUTO_INCREMENT,
  `user_id` bigint unsigned NOT NULL,
  `name` varchar(255) COLLATE utf8mb4_unicode_ci NOT NULL,
  `created_at` timestamp NULL DEFAULT NULL,
  `updated_at` timestamp NULL DEFAULT NULL,
  PRIMARY KEY (`id`),
  KEY `watchlists_user_id_foreign` (`user_id`),
  CONSTRAINT `watchlists_user_id_foreign` FOREIGN KEY (`user_id`) REFERENCES `users` (`id`) ON DELETE CASCADE
) ENGINE=InnoDB AUTO_INCREMENT=3 DEFAULT CHARSET=utf8mb4 COLLATE=utf8mb4_unicode_ci;
/*!40101 SET character_set_client = @saved_cs_client */;

--
-- Dumping data for table `watchlists`
--

LOCK TABLES `watchlists` WRITE;
/*!40000 ALTER TABLE `watchlists` DISABLE KEYS */;
INSERT INTO `watchlists` VALUES (1,1,'test','2026-01-29 05:43:03','2026-01-29 05:43:03'),(2,1,'port','2026-01-29 06:06:33','2026-01-29 06:06:33');
/*!40000 ALTER TABLE `watchlists` ENABLE KEYS */;
UNLOCK TABLES;

--
-- Table structure for table `why_choose_sections`
--

DROP TABLE IF EXISTS `why_choose_sections`;
/*!40101 SET @saved_cs_client     = @@character_set_client */;
/*!50503 SET character_set_client = utf8mb4 */;
CREATE TABLE `why_choose_sections` (
  `id` bigint unsigned NOT NULL AUTO_INCREMENT,
  `title` varchar(255) COLLATE utf8mb4_unicode_ci DEFAULT NULL,
  `badge` varchar(255) COLLATE utf8mb4_unicode_ci DEFAULT NULL,
  `heading` varchar(255) COLLATE utf8mb4_unicode_ci DEFAULT NULL,
  `description` text COLLATE utf8mb4_unicode_ci,
  `sort_order` int NOT NULL DEFAULT '0',
  `is_active` tinyint(1) NOT NULL DEFAULT '1',
  `created_at` timestamp NULL DEFAULT NULL,
  `updated_at` timestamp NULL DEFAULT NULL,
  PRIMARY KEY (`id`)
) ENGINE=InnoDB AUTO_INCREMENT=3 DEFAULT CHARSET=utf8mb4 COLLATE=utf8mb4_unicode_ci;
/*!40101 SET character_set_client = @saved_cs_client */;

--
-- Dumping data for table `why_choose_sections`
--

LOCK TABLES `why_choose_sections` WRITE;
/*!40000 ALTER TABLE `why_choose_sections` DISABLE KEYS */;
INSERT INTO `why_choose_sections` VALUES (1,'Why Choose Us','Why Choose Us','Trusted by Investors,','SEBI compliant, data driven research,\r\n✅ SEBI Registered: Research you can trust (Reg No: INH000023728).\r\n\r\n✅ Risk-Defined Calls: Every tip comes with a clear Stop Loss & Target.\r\n\r\n✅ Real-Time Support: Instant assistance via WhatsApp/Dashboard.',0,1,'2025-12-13 07:16:08','2026-01-17 17:35:59'),(2,'bsmr','bsmr','new section','nkalfjdslfjslflfklsfj',0,0,'2026-01-15 15:05:01','2026-01-17 17:35:59');
/*!40000 ALTER TABLE `why_choose_sections` ENABLE KEYS */;
UNLOCK TABLES;
/*!40103 SET TIME_ZONE=@OLD_TIME_ZONE */;

/*!40101 SET SQL_MODE=@OLD_SQL_MODE */;
/*!40014 SET FOREIGN_KEY_CHECKS=@OLD_FOREIGN_KEY_CHECKS */;
/*!40014 SET UNIQUE_CHECKS=@OLD_UNIQUE_CHECKS */;
/*!40101 SET CHARACTER_SET_CLIENT=@OLD_CHARACTER_SET_CLIENT */;
/*!40101 SET CHARACTER_SET_RESULTS=@OLD_CHARACTER_SET_RESULTS */;
/*!40101 SET COLLATION_CONNECTION=@OLD_COLLATION_CONNECTION */;
/*!40111 SET SQL_NOTES=@OLD_SQL_NOTES */;

-- Dump completed on 2026-01-30 10:50:08
